Timestamp,Milliseconds,X,Y,Z
2020-01-09 12:00:40,3,0.9906311,5.7690887,8.044662
2020-01-09 12:00:40,101,0.8566284,5.0488586,8.099701
2020-01-09 12:00:41,201,1.4644012,4.5391846,9.245865
2020-01-09 12:00:41,302,1.6917267,5.0727844,7.5804596
2020-01-09 12:00:41,401,1.4811554,5.3407745,8.0327
2020-01-09 12:00:41,502,2.4693909,6.06102,8.1427765
2020-01-09 12:00:41,602,1.7348022,7.135391,7.5684967
2020-01-09 12:00:41,701,2.691925,4.9818573,6.999008
2020-01-09 12:00:41,801,1.2059784,3.9433746,8.293518
2020-01-09 12:00:41,902,2.5387878,1.1964111,9.970886
2020-01-09 12:00:41,1001,-0.06460571,3.7902374,9.372681
2020-01-09 12:00:41,1101,0.107681274,5.1804657,9.334396
2020-01-09 12:00:42,1201,0.5934143,4.6660004,9.260223
2020-01-09 12:00:42,1301,0.6699829,3.1298065,7.635498
2020-01-09 12:00:42,1402,1.3974152,3.7926178,7.8269196
2020-01-09 12:00:42,1502,0.5383911,1.6797638,6.592224
2020-01-09 12:00:42,1601,0.275177,1.7419739,9.59761
2020-01-09 12:00:42,1702,-1.5816498,2.0769653,8.003998
2020-01-09 12:00:42,1801,4.113266,2.251648,8.252853
2020-01-09 12:00:42,1903,-5.6685944,-8.219345,19.652252
2020-01-09 12:00:42,2002,-1.7132568,-6.3625183,8.394028
2020-01-09 12:00:42,2102,-1.9429779,-2.9288177,5.7021027
2020-01-09 12:00:43,2201,-4.6731873,-0.9140625,9.652649
2020-01-09 12:00:43,2302,-4.589432,-1.2059784,9.360718
2020-01-09 12:00:43,2402,-2.9192505,-5.5872345,11.15773
2020-01-09 12:00:43,2501,-2.8259277,-3.2949219,8.293518
2020-01-09 12:00:43,2602,-2.5124664,-1.6630096,8.640488
2020-01-09 12:00:43,2701,-1.3375854,-1.3208313,9.119049
2020-01-09 12:00:43,2801,0.22013855,-1.2849426,9.707687
2020-01-09 12:00:43,2901,-1.6295166,-2.5172424,11.344376
2020-01-09 12:00:43,3001,-1.9046936,-3.0795593,10.837097
2020-01-09 12:00:43,3102,-2.1990051,-2.1918182,9.67897
2020-01-09 12:00:44,3201,-1.9094696,-0.8661957,9.3703
2020-01-09 12:00:44,3302,-2.7996063,0.45224,9.659821
2020-01-09 12:00:44,3401,-2.531601,1.1820526,9.035294
2020-01-09 12:00:44,3501,-3.1058807,1.6701965,8.482559
2020-01-09 12:00:44,3601,-4.0175476,1.4644012,9.190826
2020-01-09 12:00:44,3702,-4.3836517,2.3569336,7.092331
2020-01-09 12:00:44,3801,-4.3908234,1.2394867,9.982849
2020-01-09 12:00:44,3902,-6.4127655,1.4309082,10.571487
2020-01-09 12:00:44,4001,-5.6279144,0.45224,8.884552
2020-01-09 12:00:44,4102,-4.1108704,-0.9834442,9.841675
2020-01-09 12:00:45,4201,-3.0628204,0.830307,8.549561
2020-01-09 12:00:45,4301,-3.0604248,1.1940155,9.3511505
2020-01-09 12:00:45,4402,-4.266403,2.0650024,10.509277
2020-01-09 12:00:45,4501,-3.9888306,1.7132568,10.394424
2020-01-09 12:00:45,4602,-2.5100708,2.5866394,8.578262
2020-01-09 12:00:45,4701,-3.2350922,2.864212,8.913269
2020-01-09 12:00:45,4803,-3.1680908,4.1826477,6.970291
2020-01-09 12:00:45,4901,-3.2446747,4.8694,7.910675
2020-01-09 12:00:45,5002,-3.3020935,4.754532,8.097305
2020-01-09 12:00:45,5103,-3.012558,4.902893,8.420349
2020-01-09 12:00:46,5201,-3.5988007,2.9216309,9.387039
2020-01-09 12:00:46,5302,-5.584854,1.9549408,8.879761
2020-01-09 12:00:46,5401,-6.1830597,2.325821,7.2191467
2020-01-09 12:00:46,5502,-5.7595215,3.1011047,6.0562286
2020-01-09 12:00:46,5602,-4.689926,2.6321106,6.9655
2020-01-09 12:00:46,5701,-4.3166504,1.1006927,9.609573
2020-01-09 12:00:46,5801,-3.9266205,-0.3254242,9.152542
2020-01-09 12:00:46,5901,-5.6351013,-4.1898346,9.875183
2020-01-09 12:00:46,6002,-2.6081696,-5.6111755,8.915665
2020-01-09 12:00:46,6101,-4.730606,-1.036087,7.10907
2020-01-09 12:00:47,6201,-6.754944,-0.49291992,6.3266296
2020-01-09 12:00:47,6302,-5.441284,-2.8330994,2.4693909
2020-01-09 12:00:47,6402,-5.8384857,-9.887146,0.43310547
2020-01-09 12:00:47,6501,-12.545563,-17.946167,0.9451599
2020-01-09 12:00:47,6601,-11.102692,-9.379868,3.5653076
2020-01-09 12:00:47,6702,-7.0612183,-7.034897,1.8903351
2020-01-09 12:00:47,6801,-7.228714,-8.011169,1.8664093
2020-01-09 12:00:47,6902,-8.118851,-7.9585266,3.8620148
2020-01-09 12:00:47,7002,-12.5312195,-7.566101,1.4285126
2020-01-09 12:00:47,7101,-12.67717,-10.662415,-2.4335022
2020-01-09 12:00:48,7201,-6.5970154,-9.375076,-1.4165497
2020-01-09 12:00:48,7302,-5.89592,-7.010971,-0.6771698
2020-01-09 12:00:48,7401,-4.3836517,-8.307877,0.39242554
2020-01-09 12:00:48,7503,-6.381653,-9.353546,-1.134201
2020-01-09 12:00:48,7601,-7.647461,-8.0686035,-0.79441833
2020-01-09 12:00:48,7701,-9.533005,-7.7527466,-3.4743805
2020-01-09 12:00:48,7802,-8.305481,-6.61615,-0.67477417
2020-01-09 12:00:48,7901,-8.776871,-7.401001,1.8879395
2020-01-09 12:00:48,8001,-9.322433,-7.412964,1.8592224
2020-01-09 12:00:48,8102,-10.791626,-8.300705,2.0410767
2020-01-09 12:00:49,8201,-8.604584,-11.047668,0.55513
2020-01-09 12:00:49,8301,-6.742981,-8.985046,1.4859467
2020-01-09 12:00:49,8402,-3.6107635,-9.040085,0.90448
2020-01-09 12:00:49,8501,-4.9292145,-8.819946,1.1629181
2020-01-09 12:00:49,8601,-5.728424,-11.088333,0.117248535
2020-01-09 12:00:49,8701,-7.824524,-5.596817,-2.7708893
2020-01-09 12:00:49,8802,-7.5804596,-6.6711884,-3.7495575
2020-01-09 12:00:49,8901,-7.178467,-6.9918213,-1.9692993
2020-01-09 12:00:49,9001,-9.607178,-5.3982086,-1.9118652
2020-01-09 12:00:49,9102,-10.19104,-5.934204,1.2681885
2020-01-09 12:00:50,9201,-9.114258,-9.71965,2.1750793
2020-01-09 12:00:50,9301,-9.131012,-11.85405,0.9882355
2020-01-09 12:00:50,9401,-6.6711884,-9.485153,2.096115
2020-01-09 12:00:50,9501,-3.8285217,-10.013962,0.46899414
2020-01-09 12:00:50,9602,-3.625122,-9.839294,0.36849976
2020-01-09 12:00:50,9701,-3.2996979,-10.291534,-1.586441
2020-01-09 12:00:50,9801,-7.1234283,-6.972687,-4.886139
2020-01-09 12:00:50,9901,-8.7960205,-7.5756836,-5.7547455
2020-01-09 12:00:50,10001,-7.6091766,-7.176071,-0.5024872
2020-01-09 12:00:50,10101,-7.3244324,-7.2263184,0.7393799
2020-01-09 12:00:51,10202,-8.611771,-7.697708,1.660614
2020-01-09 12:00:51,10301,-11.016556,-8.738586,1.6486511
2020-01-09 12:00:51,10401,-8.384445,-8.829514,-0.6963043
2020-01-09 12:00:51,10501,-6.948761,-9.913467,1.351944
2020-01-09 12:00:51,10601,-3.4815521,-8.504089,-1.2849426
2020-01-09 12:00:51,10702,-4.5009003,-7.5350037,-0.92362976
2020-01-09 12:00:51,10801,-3.534195,-8.784058,-0.088531494
2020-01-09 12:00:51,10902,-4.651642,-8.882156,-0.23928833
2020-01-09 12:00:51,11001,-9.463608,-8.140381,-2.5842438
2020-01-09 12:00:51,11101,-6.6376953,-6.8650055,1.134201
2020-01-09 12:00:52,11202,-5.9413757,-7.1593323,0.72024536
2020-01-09 12:00:52,11301,-7.3124695,-7.310074,1.0887299
2020-01-09 12:00:52,11401,-10.112076,-8.762512,-0.22253418
2020-01-09 12:00:52,11501,-9.609573,-6.448654,0.6628113
2020-01-09 12:00:52,11602,-8.310272,-8.886948,-0.45224
2020-01-09 12:00:52,11701,-4.3740845,-7.8221436,-0.04547119
2020-01-09 12:00:52,11801,-3.8237305,-7.6498566,0.112457275
2020-01-09 12:00:52,11901,-4.7401886,-9.044876,0.59103394
2020-01-09 12:00:52,12002,-6.0012054,-9.796219,-2.4311066
2020-01-09 12:00:52,12101,-6.7333984,-7.549362,-2.3928223
2020-01-09 12:00:53,12201,-6.3625183,-6.7046967,-1.1892395
2020-01-09 12:00:53,12301,-6.1040955,-7.1210327,-0.5240326
2020-01-09 12:00:53,12402,-7.6498566,-7.1569366,0.37327576
2020-01-09 12:00:53,12502,-10.88974,-7.932205,-0.48095703
2020-01-09 12:00:53,12601,-9.181259,-8.822342,0.0
2020-01-09 12:00:53,12701,-5.7379913,-8.841476,0.07417297
2020-01-09 12:00:53,12801,-5.3647156,-7.8963165,1.8113708
2020-01-09 12:00:53,12902,-5.0081787,-7.9657135,1.3567352
2020-01-09 12:00:53,13001,-5.01297,-9.135803,2.1391907
2020-01-09 12:00:53,13102,-5.161316,-10.731812,0.9786682
2020-01-09 12:00:54,13201,-5.584854,-5.54895,-0.447464
2020-01-09 12:00:54,13301,-7.216751,-7.9489594,-6.2572327
2020-01-09 12:00:54,13401,-6.7740784,-7.085144,-2.0482635
2020-01-09 12:00:54,13502,-5.6063843,-6.731003,0.8039856
2020-01-09 12:00:54,13601,-5.6039886,-7.8508453,0.45942688
2020-01-09 12:00:54,13702,-7.905884,-9.6957245,0.7393799
2020-01-09 12:00:54,13806,-8.901306,-6.4582214,1.483551
2020-01-09 12:00:54,13902,-7.166504,-9.174088,-0.68434143
2020-01-09 12:00:54,14001,-4.1204376,-7.757538,-0.26081848
2020-01-09 12:00:54,14101,-3.883545,-6.8769684,-0.91166687
2020-01-09 12:00:55,14202,-4.2927246,-9.549759,0.17706299
2020-01-09 12:00:55,14301,-6.3505554,-12.447464,-1.7706909
2020-01-09 12:00:55,14401,-9.111862,-5.883957,-0.5694885
2020-01-09 12:00:55,14501,-5.297714,-7.2933197,1.138977
2020-01-09 12:00:55,14602,-4.790436,-6.798004,0.8494568
2020-01-09 12:00:55,14701,-7.5397797,-6.419937,0.79441833
2020-01-09 12:00:55,14801,-9.224335,-6.714264,0.100494385
2020-01-09 12:00:55,14902,-9.86322,-9.267395,1.5409851
2020-01-09 12:00:55,15001,-7.446457,-7.290924,-0.31106567
2020-01-09 12:00:55,15102,-6.1902313,-6.7046967,0.46420288
2020-01-09 12:00:56,15204,-5.6805573,-7.733597,0.61016846
2020-01-09 12:00:56,15301,-6.312271,-9.731613,1.8257294
2020-01-09 12:00:56,15402,-5.69252,-10.269989,-0.21774292
2020-01-09 12:00:56,15501,-5.4843445,-6.1997986,-1.976471
2020-01-09 12:00:56,15601,-7.549362,-5.9198456,-4.93161
2020-01-09 12:00:56,15702,-6.0586243,-6.7046967,-0.54556274
2020-01-09 12:00:56,15801,-7.9465637,-7.022934,0.5144501
2020-01-09 12:00:56,15901,-9.394226,-7.2837524,0.7537384
2020-01-09 12:00:56,16001,-11.057236,-8.580658,1.6510468
2020-01-09 12:00:56,16101,-8.362915,-7.8221436,0.04307556
2020-01-09 12:00:57,16202,-7.286148,-7.903488,1.2107697
2020-01-09 12:00:57,16301,-4.93161,-8.910873,0.40438843
2020-01-09 12:00:57,16401,-4.096512,-9.133408,0.4665985
2020-01-09 12:00:57,16501,-4.5009003,-7.762314,-0.8877411
2020-01-09 12:00:57,16602,-6.398407,-6.776474,-1.4739838
2020-01-09 12:00:57,16701,-9.061615,-5.95813,-5.30011
2020-01-09 12:00:57,16801,-5.551346,-6.47258,-0.13400269
2020-01-09 12:00:57,16902,-6.003586,-7.405792,0.29431152
2020-01-09 12:00:57,17001,-8.169098,-8.405991,0.45224
2020-01-09 12:00:57,17101,-12.10289,-9.066406,1.6175537
2020-01-09 12:00:58,17201,-8.925232,-7.2957153,0.32302856
2020-01-09 12:00:58,17301,-8.334198,-9.724426,0.5742798
2020-01-09 12:00:58,17402,-4.307083,-8.925232,0.7346039
2020-01-09 12:00:58,17501,-4.421936,-6.1615143,1.655838
2020-01-09 12:00:58,17601,-4.9052887,-7.027725,0.48095703
2020-01-09 12:00:58,17702,-9.269791,-6.4031982,-1.1365967
2020-01-09 12:00:58,17801,-11.9808655,-5.8408813,-1.3878326
2020-01-09 12:00:58,17901,-8.906082,-5.206787,-2.141571
2020-01-09 12:00:58,18002,-6.0873413,-5.0512543,0.062210083
2020-01-09 12:00:58,18101,-6.6065826,-6.2524414,-1.1940155
2020-01-09 12:00:59,18201,-8.571091,-5.4795685,-1.179657
2020-01-09 12:00:59,18302,-7.274185,-3.974472,-5.07518
2020-01-09 12:00:59,18401,-8.480164,-8.673981,-4.244873
2020-01-09 12:00:59,18501,-9.119049,-12.507278,-0.19381714
2020-01-09 12:00:59,18602,-5.5417786,-5.379059,2.1990051
2020-01-09 12:00:59,18702,-5.749954,-4.0869446,0.06460571
2020-01-09 12:00:59,18801,-6.867401,-7.1688995,-0.5240326
2020-01-09 12:00:59,18901,-7.350754,-6.867401,-1.6127625
2020-01-09 12:00:59,19001,-10.0785675,-9.205185,-3.0293121
2020-01-09 12:00:59,19102,-10.999802,-8.049454,1.8975067
2020-01-09 12:01:00,19201,-6.0442657,-5.83609,-0.35891724
2020-01-09 12:01:00,19301,-3.390625,-6.2691956,-0.34695435
2020-01-09 12:01:00,19401,-5.30249,-8.133209,1.4069824
2020-01-09 12:01:00,19502,-11.004593,-7.4990997,1.3471527
2020-01-09 12:01:00,19601,-13.660629,-5.544174,1.002594
2020-01-09 12:01:00,19701,-9.296112,-8.360519,-2.170288
2020-01-09 12:01:00,19802,-6.032303,-8.090134,-0.3397827
2020-01-09 12:01:00,19901,-3.9481506,-7.647461,-0.35891724
2020-01-09 12:01:00,20002,-4.0007935,-8.164307,0.25602722
2020-01-09 12:01:00,20102,-6.283554,-10.095322,-0.32781982
2020-01-09 12:01:01,20202,-9.343979,-7.8963165,0.023925781
2020-01-09 12:01:01,20301,-7.381851,-6.5060883,-1.1820526
2020-01-09 12:01:01,20402,-5.5082703,-6.8817596,1.7802582
2020-01-09 12:01:01,20501,-6.278763,-7.4440765,1.8975067
2020-01-09 12:01:01,20601,-7.6091766,-7.511078,1.6701965
2020-01-09 12:01:01,20702,-11.284546,-8.807983,1.1437683
2020-01-09 12:01:01,20801,-11.643478,-8.717056,-0.24645996
2020-01-09 12:01:01,20903,-7.298111,-9.559326,-0.6006012
2020-01-09 12:01:01,21002,-4.3358,-7.245468,-1.208374
2020-01-09 12:01:01,21101,-3.562912,-6.4247284,0.122039795
2020-01-09 12:01:02,21201,-4.515259,-7.5397797,-0.112457275
2020-01-09 12:01:02,21301,-7.8771667,-11.23909,0.5120697
2020-01-09 12:01:02,21402,-10.504486,-7.1593323,-1.7874451
2020-01-09 12:01:02,21501,-5.4101715,-6.960724,0.4737854
2020-01-09 12:01:02,21602,-5.659027,-6.151947,-0.18185425
2020-01-09 12:01:02,21701,-7.0468597,-7.097107,0.88534546
2020-01-09 12:01:02,21801,-10.341782,-8.061417,-0.30389404
2020-01-09 12:01:02,21902,-9.7986145,-7.147354,0.37806702
2020-01-09 12:01:02,22001,-8.4179535,-8.968292,-1.2466583
2020-01-09 12:01:02,22101,-6.352951,-8.604584,-0.41635132
2020-01-09 12:01:03,22202,-3.9457703,-7.791031,-0.43310547
2020-01-09 12:01:03,22301,-3.661026,-7.709671,-1.179657
2020-01-09 12:01:03,22401,-4.462616,-9.669403,-1.2945099
2020-01-09 12:01:03,22502,-7.527817,-8.673981,-1.8448639
2020-01-09 12:01:03,22601,-9.588043,-7.561325,-0.71784973
2020-01-09 12:01:03,22702,-7.858032,-6.9750824,-0.279953
2020-01-09 12:01:03,22801,-6.5371857,-6.69751,-0.5359955
2020-01-09 12:01:03,22902,-6.726227,-6.6376953,-0.1603241
2020-01-09 12:01:03,23001,-7.6378937,-6.817154,-0.7010956
2020-01-09 12:01:03,23102,-8.511276,-8.8701935,-0.28474426
2020-01-09 12:01:04,23201,-8.386841,-8.042282,-0.45703125
2020-01-09 12:01:04,23301,-8.327026,-9.109482,-0.37327576
2020-01-09 12:01:04,23401,-5.4053802,-8.226532,0.100494385
2020-01-09 12:01:04,23501,-5.0560303,-7.056427,-0.39720154
2020-01-09 12:01:04,23602,-5.991623,-6.6927185,-0.4139557
2020-01-09 12:01:04,23701,-5.9126587,-6.9678955,-0.72024536
2020-01-09 12:01:04,23801,-6.723831,-8.571091,-1.2993011
2020-01-09 12:01:04,23902,-8.73381,-7.326828,0.8566284
2020-01-09 12:01:04,24001,-9.604797,-6.3912354,0.55513
2020-01-09 12:01:04,24102,-7.8101807,-6.45105,1.6199341
2020-01-09 12:01:05,24201,-8.425125,-6.283554,-0.46180725
2020-01-09 12:01:05,24302,-8.116455,-7.276581,-1.5337982
2020-01-09 12:01:05,24401,-6.6472626,-7.410568,-1.935791
2020-01-09 12:01:05,24501,-5.826523,-7.802994,-1.3016968
2020-01-09 12:01:05,24602,-6.381653,-7.503891,-1.7180481
2020-01-09 12:01:05,24701,-5.970093,-7.101898,-1.9094696
2020-01-09 12:01:05,24801,-5.8863373,-7.4680023,-1.2921295
2020-01-09 12:01:05,24902,-6.8817596,-7.4273224,-0.8374939
2020-01-09 12:01:05,25001,-7.3220367,-7.389038,-0.51924133
2020-01-09 12:01:05,25101,-7.738388,-7.166504,0.34695435
2020-01-09 12:01:06,25202,-7.972885,-6.460617,0.033493042
2020-01-09 12:01:06,25301,-7.9944153,-6.45105,-0.7417755
2020-01-09 12:01:06,25402,-7.755142,-7.0157623,-1.5194397
2020-01-09 12:01:06,25501,-6.948761,-7.4033966,-1.5385895
2020-01-09 12:01:06,25601,-6.312271,-7.2957153,-1.8424683
2020-01-09 12:01:06,25702,-5.8624115,-6.8937225,-1.6510468
2020-01-09 12:01:06,25801,-6.644867,-6.6089783,-2.177475
2020-01-09 12:01:06,25901,-7.750351,-7.350754,-2.4669952
2020-01-09 12:01:06,26001,-6.3720856,-7.716858,-3.7256317
2020-01-09 12:01:06,26102,-5.046463,-6.7046967,-3.8237305
2020-01-09 12:01:07,26202,-5.60878,-6.9846497,-1.2155609
2020-01-09 12:01:07,26301,-7.032501,-7.010971,0.44506836
2020-01-09 12:01:07,26402,-8.819946,-6.795624,1.0241241
2020-01-09 12:01:07,26501,-9.437286,-8.566299,1.557724
2020-01-09 12:01:07,26602,-6.7046967,-5.9892426,3.0771637
2020-01-09 12:01:07,26701,-7.092331,-5.883957,0.7346039
2020-01-09 12:01:07,26801,-6.826721,-7.5134583,1.6103668
2020-01-09 12:01:07,26902,-7.101898,-5.883957,-0.83987427
2020-01-09 12:01:07,27002,-8.965912,-6.36969,-2.7493591
2020-01-09 12:01:07,27102,-9.377472,-7.716858,-1.1365967
2020-01-09 12:01:08,27201,-7.00618,-6.4654083,2.7804565
2020-01-09 12:01:08,27301,-5.017746,-7.697708,-2.1439667
2020-01-09 12:01:08,27402,-2.560318,-7.4081726,-0.8446655
2020-01-09 12:01:08,27501,-4.845459,-6.4366913,-2.3641052
2020-01-09 12:01:08,27601,-6.5778656,-8.685944,-0.94755554
2020-01-09 12:01:08,27702,-10.119247,-8.456238,-0.3134613
2020-01-09 12:01:08,27801,-11.660233,-4.618149,2.416748
2020-01-09 12:01:08,27901,-8.930008,-8.487335,0.25602722
2020-01-09 12:01:08,28002,-6.496521,-8.226532,-0.34457397
2020-01-09 12:01:08,28101,-4.094116,-8.640488,-0.45942688
2020-01-09 12:01:09,28202,-5.7308044,-9.956543,-1.6199341
2020-01-09 12:01:09,28301,-4.8382874,-11.337189,0.45942688
2020-01-09 12:01:09,28402,-5.333603,-7.482361,-1.8089752
2020-01-09 12:01:09,28501,-5.2905273,-7.0947266,-5.2139587
2020-01-09 12:01:09,28602,-5.64946,-7.7934265,-0.73220825
2020-01-09 12:01:09,28701,-6.8362885,-8.738586,0.34934998
2020-01-09 12:01:09,28801,-8.413162,-8.0327,0.16270447
2020-01-09 12:01:09,28901,-10.272385,-7.8747864,1.1437683
2020-01-09 12:01:09,29002,-8.410767,-8.700302,-0.74894714
2020-01-09 12:01:09,29101,-7.3220367,-9.355942,0.8063812
2020-01-09 12:01:10,29202,-5.0512543,-10.198212,-0.44506836
2020-01-09 12:01:10,29301,-3.6107635,-9.92543,-0.28234863
2020-01-09 12:01:10,29401,-3.282959,-9.583252,-1.3926239
2020-01-09 12:01:10,29501,-6.8410797,-7.5086823,-1.421341
2020-01-09 12:01:10,29603,-8.8989105,-7.635498,-2.1583252
2020-01-09 12:01:10,29702,-7.3579254,-7.1856537,0.55274963
2020-01-09 12:01:10,29802,-7.7742767,-6.757324,1.1246338
2020-01-09 12:01:10,29901,-8.961121,-7.073181,0.9308014
2020-01-09 12:01:10,30001,-10.4231415,-8.501694,1.5936127
2020-01-09 12:01:10,30102,-7.3866425,-9.265015,0.6149597
2020-01-09 12:01:11,30201,-5.6279144,-8.482559,2.5962067
2020-01-09 12:01:11,30301,-3.6969147,-8.056641,-0.62213135
2020-01-09 12:01:11,30401,-5.326416,-9.250656,2.8378906
2020-01-09 12:01:11,30501,-5.613556,-10.1527405,0.49771118
2020-01-09 12:01:11,30602,-7.759918,-7.401001,-2.5866394
2020-01-09 12:01:11,30701,-5.819351,-6.2357025,-2.3042908
2020-01-09 12:01:11,30802,-7.0372925,-8.123627,-0.19381714
2020-01-09 12:01:11,30901,-9.336792,-7.453644,0.33738708
2020-01-09 12:01:11,31001,-8.0686035,-6.551544,0.7848511
2020-01-09 12:01:11,31101,-9.087936,-11.373093,0.8614197
2020-01-09 12:01:12,31202,-9.961319,-7.623535,2.079361
2020-01-09 12:01:12,31301,-6.754944,-7.199997,2.6775665
2020-01-09 12:01:12,31401,-3.7208405,-7.824524,1.385437
2020-01-09 12:01:12,31501,-3.6466675,-8.465805,1.5457611
2020-01-09 12:01:12,31602,-4.6540375,-8.394028,3.0604248
2020-01-09 12:01:12,31702,-6.3553314,-8.805588,0.2033844
2020-01-09 12:01:12,31801,-6.3146667,-9.253052,-1.0839539
2020-01-09 12:01:12,31903,-7.491928,-8.669189,-1.9046936
2020-01-09 12:01:12,32001,-6.8697968,-6.752548,-2.108078
2020-01-09 12:01:12,32102,-4.3358,-7.389038,-0.086135864
2020-01-09 12:01:13,32202,-4.615753,-8.181061,0.8542328
2020-01-09 12:01:13,32301,-6.32901,-8.724228,0.114852905
2020-01-09 12:01:13,32401,-9.128616,-8.353348,1.1102753
2020-01-09 12:01:13,32501,-8.542374,-9.030518,-0.88534546
2020-01-09 12:01:13,32602,-5.8791656,-9.382263,1.8568268
2020-01-09 12:01:13,32701,-3.431305,-8.721832,0.31106567
2020-01-09 12:01:13,32802,-2.761322,-8.099701,-0.59820557
2020-01-09 12:01:13,32902,-4.9507446,-10.057037,-1.414154
2020-01-09 12:01:13,33001,-8.135605,-8.331802,1.1437683
2020-01-09 12:01:13,33101,-7.2191467,-7.8747864,1.4763641
2020-01-09 12:01:14,33202,-4.4769745,-6.8817596,1.134201
2020-01-09 12:01:14,33301,-4.7569275,-7.7862396,1.8831482
2020-01-09 12:01:14,33401,-6.2357025,-8.451447,2.5292206
2020-01-09 12:01:14,33504,-11.294128,-10.650452,2.0602264
2020-01-09 12:01:14,33601,-11.006989,-7.779068,2.4023895
2020-01-09 12:01:14,33701,-6.5276184,-9.250656,-1.0935211
2020-01-09 12:01:14,33802,-4.692322,-8.042282,0.8374939
2020-01-09 12:01:14,33901,-3.8022003,-8.432312,-0.50727844
2020-01-09 12:01:14,34001,-4.8095703,-10.614563,1.2993011
2020-01-09 12:01:14,34102,-6.5060883,-8.023132,1.3280182
2020-01-09 12:01:15,34201,-7.056427,-7.5134583,-1.7371826
2020-01-09 12:01:15,34301,-5.48674,-6.793228,0.45224
2020-01-09 12:01:15,34402,-5.8863373,-7.9250336,0.93559265
2020-01-09 12:01:15,34503,-7.044464,-8.647659,0.9762726
2020-01-09 12:01:15,34602,-10.545166,-8.398804,1.2873383
2020-01-09 12:01:15,34702,-8.583054,-7.8149567,-1.0097656
2020-01-09 12:01:15,34801,-6.1902313,-8.793625,1.4237366
2020-01-09 12:01:15,34902,-4.4315033,-8.585449,1.146164
2020-01-09 12:01:15,35001,-4.5607147,-9.212372,1.0121613
2020-01-09 12:01:15,35102,-5.4101715,-10.58345,1.1844482
2020-01-09 12:01:16,35202,-6.312271,-6.8195496,-0.83509827
2020-01-09 12:01:16,35301,-6.305084,-7.104294,-2.7756805
2020-01-09 12:01:16,35401,-6.422333,-7.1066895,-1.9812622
2020-01-09 12:01:16,35501,-7.7455597,-8.063812,-0.34217834
2020-01-09 12:01:16,35602,-8.791229,-7.235901,0.059814453
2020-01-09 12:01:16,35701,-9.509079,-8.214554,1.8807526
2020-01-09 12:01:16,35801,-6.707077,-8.312668,0.44267273
2020-01-09 12:01:16,35902,-6.886551,-8.678772,2.0243225
2020-01-09 12:01:16,36001,-5.5920258,-9.253052,1.3447723
2020-01-09 12:01:16,36102,-4.6707916,-9.327225,2.0171509
2020-01-09 12:01:17,36201,-5.551346,-10.636093,-0.5024872
2020-01-09 12:01:17,36301,-5.517853,-5.6685944,-2.7852478
2020-01-09 12:01:17,36402,-7.9489594,-7.6115723,-5.860016
2020-01-09 12:01:17,36501,-7.5134583,-7.800598,-0.8446655
2020-01-09 12:01:17,36601,-8.214554,-6.5970154,-0.011962891
2020-01-09 12:01:17,36701,-8.628525,-7.171295,0.20817566
2020-01-09 12:01:17,36801,-9.348755,-9.439682,0.8111725
2020-01-09 12:01:17,36901,-7.4321136,-7.728821,0.29193115
2020-01-09 12:01:17,37001,-6.422333,-8.874985,1.6414795
2020-01-09 12:01:17,37101,-4.989029,-8.413162,1.3615112
2020-01-09 12:01:18,37201,-4.249649,-8.705093,1.9549408
2020-01-09 12:01:18,37301,-4.067795,-9.219543,1.6127625
2020-01-09 12:01:18,37402,-5.9557343,-10.124039,-2.6823578
2020-01-09 12:01:18,37501,-8.049454,-7.0037994,-3.723236
2020-01-09 12:01:18,37601,-7.795822,-6.467804,-5.922241
2020-01-09 12:01:18,37701,-5.52742,-7.0205383,0.122039795
2020-01-09 12:01:18,37802,-5.0440674,-6.994217,-0.0023956299
2020-01-09 12:01:18,37901,-6.0969086,-8.427521,0.36610413
2020-01-09 12:01:18,38001,-9.9756775,-9.209976,0.1268158
2020-01-09 12:01:18,38102,-8.372482,-6.798004,-1.8783722
2020-01-09 12:01:19,38201,-7.951355,-7.716858,0.15553284
2020-01-09 12:01:19,38301,-5.996414,-8.707489,0.110076904
2020-01-09 12:01:19,38401,-4.9794617,-9.171692,0.9260254
2020-01-09 12:01:19,38502,-3.632309,-8.389236,-0.36849976
2020-01-09 12:01:19,38601,-4.627716,-8.470596,-1.7132568
2020-01-09 12:01:19,38702,-7.968094,-7.956131,-4.2185516
2020-01-09 12:01:19,38801,-6.972687,-7.2263184,-2.3736877
2020-01-09 12:01:19,38901,-5.986847,-7.1234283,-0.39242554
2020-01-09 12:01:19,39001,-5.5537415,-7.2622223,-0.2632141
2020-01-09 12:01:19,39102,-8.480164,-9.379868,0.38523865
2020-01-09 12:01:20,39201,-10.339386,-5.7667084,0.275177
2020-01-09 12:01:20,39302,-9.434906,-8.252853,-1.454834
2020-01-09 12:01:20,39401,-6.037094,-8.731415,-1.5696869
2020-01-09 12:01:20,39502,-4.067795,-8.525635,-0.095718384
2020-01-09 12:01:20,39601,-4.268799,-8.638092,-0.8757782
2020-01-09 12:01:20,39701,-5.0895386,-9.140579,-2.3377838
2020-01-09 12:01:20,39802,-7.9992065,-6.305084,-2.5986023
2020-01-09 12:01:20,39901,-8.501694,-7.1617126,-2.4095764
2020-01-09 12:01:20,40002,-5.7595215,-6.7405853,0.035888672
2020-01-09 12:01:20,40102,-5.924637,-6.731003,0.5359955
2020-01-09 12:01:21,40201,-7.6402893,-7.903488,0.46420288
2020-01-09 12:01:21,40301,-9.88475,-8.752945,-0.6508484
2020-01-09 12:01:21,40401,-10.344177,-7.030121,-2.3904266
2020-01-09 12:01:21,40502,-8.743378,-9.408585,-2.7014923
2020-01-09 12:01:21,40601,-4.1898346,-8.224136,-0.38046265
2020-01-09 12:01:21,40701,-3.3834534,-6.9798584,-1.1246338
2020-01-09 12:01:21,40802,-3.390625,-8.350952,-0.51924133
2020-01-09 12:01:21,40901,-6.317047,-10.198212,-1.0815582
2020-01-09 12:01:21,41001,-10.124039,-7.922638,1.0384827
2020-01-09 12:01:21,41101,-6.4701996,-7.2837524,0.34217834
2020-01-09 12:01:22,41202,-5.065613,-6.415161,-0.25602722
2020-01-09 12:01:22,41301,-5.5010986,-7.606781,0.38523865
2020-01-09 12:01:22,41401,-8.645264,-7.613968,-0.71784973
2020-01-09 12:01:22,41504,-10.518845,-7.2933197,-1.5098724
2020-01-09 12:01:22,41602,-7.5134583,-5.6973114,-1.9525452
2020-01-09 12:01:22,41701,-7.975281,-9.389435,0.13160706
2020-01-09 12:01:22,41801,-6.5324097,-8.666809,0.42352295
2020-01-09 12:01:22,41902,-4.4697876,-8.465805,0.15074158
2020-01-09 12:01:22,42001,-4.0869446,-8.039886,-0.69392395
2020-01-09 12:01:22,42102,-4.9531403,-9.564117,-2.2994995
2020-01-09 12:01:23,42201,-6.9966125,-7.738388,-1.7348022
2020-01-09 12:01:23,42301,-9.276978,-7.453644,-0.9068756
2020-01-09 12:01:23,42402,-7.630707,-6.8889313,0.19381714
2020-01-09 12:01:23,42501,-6.209381,-7.2646027,-0.5647125
2020-01-09 12:01:23,42601,-7.1401825,-7.204788,-1.8185425
2020-01-09 12:01:23,42702,-7.9250336,-6.695114,-2.4741821
2020-01-09 12:01:23,42801,-6.5946198,-7.5062866,-0.5479584
2020-01-09 12:01:23,42901,-5.95813,-8.618942,-0.81355286
2020-01-09 12:01:23,43001,-5.1637115,-8.350952,-0.59103394
2020-01-09 12:01:23,43102,-5.0440674,-7.728821,-1.2538452
2020-01-09 12:01:24,43201,-6.197418,-7.4488525,-1.8544312
2020-01-09 12:01:24,43302,-6.9678955,-7.7431793,-1.3375854
2020-01-09 12:01:24,43401,-6.32901,-7.831711,-1.1724854
2020-01-09 12:01:24,43501,-5.3647156,-8.063812,-1.5409851
2020-01-09 12:01:24,43601,-5.601593,-7.3124695,-1.4667969
2020-01-09 12:01:24,43701,-6.1280212,-7.326828,-0.9140625
2020-01-09 12:01:24,43802,-7.2430725,-8.281555,-0.023925781
2020-01-09 12:01:24,43901,-7.269394,-7.9896393,-1.7252197
2020-01-09 12:01:24,44001,-6.30748,-7.3914337,-2.9862366
2020-01-09 12:01:24,44101,-5.522629,-7.487137,-1.146164
2020-01-09 12:01:25,44201,-5.52742,-7.235901,-0.059814453
2020-01-09 12:01:25,44302,-7.0492554,-10.344177,0.76330566
2020-01-09 12:01:25,44401,-5.5824585,-6.9272156,3.8572235
2020-01-09 12:01:25,44501,-7.104294,-6.6783752,1.1365967
2020-01-09 12:01:25,44601,-7.5972137,-7.5469666,1.0241241
2020-01-09 12:01:25,44702,-9.238693,-6.1997986,-1.4428711
2020-01-09 12:01:25,44801,-9.346359,-6.757324,-5.371887
2020-01-09 12:01:25,44902,-6.2165527,-8.819946,0.16749573
2020-01-09 12:01:25,45002,-6.65683,-6.55394,0.114852905
2020-01-09 12:01:25,45101,-8.585449,-7.0037994,-0.8446655
2020-01-09 12:01:26,45201,-5.4628143,-9.456436,0.32063293
2020-01-09 12:01:26,45302,-2.6847534,-6.75972,-3.0652008
2020-01-09 12:01:26,45401,-5.4795685,-7.0157623,-3.2996979
2020-01-09 12:01:26,45501,-6.522827,-8.171494,-1.8376923
2020-01-09 12:01:26,45602,-9.332016,-10.018753,0.009567261
2020-01-09 12:01:26,45701,-11.150558,-4.9531403,1.7611237
2020-01-09 12:01:26,45801,-8.630905,-8.240875,-0.39242554
2020-01-09 12:01:26,45902,-6.6424713,-8.047058,1.0121613
2020-01-09 12:01:26,46001,-5.625519,-9.164505,0.8231354
2020-01-09 12:01:26,46101,-4.9411774,-10.279572,0.6125641
2020-01-09 12:01:27,46202,-5.058426,-10.52124,-0.52163696
2020-01-09 12:01:27,46301,-5.3934174,-6.364914,-1.2969055
2020-01-09 12:01:27,46401,-8.238495,-6.6592255,-6.55394
2020-01-09 12:01:27,46502,-6.896118,-6.604187,-1.931015
2020-01-09 12:01:27,46601,-6.563507,-6.891327,-1.4189453
2020-01-09 12:01:27,46701,-8.166702,-7.3005066,0.033493042
2020-01-09 12:01:27,46801,-10.389633,-8.035095,2.6321106
2020-01-09 12:01:27,46902,-9.207581,-7.314865,1.7084808
2020-01-09 12:01:27,47001,-7.922638,-9.363113,0.17228699
2020-01-09 12:01:27,47101,-5.4508514,-8.432312,-1.036087
2020-01-09 12:01:28,47202,-4.6372833,-6.582657,-2.3114624
2020-01-09 12:01:28,47301,-4.7234344,-6.821945,-1.5792694
2020-01-09 12:01:28,47401,-5.309677,-7.269394,-2.0027924
2020-01-09 12:01:28,47502,-7.5397797,-9.59761,0.33738708
2020-01-09 12:01:28,47601,-10.66481,-6.027527,-0.75613403
2020-01-09 12:01:28,47701,-6.135193,-6.7501526,0.6077728
2020-01-09 12:01:28,47801,-5.9318085,-6.072983,0.24885559
2020-01-09 12:01:28,47902,-7.3411865,-6.9224396,-0.4091797
2020-01-09 12:01:28,48002,-10.269989,-7.6043854,-1.7874451
2020-01-09 12:01:28,48101,-10.56192,-6.312271,0.5407715
2020-01-09 12:01:29,48202,-7.728821,-8.937195,-0.5383911
2020-01-09 12:01:29,48301,-6.18544,-8.066208,-0.5431671
2020-01-09 12:01:29,48401,-3.907486,-7.1114655,0.48335266
2020-01-09 12:01:29,48501,-4.3860474,-7.9704895,-0.58384705
2020-01-09 12:01:29,48602,-6.2691956,-9.308075,-1.7922211
2020-01-09 12:01:29,48701,-8.5208435,-6.1950226,-2.067398
2020-01-09 12:01:29,48801,-8.537598,-6.8315125,-2.1631165
2020-01-09 12:01:29,48901,-5.304886,-7.022934,0.9906311
2020-01-09 12:01:29,49002,-5.749954,-6.9918213,0.5168457
2020-01-09 12:01:29,49102,-7.25264,-7.247864,-0.090927124
2020-01-09 12:01:30,49201,-10.901703,-7.6857452,-0.7537384
2020-01-09 12:01:30,49301,-10.392029,-5.970093,0.43788147
2020-01-09 12:01:30,49402,-7.704895,-9.355942,0.04067993
2020-01-09 12:01:30,49501,-6.4319153,-8.781662,-0.4665985
2020-01-09 12:01:30,49601,-4.989029,-7.9944153,-0.8374939
2020-01-09 12:01:30,49702,-3.5772705,-7.630707,-0.41156006
2020-01-09 12:01:30,49801,-4.5631104,-8.877365,-1.414154
2020-01-09 12:01:30,49902,-6.7836456,-8.702698,-1.7324066
2020-01-09 12:01:30,50002,-8.743378,-6.6759796,-2.658432
2020-01-09 12:01:30,50101,-6.898514,-8.568695,1.138977
2020-01-09 12:01:31,50202,-6.661621,-6.5156555,0.44984436
2020-01-09 12:01:31,50301,-7.9992065,-7.1282196,0.85902405
2020-01-09 12:01:31,50401,-10.7030945,-7.085144,-1.277771
2020-01-09 12:01:31,50502,-7.8388824,-7.566101,-1.6701965
2020-01-09 12:01:31,50602,-5.89592,-8.276779,-1.1605225
2020-01-09 12:01:31,50701,-4.5798645,-9.511475,-0.0047912598
2020-01-09 12:01:31,50801,-3.838089,-6.8434753,0.27278137
2020-01-09 12:01:31,50902,-4.094116,-7.566101,-1.902298
2020-01-09 12:01:31,51001,-6.443878,-9.793823,-1.0241241
2020-01-09 12:01:31,51101,-7.4081726,-6.5324097,-0.64367676
2020-01-09 12:01:32,51202,-7.5756836,-7.281357,0.5001068
2020-01-09 12:01:32,51302,-7.1114655,-5.974884,0.8877411
2020-01-09 12:01:32,51401,-8.559128,-9.650253,0.34695435
2020-01-09 12:01:32,51502,-7.6163483,-6.845871,-2.7278137
2020-01-09 12:01:32,51601,-6.3146667,-5.848053,-1.6701965
2020-01-09 12:01:32,51701,-6.2644043,-8.082962,0.2416687
2020-01-09 12:01:32,51802,-5.9605255,-7.154541,0.021530151
2020-01-09 12:01:32,51901,-5.618347,-8.396408,-0.31106567
2020-01-09 12:01:32,52002,-6.1375885,-7.2023926,-0.8614197
2020-01-09 12:01:32,52101,-6.5563354,-6.9463654,-0.17228699
2020-01-09 12:01:33,52202,-6.8362885,-7.286148,-0.7393799
2020-01-09 12:01:33,52302,-7.1808624,-8.099701,-0.45703125
2020-01-09 12:01:33,52401,-7.0707855,-8.185852,-0.25125122
2020-01-09 12:01:33,52501,-5.991623,-7.8843536,-1.6486511
2020-01-09 12:01:33,52602,-4.965103,-7.618744,-1.7276154
2020-01-09 12:01:33,52701,-4.8143616,-7.9489594,-0.44267273
2020-01-09 12:01:33,52802,-5.3312073,-8.123627,0.36849976
2020-01-09 12:01:33,52902,-7.2382812,-8.776871,0.83270264
2020-01-09 12:01:33,53001,-8.941986,-7.326828,0.9020996
2020-01-09 12:01:33,53101,-8.740982,-6.5348053,-2.3282166
2020-01-09 12:01:34,53202,-8.798416,-5.268997,-2.045868
2020-01-09 12:01:34,53301,-8.054245,-6.278763,-0.75852966
2020-01-09 12:01:34,53401,-7.216751,-7.25264,-0.30389404
2020-01-09 12:01:34,53503,-8.233704,-6.9511566,-1.7036896
2020-01-09 12:01:34,53601,-7.680954,-7.7766724,-2.5794678
2020-01-09 12:01:34,53702,-6.029907,-8.027924,-4.2305145
2020-01-09 12:01:34,53801,-4.125229,-6.7836456,-2.7924194
2020-01-09 12:01:34,53901,-4.9172516,-7.434494,-1.5744781
2020-01-09 12:01:34,54002,-6.5156555,-8.444275,0.24885559
2020-01-09 12:01:34,54101,-7.8436737,-7.7862396,1.9549408
2020-01-09 12:01:35,54202,-10.128815,-8.860626,1.1844482
2020-01-09 12:01:35,54301,-7.384247,-7.6163483,1.627121
2020-01-09 12:01:35,54401,-6.135193,-6.2404785,-0.102890015
2020-01-09 12:01:35,54502,-6.9152527,-7.893921,0.6149597
2020-01-09 12:01:35,54601,-8.104492,-7.7407837,-0.9762726
2020-01-09 12:01:35,54701,-8.549561,-7.0468597,-4.7353973
2020-01-09 12:01:35,54802,-7.901108,-7.1186523,-2.3473663
2020-01-09 12:01:35,54901,-6.4342957,-8.070984,0.028717041
2020-01-09 12:01:35,55001,-4.6995087,-7.3363953,-0.42114258
2020-01-09 12:01:35,55102,-3.6466675,-5.93898,-2.0626068
2020-01-09 12:01:36,55201,-5.448456,-6.5276184,-1.3902283
2020-01-09 12:01:36,55302,-8.695511,-7.310074,-1.9262238
2020-01-09 12:01:36,55401,-10.813171,-9.982849,0.24645996
2020-01-09 12:01:36,55501,-9.894318,-4.220932,0.97387695
2020-01-09 12:01:36,55602,-7.7144623,-7.8675995,-0.24406433
2020-01-09 12:01:36,55701,-6.467804,-7.881958,-0.124420166
2020-01-09 12:01:36,55802,-5.4508514,-6.857834,-1.5433655
2020-01-09 12:01:36,55901,-6.2069855,-6.994217,-2.3114624
2020-01-09 12:01:36,56002,-6.0634155,-7.00618,-1.7658997
2020-01-09 12:01:36,56101,-6.9918213,-8.061417,-0.89730835
2020-01-09 12:01:37,56202,-7.652252,-6.6257324,-0.77049255
2020-01-09 12:01:37,56302,-5.5322113,-7.298111,-0.04547119
2020-01-09 12:01:37,56401,-6.419937,-5.9892426,-0.5120697
2020-01-09 12:01:37,56501,-7.216751,-6.3194427,-1.0169525
2020-01-09 12:01:37,56602,-8.767303,-7.257431,-1.8951111
2020-01-09 12:01:37,56701,-9.564117,-9.269791,-0.7657013
2020-01-09 12:01:37,56801,-7.4392853,-6.0155487,-0.5407715
2020-01-09 12:01:37,56902,-6.7453613,-8.994614,0.5168457
2020-01-09 12:01:37,57001,-5.103897,-7.097107,-0.7513428
2020-01-09 12:01:37,57101,-5.0823517,-6.666397,-1.0911255
2020-01-09 12:01:38,57202,-5.7643127,-7.5804596,-1.2634125
2020-01-09 12:01:38,57301,-7.1641083,-9.78186,-2.5005035
2020-01-09 12:01:38,57401,-9.363113,-5.5944214,0.15074158
2020-01-09 12:01:38,57502,-6.089737,-6.8315125,1.2514496
2020-01-09 12:01:38,57601,-5.5417786,-6.0346985,-0.16749573
2020-01-09 12:01:38,57701,-6.7860413,-6.6927185,-0.23210144
2020-01-09 12:01:38,57801,-7.963318,-7.3052826,-1.4715881
2020-01-09 12:01:38,57902,-9.324829,-8.772095,-2.1846466
2020-01-09 12:01:38,58001,-8.669189,-6.0514526,0.61016846
2020-01-09 12:01:38,58102,-6.798004,-8.403595,-0.3397827
2020-01-09 12:01:39,58201,-5.2953186,-7.1497498,0.47138977
2020-01-09 12:01:39,58301,-5.017746,-6.6807556,-0.5120697
2020-01-09 12:01:39,58401,-5.6327057,-8.441879,-0.40438843
2020-01-09 12:01:39,58502,-6.8530426,-9.454041,-1.552948
2020-01-09 12:01:39,58601,-7.9202423,-5.924637,-1.1174469
2020-01-09 12:01:39,58701,-6.4989014,-6.9583282,-1.4859467
2020-01-09 12:01:39,58801,-5.1302185,-6.460617,-0.7154541
2020-01-09 12:01:39,58901,-6.5778656,-5.852844,-2.153534
2020-01-09 12:01:39,59002,-6.6783752,-6.924835,-1.2873383
2020-01-09 12:01:39,59101,-8.647659,-8.932404,-0.68434143
2020-01-09 12:01:40,59201,-9.138184,-6.8817596,0.59820557
2020-01-09 12:01:40,59301,-6.5682983,-9.133408,-0.275177
2020-01-09 12:01:40,59402,-5.560913,-7.630707,-0.15553284
2020-01-09 12:01:40,59501,-6.4295197,-6.685547,-1.0121613
2020-01-09 12:01:40,59602,-6.520447,-6.45105,-0.74417114
2020-01-09 12:01:40,59701,-5.8863373,-7.2598267,-0.8614197
2020-01-09 12:01:40,59802,-7.8101807,-7.8053894,-0.52163696
2020-01-09 12:01:40,59901,-7.9250336,-5.883957,-2.136795
2020-01-09 12:01:40,60002,-4.852646,-7.6546326,-0.5383911
2020-01-09 12:01:40,60104,-4.027115,-5.749954,-1.421341
2020-01-09 12:01:41,60201,-4.2017975,-7.4440765,-1.2131653
2020-01-09 12:01:41,60302,-9.166901,-8.717056,0.20100403
2020-01-09 12:01:41,60401,-11.368301,-8.970688,0.7848511
2020-01-09 12:01:41,60501,-8.578262,-7.080368,-0.8638153
2020-01-09 12:01:41,60602,-7.659424,-7.1282196,-0.7010956
2020-01-09 12:01:41,60701,-5.9605255,-8.425125,0.18664551
2020-01-09 12:01:41,60802,-5.8576355,-9.621536,0.5479584
2020-01-09 12:01:41,60901,-5.1637115,-9.786652,0.7920227
2020-01-09 12:01:41,61001,-6.300308,-6.838684,-1.9740753
2020-01-09 12:01:41,61101,-5.0081787,-7.7479553,-2.847458
2020-01-09 12:01:42,61202,-3.3403778,-8.267197,-6.673584
2020-01-09 12:01:42,61301,-7.523041,-8.468201,-1.1964111
2020-01-09 12:01:42,61401,-8.932404,-8.451447,1.0097656
2020-01-09 12:01:42,61502,-10.475784,-8.824738,2.6990967
2020-01-09 12:01:42,61601,-9.04248,-8.427521,0.15792847
2020-01-09 12:01:42,61701,-7.688141,-9.104691,-0.44506836
2020-01-09 12:01:42,61801,-5.4101715,-9.628723,-2.5914307
2020-01-09 12:01:42,61901,-3.8524475,-9.841675,-2.7302094
2020-01-09 12:01:42,62002,-2.5124664,-9.066406,0.13877869
2020-01-09 12:01:42,62101,-4.369293,-8.286346,-1.2610168
2020-01-09 12:01:43,62201,-4.7114716,-7.310074,0.4785614
2020-01-09 12:01:43,62301,-4.4291077,-9.078369,0.94755554
2020-01-09 12:01:43,62402,-5.67099,-10.207779,0.8877411
2020-01-09 12:01:43,62501,-8.913269,-7.9992065,0.74894714
2020-01-09 12:01:43,62601,-10.384857,-11.428116,-1.3375854
2020-01-09 12:01:43,62701,-10.045074,-11.272583,0.086135864
2020-01-09 12:01:43,62802,-5.831314,-14.225327,0.73220825
2020-01-09 12:01:43,62903,-2.8881378,-10.267609,0.7034912
2020-01-09 12:01:43,63001,-1.6797638,-8.334198,-0.7082825
2020-01-09 12:01:43,63101,-2.6081696,-6.9918213,-1.5696869
2020-01-09 12:01:44,63202,-5.2163544,-12.5336,-2.7493591
2020-01-09 12:01:44,63301,-10.509277,-9.774673,-1.1174469
2020-01-09 12:01:44,63401,-7.092331,-6.582657,-1.0911255
2020-01-09 12:01:44,63501,-7.606781,-7.3698883,1.146164
2020-01-09 12:01:44,63602,-8.614166,-6.5946198,1.3710938
2020-01-09 12:01:44,63701,-9.401398,-9.607178,1.1676941
2020-01-09 12:01:44,63803,-8.477768,-10.365707,0.1651001
2020-01-09 12:01:44,63901,-5.7595215,-8.702698,-0.41874695
2020-01-09 12:01:44,64001,-4.1395874,-8.145172,-1.3639069
2020-01-09 12:01:44,64102,-5.017746,-7.520645,-1.306488
2020-01-09 12:01:45,64201,-5.1302185,-7.269394,-0.42591858
2020-01-09 12:01:45,64301,-6.2237244,-8.070984,-0.112457275
2020-01-09 12:01:45,64401,-7.25264,-7.4321136,-0.70588684
2020-01-09 12:01:45,64503,-6.3936157,-6.7621155,-0.8566284
2020-01-09 12:01:45,64601,-6.04187,-6.563507,-1.3256226
2020-01-09 12:01:45,64702,-7.142578,-7.9178467,-0.7154541
2020-01-09 12:01:45,64801,-10.35614,-7.836487,-0.033493042
2020-01-09 12:01:45,64901,-9.860825,-7.2335052,0.8877411
2020-01-09 12:01:45,65002,-7.975281,-9.267395,-0.5742798
2020-01-09 12:01:45,65101,-7.0085754,-9.5282135,-0.7393799
2020-01-09 12:01:46,65201,-3.7040863,-8.3485565,-1.2012024
2020-01-09 12:01:46,65302,-3.4624176,-7.4368896,-2.153534
2020-01-09 12:01:46,65401,-4.689926,-6.900894,-0.55992126
2020-01-09 12:01:46,65501,-6.443878,-10.04747,0.39720154
2020-01-09 12:01:46,65602,-9.475586,-7.034897,-0.46420288
2020-01-09 12:01:46,65701,-6.089737,-7.3531494,0.6915283
2020-01-09 12:01:46,65801,-6.4989014,-6.5348053,-0.49771118
2020-01-09 12:01:46,65902,-6.4295197,-7.4081726,-0.35414124
2020-01-09 12:01:46,66001,-8.327026,-7.9609222,-1.3447723
2020-01-09 12:01:46,66101,-9.217148,-8.602203,-0.447464
2020-01-09 12:01:47,66201,-8.583054,-7.6211395,-0.8685913
2020-01-09 12:01:47,66302,-6.747757,-10.35614,0.61735535
2020-01-09 12:01:47,66402,-3.3666992,-8.504089,0.5120697
2020-01-09 12:01:47,66502,-2.2588196,-6.9918213,-1.5074768
2020-01-09 12:01:47,66601,-3.974472,-8.729019,-1.2466583
2020-01-09 12:01:47,66702,-6.8769684,-13.294525,-0.06700134
2020-01-09 12:01:47,66801,-9.951752,-7.360321,2.725418
2020-01-09 12:01:47,66901,-7.561325,-6.6640167,1.3902283
2020-01-09 12:01:47,67001,-3.3547363,-7.905884,1.0887299
2020-01-09 12:01:47,67101,-3.4815521,-8.114059,0.8877411
2020-01-09 12:01:48,67202,-6.0514526,-9.087936,0.071777344
2020-01-09 12:01:48,67301,-10.95195,-10.470993,-2.2492523
2020-01-09 12:01:48,67401,-7.348358,-7.664215,-1.5050812
2020-01-09 12:01:48,67501,-7.166504,-10.9328,1.2418823
2020-01-09 12:01:48,67601,-7.726425,-9.5354,1.2155609
2020-01-09 12:01:48,67702,-7.5637054,-6.8004,0.65802
2020-01-09 12:01:48,67801,-4.015152,-5.108673,-0.87338257
2020-01-09 12:01:48,67901,-3.493515,-6.886551,-0.83270264
2020-01-09 12:01:48,68001,-5.5010986,-10.375275,0.5862427
2020-01-09 12:01:48,68101,-8.616562,-12.468994,2.8618164
2020-01-09 12:01:49,68202,-7.659424,-9.044876,1.832901
2020-01-09 12:01:49,68301,-6.192627,-8.513657,1.5481567
2020-01-09 12:01:49,68401,-5.888733,-8.831909,2.926422
2020-01-09 12:01:49,68502,-10.341782,-9.705292,2.7493591
2020-01-09 12:01:49,68601,-9.942184,-5.024933,2.0913239
2020-01-09 12:01:49,68701,-11.394623,-9.640686,-0.91166687
2020-01-09 12:01:49,68801,-9.990036,-12.145966,0.2632141
2020-01-09 12:01:49,68902,-7.3220367,-9.47319,1.3184509
2020-01-09 12:01:49,69001,-8.121246,-5.704483,2.5435638
2020-01-09 12:01:49,69102,-5.0345,-3.6466675,4.2831573
2020-01-09 12:01:50,69201,-5.371887,-0.73220825,7.0707855
2020-01-09 12:01:50,69301,-4.197006,0.95474243,7.3363953
2020-01-09 12:01:50,69401,-4.371689,2.3234253,5.596817
2020-01-09 12:01:50,69502,-0.6795654,-0.14596558,4.1084747
2020-01-09 12:01:50,69601,-0.7776642,-1.8807526,5.852844
2020-01-09 12:01:50,69702,-2.7445679,-5.60878,10.487747
2020-01-09 12:01:50,69801,-2.2205353,-8.465805,10.791626
2020-01-09 12:01:50,69901,-2.8666077,-5.190033,11.519043
2020-01-09 12:01:50,70001,-1.9884338,-6.546768,8.166702
2020-01-09 12:01:50,70101,-2.177475,-7.7072754,5.819351
2020-01-09 12:01:51,70202,-1.2705841,-7.0827484,4.598999
2020-01-09 12:01:51,70301,-0.6963043,-7.5397797,5.7092743
2020-01-09 12:01:51,70401,-2.691925,-8.513657,8.726624
2020-01-09 12:01:51,70501,-4.4817505,-7.628311,8.791229
2020-01-09 12:01:51,70601,-0.75852966,-7.223938,8.7960205
2020-01-09 12:01:51,70702,-2.1894379,-8.616562,7.4201508
2020-01-09 12:01:51,70801,-0.48095703,-9.164505,6.3146667
2020-01-09 12:01:51,70901,0.43070984,-8.946762,5.1110687
2020-01-09 12:01:51,71001,-0.25842285,-8.408386,4.3286133
2020-01-09 12:01:51,71102,0.9882355,-8.630905,4.93161
2020-01-09 12:01:52,71201,-1.0983124,-7.4201508,6.994217
2020-01-09 12:01:52,71301,-1.3710938,-8.171494,7.1234283
2020-01-09 12:01:52,71402,-1.5026855,-6.47258,7.068405
2020-01-09 12:01:52,71501,-2.926422,-6.989441,8.724228
2020-01-09 12:01:52,71601,-1.7970123,-6.8410797,8.398804
2020-01-09 12:01:52,71702,-2.6129608,-9.200409,9.750748
2020-01-09 12:01:52,71801,-1.552948,-7.4153595,9.891922
2020-01-09 12:01:52,71901,-2.5507507,-8.779266,7.9609222
2020-01-09 12:01:52,72002,-1.5409851,-8.9730835,6.271591
2020-01-09 12:01:52,72101,-1.5984039,-6.948761,6.130417
2020-01-09 12:01:53,72202,-0.23449707,-4.6205444,5.9150543
2020-01-09 12:01:53,72301,0.13400269,-4.7760773,7.063614
2020-01-09 12:01:53,72401,-1.6319122,-8.441879,7.7455597
2020-01-09 12:01:53,72502,-3.677765,-9.18605,7.10907
2020-01-09 12:01:53,72602,-2.2181396,-7.10907,9.923035
2020-01-09 12:01:53,72701,-0.4905243,-6.551544,5.87677
2020-01-09 12:01:53,72802,-1.8376923,-6.22612,4.0917206
2020-01-09 12:01:53,72902,-2.5435638,-7.0420837,4.3549347
2020-01-09 12:01:53,73002,-3.1537476,-7.9250336,5.9150543
2020-01-09 12:01:53,73101,-2.9359894,-8.236099,8.020737
2020-01-09 12:01:54,73202,-3.287735,-7.8771667,10.19104
2020-01-09 12:01:54,73301,-0.55513,-4.204193,8.511276
2020-01-09 12:01:54,73401,-4.0079803,-9.607178,7.3005066
2020-01-09 12:01:54,73502,-2.4311066,-8.219345,4.240082
2020-01-09 12:01:54,73602,-1.0456696,-7.269394,4.3788605
2020-01-09 12:01:54,73701,0.21057129,-8.164307,4.82872
2020-01-09 12:01:54,73801,0.6269226,-10.030716,7.2622223
2020-01-09 12:01:54,73902,-3.2183533,-8.173889,8.4179535
2020-01-09 12:01:54,74001,-4.0366974,-6.896118,6.652054
2020-01-09 12:01:54,74101,-2.3306122,-7.2669983,4.165909
2020-01-09 12:01:55,74202,-3.081955,-6.541977,3.431305
2020-01-09 12:01:55,74301,-3.632309,-6.32901,7.824524
2020-01-09 12:01:55,74401,-3.0293121,-7.585251,9.722046
2020-01-09 12:01:55,74502,-4.618149,-6.2069855,10.511673
2020-01-09 12:01:55,74601,-1.529007,-7.446457,8.097305
2020-01-09 12:01:55,74702,-3.115448,-8.403595,4.9483643
2020-01-09 12:01:55,74801,-1.6390839,-7.0707855,5.079956
2020-01-09 12:01:55,74901,-1.6031952,-7.3172455,4.7449646
2020-01-09 12:01:55,75002,-1.6821594,-8.547165,4.7019043
2020-01-09 12:01:55,75101,-3.4815521,-8.982651,5.30249
2020-01-09 12:01:56,75201,-3.1011047,-6.604187,8.121246
2020-01-09 12:01:56,75302,-3.6897278,-7.4847565,6.7812653
2020-01-09 12:01:56,75401,-0.8901367,-6.467804,6.271591
2020-01-09 12:01:56,75501,-2.0147552,-6.8362885,7.379471
2020-01-09 12:01:56,75602,-2.979065,-7.6785736,7.4967194
2020-01-09 12:01:56,75702,-3.912262,-10.43988,8.465805
2020-01-09 12:01:56,75801,-2.7230377,-6.9224396,6.932007
2020-01-09 12:01:56,75901,-2.703888,-7.7072754,5.9772644
2020-01-09 12:01:56,76002,-2.5914307,-7.235901,5.252243
2020-01-09 12:01:56,76101,-2.6440735,-7.080368,4.7066803
2020-01-09 12:01:57,76201,-2.3282166,-8.918045,4.3286133
2020-01-09 12:01:57,76302,-0.8446655,-9.980469,6.6831512
2020-01-09 12:01:57,76401,-0.830307,-6.1017,8.705093
2020-01-09 12:01:57,76501,-2.4789581,-7.7407837,8.082962
2020-01-09 12:01:57,76602,-3.1633148,-7.0540466,5.0416718
2020-01-09 12:01:57,76701,-2.691925,-6.4319153,5.448456
2020-01-09 12:01:57,76802,-3.5988007,-7.051651,6.776474
2020-01-09 12:01:57,76901,-4.3334045,-9.324829,9.142975
2020-01-09 12:01:57,77001,-3.9242249,-7.841278,7.544571
2020-01-09 12:01:57,77102,-3.0388794,-8.915665,6.489334
2020-01-09 12:01:58,77201,-2.995819,-8.133209,5.852844
2020-01-09 12:01:58,77301,-3.7495575,-7.4081726,4.7114716
2020-01-09 12:01:58,77402,-3.974472,-7.5804596,4.996216
2020-01-09 12:01:58,77501,-3.2207336,-7.8508453,5.314453
2020-01-09 12:01:58,77601,-2.1870422,-8.336594,5.6446686
2020-01-09 12:01:58,77701,0.13877869,-6.111267,8.291138
2020-01-09 12:01:58,77802,-1.660614,-8.729019,7.0253296
2020-01-09 12:01:58,77901,-0.72502136,-6.427124,7.0181427
2020-01-09 12:01:58,78001,-1.0648041,-7.1449738,6.9463654
2020-01-09 12:01:58,78101,-3.3810577,-6.582657,7.628311
2020-01-09 12:01:59,78202,-4.290329,-9.020935,8.070984
2020-01-09 12:01:59,78301,-4.467407,-7.1521454,7.331604
2020-01-09 12:01:59,78401,-4.261612,-9.647858,6.4534454
2020-01-09 12:01:59,78502,-4.833496,-8.5950165,5.235489
2020-01-09 12:01:59,78601,-3.3547363,-8.322235,4.278366
2020-01-09 12:01:59,78701,-3.0747833,-7.2191467,5.304886
2020-01-09 12:01:59,78802,-2.3808594,-8.413162,4.9411774
2020-01-09 12:01:59,78901,-1.6941223,-8.042282,5.5824585
2020-01-09 12:01:59,79001,-1.0337067,-6.6137695,8.501694
2020-01-09 12:01:59,79102,-3.1609192,-7.6498566,9.269791
2020-01-09 12:02:00,79201,-1.3351898,-6.16391,7.759918
2020-01-09 12:02:00,79302,-1.9669037,-6.484543,7.4990997
2020-01-09 12:02:00,79411,-3.8644104,-7.068405,7.458435
2020-01-09 12:02:00,79501,-4.7114716,-8.468201,8.276779
2020-01-09 12:02:00,79601,-5.1876373,-5.005783,7.520645
2020-01-09 12:02:00,79701,-4.512863,-8.427521,7.085144
2020-01-09 12:02:00,79802,-3.9505463,-7.7647095,6.0562286
2020-01-09 12:02:00,79901,-3.247055,-7.245468,5.17807
2020-01-09 12:02:00,80001,-2.600998,-8.171494,5.6398773
2020-01-09 12:02:00,80102,-1.3710938,-9.458832,4.7976074
2020-01-09 12:02:01,80201,-1.0791626,-6.455841,6.867401
2020-01-09 12:02:01,80301,-1.861618,-7.647461,7.6785736
2020-01-09 12:02:01,80402,-2.4837494,-6.8410797,6.5970154
2020-01-09 12:02:01,80501,-2.3808594,-6.833908,7.4153595
2020-01-09 12:02:01,80601,-4.3453674,-7.2550354,8.855835
2020-01-09 12:02:01,80701,-5.8983154,-8.293518,9.958923
2020-01-09 12:02:01,80802,-4.6995087,-5.75235,7.819748
2020-01-09 12:02:01,80901,-3.8763733,-8.362915,8.405991
2020-01-09 12:02:01,81001,-3.5461578,-8.752945,6.3385925
2020-01-09 12:02:01,81102,-2.5363922,-7.905884,4.565506
2020-01-09 12:02:02,81203,-1.7060852,-7.9657135,4.261612
2020-01-09 12:02:02,81301,-1.7611237,-8.690735,4.6947174
2020-01-09 12:02:02,81401,-1.5936127,-7.898712,6.5443726
2020-01-09 12:02:02,81502,-2.050644,-7.951355,8.386841
2020-01-09 12:02:02,81601,-3.5820618,-7.3459625,7.274185
2020-01-09 12:02:02,81701,-3.1130676,-6.6807556,6.151947
2020-01-09 12:02:02,81802,-4.2592316,-7.2215424,6.192627
2020-01-09 12:02:02,81901,-4.5391846,-7.044464,8.853439
2020-01-09 12:02:02,82002,-4.6827545,-5.5010986,9.652649
2020-01-09 12:02:02,82101,-1.5720825,-8.219345,9.276978
2020-01-09 12:02:03,82201,-3.0317078,-8.676376,7.482361
2020-01-09 12:02:03,82302,-1.9716797,-7.5924225,5.30011
2020-01-09 12:02:03,82401,-1.7156525,-7.4967194,5.34317
2020-01-09 12:02:03,82504,-1.4237366,-7.8556366,4.862213
2020-01-09 12:02:03,82601,-2.868988,-8.353348,5.8863373
2020-01-09 12:02:03,82701,-2.148758,-7.5134583,8.307877
2020-01-09 12:02:03,82801,-3.4671936,-7.2215424,6.7214355
2020-01-09 12:02:03,82902,-2.9527435,-6.1447754,6.7836456
2020-01-09 12:02:03,83002,-4.1730804,-6.702301,7.1234283
2020-01-09 12:02:03,83102,-4.4362946,-5.89592,8.353348
2020-01-09 12:02:04,83201,-5.21875,-6.2691956,10.626526
2020-01-09 12:02:04,83301,-2.1607208,-7.7192535,9.63829
2020-01-09 12:02:04,83401,-3.6514435,-8.561523,8.6237335
2020-01-09 12:02:04,83502,-1.5146637,-8.341385,5.7355957
2020-01-09 12:02:04,83601,-0.8638153,-7.4153595,4.589432
2020-01-09 12:02:04,83701,-1.2131653,-7.8963165,4.3238373
2020-01-09 12:02:04,83801,-3.3260193,-9.355942,6.3672943
2020-01-09 12:02:04,83902,-4.216156,-7.5062866,8.906082
2020-01-09 12:02:04,84001,-4.845459,-6.6927185,7.030121
2020-01-09 12:02:04,84101,-4.0366974,-5.36232,6.4654083
2020-01-09 12:02:05,84201,-4.1802673,-5.831314,7.307678
2020-01-09 12:02:05,84301,-4.3908234,-6.3194427,9.221939
2020-01-09 12:02:05,84402,-2.8833466,-8.291138,10.485352
2020-01-09 12:02:05,84502,-2.3497467,-6.6376953,9.777069
2020-01-09 12:02:05,84601,-2.876175,-9.176468,8.149948
2020-01-09 12:02:05,84701,-2.177475,-7.7240295,5.333603
2020-01-09 12:02:05,84802,-1.6941223,-6.9104767,4.1778717
2020-01-09 12:02:05,84901,-1.0648041,-7.2837524,4.187439
2020-01-09 12:02:05,85001,-3.3930206,-9.023331,6.620941
2020-01-09 12:02:05,85102,-5.314453,-7.9082794,7.8460693
2020-01-09 12:02:06,85201,-3.8237305,-6.0562286,8.518448
2020-01-09 12:02:06,85303,-3.6897278,-6.2979126,5.1110687
2020-01-09 12:02:06,85402,-3.3116608,-6.6687927,5.0943146
2020-01-09 12:02:06,85502,-3.8165588,-7.5062866,6.9678955
2020-01-09 12:02:06,85602,-3.2063751,-7.022934,9.506683
2020-01-09 12:02:06,85701,-4.249649,-5.25943,9.518646
2020-01-09 12:02:06,85801,-2.6679993,-8.415558,8.858231
2020-01-09 12:02:06,85902,-3.7040863,-8.573486,5.493927
2020-01-09 12:02:06,86001,-3.2015991,-7.9250336,4.7019043
2020-01-09 12:02:06,86101,-1.8664093,-8.286346,4.9459686
2020-01-09 12:02:07,86203,-1.7036896,-9.726822,5.7021027
2020-01-09 12:02:07,86302,-2.5698853,-7.1641083,5.52742
2020-01-09 12:02:07,86401,-2.170288,-7.6426697,7.554138
2020-01-09 12:02:07,86501,-2.7445679,-7.4153595,5.54657
2020-01-09 12:02:07,86603,-2.3066864,-7.032501,6.448654
2020-01-09 12:02:07,86701,-4.153946,-7.2430725,7.9202423
2020-01-09 12:02:07,86802,-4.6037903,-6.4342957,9.430115
2020-01-09 12:02:07,86901,-4.99382,-6.4414825,8.650055
2020-01-09 12:02:07,87002,-3.4719849,-7.606781,7.6115723
2020-01-09 12:02:07,87101,-4.2113647,-8.269592,6.972687
2020-01-09 12:02:08,87202,-3.9170532,-7.996811,5.6685944
2020-01-09 12:02:08,87302,-3.8979034,-7.7934265,4.163513
2020-01-09 12:02:08,87401,-2.5172424,-7.410568,4.4195404
2020-01-09 12:02:08,87501,-0.94277954,-9.104691,5.8456726
2020-01-09 12:02:08,87601,-2.5005035,-7.3579254,6.130417
2020-01-09 12:02:08,87702,-0.6508484,-6.702301,8.264816
2020-01-09 12:02:08,87801,-3.5198364,-7.1976166,6.8123627
2020-01-09 12:02:08,87901,-3.883545,-6.4701996,7.881958
2020-01-09 12:02:08,88002,-4.342972,-6.6807556,8.525635
2020-01-09 12:02:08,88101,-4.393219,-7.142578,8.922836
2020-01-09 12:02:09,88201,-2.268402,-6.4295197,8.252853
2020-01-09 12:02:09,88302,-4.9387817,-7.996811,7.4775696
2020-01-09 12:02:09,88401,-3.9457703,-7.463211,6.202194
2020-01-09 12:02:09,88501,-4.1683044,-8.128418,4.8095703
2020-01-09 12:02:09,88601,-3.0508423,-7.204788,5.2666016
2020-01-09 12:02:09,88702,-2.938385,-8.398804,4.4195404
2020-01-09 12:02:09,88801,-1.2634125,-6.3888397,6.1088715
2020-01-09 12:02:09,88901,-0.8614197,-7.6618195,9.399002
2020-01-09 12:02:09,89001,-2.3090668,-6.7740784,6.936798
2020-01-09 12:02:09,89102,-1.7922211,-7.085144,6.1782684
2020-01-09 12:02:10,89201,-2.0243225,-6.9272156,7.458435
2020-01-09 12:02:10,89301,-2.6895294,-7.829315,8.209778
2020-01-09 12:02:10,89401,-2.5100708,-7.4368896,7.0037994
2020-01-09 12:02:10,89502,-3.3403778,-7.183258,6.1950226
2020-01-09 12:02:10,89601,-4.197006,-7.5397797,6.0681915
2020-01-09 12:02:10,89701,-4.5056915,-6.9631195,5.970093
2020-01-09 12:02:10,89802,-4.9794617,-6.970291,6.666397
2020-01-09 12:02:10,89901,-5.2953186,-7.4488525,5.7667084
2020-01-09 12:02:10,90001,-3.8189392,-7.657028,5.682953
2020-01-09 12:02:10,90101,-1.4428711,-7.9585266,6.793228
2020-01-09 12:02:11,90201,-0.33259583,-6.7381897,6.908081
2020-01-09 12:02:11,90302,2.4071808,-7.8747864,9.131012
2020-01-09 12:02:11,90401,-1.5744781,-6.71904,7.7527466
2020-01-09 12:02:11,90501,-3.172882,-6.4319153,7.515854
2020-01-09 12:02:11,90601,-2.5627136,-5.9126587,6.9966125
2020-01-09 12:02:11,90702,-2.8402863,-6.099304,7.1856537
2020-01-09 12:02:11,90801,-3.5150604,-6.855438,6.558731
2020-01-09 12:02:11,90901,-4.6995087,-7.216751,8.944366
2020-01-09 12:02:11,91001,-3.5677032,-5.2881317,8.618942
2020-01-09 12:02:11,91101,-2.9647064,-8.111664,9.119049
2020-01-09 12:02:12,91202,-1.9669037,-7.628311,6.1663055
2020-01-09 12:02:12,91301,-1.8376923,-6.714264,4.4769745
2020-01-09 12:02:12,91401,-1.2322998,-7.3363953,5.6614227
2020-01-09 12:02:12,91501,-2.1918182,-9.312866,6.3194427
2020-01-09 12:02:12,91601,-2.4406738,-7.0707855,6.972687
2020-01-09 12:02:12,91702,-2.8211365,-6.9224396,8.391632
2020-01-09 12:02:12,91801,-3.5653076,-6.5946198,5.924637
2020-01-09 12:02:12,91902,-3.4408722,-6.027527,6.1088715
2020-01-09 12:02:12,92001,-4.7521515,-6.620941,8.126022
2020-01-09 12:02:12,92101,-5.3168488,-7.3579254,11.078766
2020-01-09 12:02:13,92201,-4.634903,-5.412567,8.891724
2020-01-09 12:02:13,92302,-3.378662,-8.286346,8.642868
2020-01-09 12:02:13,92401,-3.7328033,-7.939392,6.754944
2020-01-09 12:02:13,92502,-2.8283234,-7.097107,3.694519
2020-01-09 12:02:13,92601,-2.2301178,-6.7860413,4.5056915
2020-01-09 12:02:13,92701,-2.0769653,-7.0420837,4.7162476
2020-01-09 12:02:13,92801,-2.5387878,-10.810776,6.5036926
2020-01-09 12:02:13,92902,-2.182251,-5.469986,11.720047
2020-01-09 12:02:13,93001,-5.07518,-6.9104767,7.7407837
2020-01-09 12:02:13,93102,-3.0508423,-5.927017,4.7234344
2020-01-09 12:02:14,93201,-3.2374878,-5.9653015,5.3168488
2020-01-09 12:02:14,93301,-4.845459,-6.0466614,7.9465637
2020-01-09 12:02:14,93401,-6.4869385,-7.4656067,10.688736
2020-01-09 12:02:14,93502,-1.4117584,-8.647659,9.006592
2020-01-09 12:02:14,93601,-3.5940247,-7.491928,5.5298157
2020-01-09 12:02:14,93701,-2.009964,-6.312271,4.9866486
2020-01-09 12:02:14,93802,-2.8378906,-7.276581,5.7188416
2020-01-09 12:02:14,93901,-3.7782745,-9.32962,5.6853485
2020-01-09 12:02:14,94001,-1.7706909,-7.1234283,5.551346
2020-01-09 12:02:14,94102,-1.351944,-7.298111,8.896515
2020-01-09 12:02:15,94201,-2.9407806,-6.3960114,8.185852
2020-01-09 12:02:15,94301,-2.4430695,-5.5202484,6.1830597
2020-01-09 12:02:15,94401,-3.5796661,-6.5443726,5.934204
2020-01-09 12:02:15,94502,-4.5607147,-6.7453613,8.437088
2020-01-09 12:02:15,94601,-5.642273,-6.3338013,10.021149
2020-01-09 12:02:15,94701,-1.2059784,-7.6833496,8.676376
2020-01-09 12:02:15,94802,-3.5653076,-7.6905365,5.8791656
2020-01-09 12:02:15,94901,-2.5363922,-7.068405,5.13739
2020-01-09 12:02:15,95002,-2.9647064,-7.245468,4.754532
2020-01-09 12:02:15,95101,-1.763504,-9.418152,5.6757812
2020-01-09 12:02:16,95201,-3.0293121,-7.759918,5.81456
2020-01-09 12:02:16,95301,-1.7084808,-6.221344,10.3992
2020-01-09 12:02:16,95402,-3.632309,-7.302902,6.501297
2020-01-09 12:02:16,95501,-2.7278137,-5.9724884,5.149353
2020-01-09 12:02:16,95602,-4.101303,-6.65683,7.3244324
2020-01-09 12:02:16,95701,-5.11586,-7.2598267,11.52623
2020-01-09 12:02:16,95801,-4.027115,-6.2859497,7.6043854
2020-01-09 12:02:16,95902,-4.936386,-8.386841,6.960724
2020-01-09 12:02:16,96001,-7.8173523,-9.166901,4.62294
2020-01-09 12:02:16,96101,-3.8213348,-7.901108,2.8283234
2020-01-09 12:02:17,96202,-4.2711945,-6.8937225,4.2257233
2020-01-09 12:02:17,96301,-3.9433746,-6.8027954,6.5036926
2020-01-09 12:02:17,96401,-4.094116,-7.582855,6.805191
2020-01-09 12:02:17,96501,-1.552948,-6.070587,7.410568
2020-01-09 12:02:17,96602,0.1531372,-9.023331,7.915451
2020-01-09 12:02:17,96701,-0.2033844,-5.637497,7.7647095
2020-01-09 12:02:17,96802,-4.3286133,-6.7118683,6.386444
2020-01-09 12:02:17,96901,-3.5030975,-5.9078827,7.549362
2020-01-09 12:02:17,97001,-5.170883,-6.2691956,9.408585
2020-01-09 12:02:17,97101,-4.749756,-7.8843536,8.597412
2020-01-09 12:02:18,97202,-4.1036835,-6.4749756,7.4990997
2020-01-09 12:02:18,97301,-1.7802582,-8.865402,9.119049
2020-01-09 12:02:18,97402,-5.560913,-7.9944153,5.50589
2020-01-09 12:02:18,97501,-3.912262,-6.8410797,3.5246277
2020-01-09 12:02:18,97603,-2.3401794,-7.051651,4.467407
2020-01-09 12:02:18,97701,-2.761322,-8.164307,7.2215424
2020-01-09 12:02:18,97801,-2.6321106,-6.467804,8.408386
2020-01-09 12:02:18,97902,-1.0001984,-5.5202484,10.04985
2020-01-09 12:02:18,98001,-2.5459595,-6.197418,7.7359924
2020-01-09 12:02:18,98101,-0.5766754,-5.01297,7.247864
2020-01-09 12:02:19,98202,-2.3665009,-4.862213,7.6091766
2020-01-09 12:02:19,98301,-3.940979,-4.5104675,7.652252
2020-01-09 12:02:19,98401,-5.395813,-6.41037,8.731415
2020-01-09 12:02:19,98502,-4.0773773,-5.852844,8.657227
2020-01-09 12:02:19,98602,-3.826126,-5.9126587,7.372284
2020-01-09 12:02:19,98701,-1.2203369,-5.970093,5.2618103
2020-01-09 12:02:19,98801,-1.9716797,-5.8002014,6.6711884
2020-01-09 12:02:19,98901,-3.7447662,-6.9798584,7.5996094
2020-01-09 12:02:19,99002,-3.9098663,-6.3194427,7.2669983
2020-01-09 12:02:19,99101,-2.6057892,-5.201996,8.626129
2020-01-09 12:02:20,99201,-3.9194489,-5.7595215,6.7860413
2020-01-09 12:02:20,99302,-2.6201477,-5.022537,6.1136627
2020-01-09 12:02:20,99402,-3.3308105,-5.333603,6.891327
2020-01-09 12:02:20,99501,-3.625122,-5.5202484,9.657425
2020-01-09 12:02:20,99602,-5.15654,-6.5371857,9.86322
2020-01-09 12:02:20,99701,-4.2017975,-4.759323,6.7501526
2020-01-09 12:02:20,99801,-0.7920227,-5.67099,8.726624
2020-01-09 12:02:20,99901,-2.7469635,-4.5702972,6.003586
2020-01-09 12:02:20,100002,-3.7423706,-4.7234344,6.1495514
2020-01-09 12:02:20,100101,-3.6586304,-6.2572327,8.896515
2020-01-09 12:02:21,100201,-4.0175476,-7.1569366,7.963318
2020-01-09 12:02:21,100302,-3.6705933,-5.0775757,7.211975
2020-01-09 12:02:21,100401,-0.1531372,-6.147156,8.123627
2020-01-09 12:02:21,100501,-1.9860382,-5.058426,6.632904
2020-01-09 12:02:21,100604,-3.5413818,-5.173279,6.9511566
2020-01-09 12:02:21,100701,-4.8382874,-5.15654,7.8675995
2020-01-09 12:02:21,100801,-6.04187,-7.027725,8.9730835
2020-01-09 12:02:21,100902,-3.9170532,-5.379059,8.233704
2020-01-09 12:02:21,101001,-3.7902374,-5.950943,6.8530426
2020-01-09 12:02:21,101102,-0.99302673,-5.8097687,6.9918213
2020-01-09 12:02:22,101201,-2.7804565,-6.896118,5.929413
2020-01-09 12:02:22,101301,-2.6249237,-7.944168,6.582657
2020-01-09 12:02:22,101401,-3.9266205,-7.5972137,7.6091766
2020-01-09 12:02:22,101502,-4.244873,-6.2524414,6.747757
2020-01-09 12:02:22,101601,-3.2638092,-6.829117,5.166107
2020-01-09 12:02:22,101701,-2.8187408,-5.8791656,4.268799
2020-01-09 12:02:22,101802,-3.488739,-6.6017914,7.7312164
2020-01-09 12:02:22,101901,-3.7998047,-7.463211,10.403992
2020-01-09 12:02:22,102001,-5.4508514,-5.0081787,10.523636
2020-01-09 12:02:22,102102,-2.4143524,-6.2285156,9.138184
2020-01-09 12:02:23,102201,-3.4360962,-6.9176483,5.745163
2020-01-09 12:02:23,102301,-3.1776733,-6.960724,5.355133
2020-01-09 12:02:23,102402,-2.670395,-8.231308,6.180664
2020-01-09 12:02:23,102501,-1.935791,-9.607178,5.934204
2020-01-09 12:02:23,102602,-2.313858,-6.003586,6.795624
2020-01-09 12:02:23,102701,-2.4957123,-6.072983,7.881958
2020-01-09 12:02:23,102801,-2.8905334,-6.276367,5.242676
2020-01-09 12:02:23,102902,-3.0029907,-6.4008026,6.1327972
2020-01-09 12:02:23,103001,-4.4315033,-6.9631195,7.9944153
2020-01-09 12:02:23,103101,-6.1782684,-8.001602,10.159927
2020-01-09 12:02:24,103202,-4.08934,-5.345566,8.255234
2020-01-09 12:02:24,103301,-3.9792633,-7.8915253,8.126022
2020-01-09 12:02:24,103401,-4.137192,-6.948761,6.3146667
2020-01-09 12:02:24,103501,-4.158722,-7.3986053,5.3527374
2020-01-09 12:02:24,103601,-4.2424774,-8.358124,4.936386
2020-01-09 12:02:24,103702,-3.3930206,-8.867798,4.175476
2020-01-09 12:02:24,103801,-1.105484,-7.171295,6.2644043
2020-01-09 12:02:24,103901,-0.6412811,-6.936798,7.594818
2020-01-09 12:02:24,104001,-2.4047852,-5.8384857,7.8341064
2020-01-09 12:02:24,104102,-2.7589264,-5.5082703,6.754944
2020-01-09 12:02:25,104201,-4.7521515,-6.752548,6.4534454
2020-01-09 12:02:25,104301,-6.3505554,-5.7834473,6.4989014
2020-01-09 12:02:25,104401,-2.6895294,-7.4440765,10.45903
2020-01-09 12:02:25,104502,-4.503296,-8.930008,9.138184
2020-01-09 12:02:25,104601,-2.9359894,-7.7838593,7.8843536
2020-01-09 12:02:25,104701,-2.663208,-6.4869385,4.2544403
2020-01-09 12:02:25,104802,-3.2039948,-7.1617126,5.9605255
2020-01-09 12:02:25,104903,-2.3808594,-11.167297,7.2502594
2020-01-09 12:02:25,105001,-2.423935,-8.260025,5.5202484
2020-01-09 12:02:25,105101,0.102890015,-5.9844513,7.142578
2020-01-09 12:02:26,105202,-2.9407806,-5.11586,6.9559326
2020-01-09 12:02:26,105302,-3.8500519,-5.1517487,8.602203
2020-01-09 12:02:26,105401,-4.989029,-5.517853,9.044876
2020-01-09 12:02:26,105501,-6.6687927,-6.3553314,11.571686
2020-01-09 12:02:26,105601,-5.024933,-6.8195496,9.035294
2020-01-09 12:02:26,105702,-4.297516,-7.7838593,6.1830597
2020-01-09 12:02:26,105801,-3.122635,-7.5517426,4.675583
2020-01-09 12:02:26,105902,-3.081955,-7.7024994,4.7066803
2020-01-09 12:02:26,106001,-2.7828522,-7.389038,4.3860474
2020-01-09 12:02:26,106101,-1.6175537,-7.561325,7.0372925
2020-01-09 12:02:27,106202,-1.2873383,-7.207184,8.298309
2020-01-09 12:02:27,106301,-3.6275177,-7.056427,6.886551
2020-01-09 12:02:27,106402,-3.0723877,-6.180664,6.7908325
2020-01-09 12:02:27,106501,-4.472183,-6.5324097,7.523041
2020-01-09 12:02:27,106602,-6.900894,-7.276581,12.210571
2020-01-09 12:02:27,106702,-4.060623,-5.7332,9.040085
2020-01-09 12:02:27,106802,-4.89093,-8.494522,7.802994
2020-01-09 12:02:27,106901,-5.046463,-8.762512,6.960724
2020-01-09 12:02:27,107001,-5.13739,-8.652451,5.4053802
2020-01-09 12:02:27,107102,-4.118042,-8.015961,3.6179504
2020-01-09 12:02:28,107201,-2.5339966,-7.7886353,3.098709
2020-01-09 12:02:28,107301,-0.76091003,-6.0801697,6.6999054
2020-01-09 12:02:28,107402,0.13639832,-9.04248,9.9015045
2020-01-09 12:02:28,107502,-0.3397827,-6.9559326,9.846466
2020-01-09 12:02:28,107602,-2.1798553,-6.2189484,9.332016
2020-01-09 12:02:28,107701,-5.070389,-5.510666,9.095123
2020-01-09 12:02:28,107802,-6.5395813,-7.721634,9.269791
2020-01-09 12:02:28,107901,-4.845459,-7.377075,6.731003
2020-01-09 12:02:28,108002,-5.934204,-9.588043,7.343567
2020-01-09 12:02:28,108101,-6.6185455,-8.377274,6.4821625
2020-01-09 12:02:29,108202,-6.0514526,-7.865204,5.3934174
2020-01-09 12:02:29,108302,-4.9579315,-8.922836,6.422333
2020-01-09 12:02:29,108401,-2.4335022,-8.523239,4.8694
2020-01-09 12:02:29,108501,0.5479584,-5.8408813,3.728012
2020-01-09 12:02:29,108601,2.0937195,-9.61676,9.284149
2020-01-09 12:02:29,108702,3.2925262,-8.188232,12.5336
2020-01-09 12:02:29,108801,-2.1583252,-6.5491486,9.755539
2020-01-09 12:02:29,108901,-4.5343933,-5.852844,7.8963165
2020-01-09 12:02:29,109001,-6.0059814,-5.704483,7.3292084
2020-01-09 12:02:29,109102,-7.5397797,-8.121246,7.7144623
2020-01-09 12:02:30,109201,-5.93898,-10.080963,9.889542
2020-01-09 12:02:30,109301,-5.934204,-10.303497,6.970291
2020-01-09 12:02:30,109402,-2.9981995,-9.640686,4.792816
2020-01-09 12:02:30,109501,-2.1056824,-7.951355,4.359726
2020-01-09 12:02:30,109602,-0.9882355,-9.209976,4.496109
2020-01-09 12:02:30,109701,-0.26081848,-7.0540466,6.5659027
2020-01-09 12:02:30,109801,0.18185425,-8.425125,10.494919
2020-01-09 12:02:30,109901,-4.3094788,-6.707077,8.863022
2020-01-09 12:02:30,110001,-5.7882385,-6.479767,6.7908325
2020-01-09 12:02:30,110101,-5.0895386,-6.551544,6.9056854
2020-01-09 12:02:31,110202,-9.162125,-7.779068,10.430313
2020-01-09 12:02:31,110301,-4.5798645,-6.8602295,9.095123
2020-01-09 12:02:31,110401,-5.54895,-8.420349,8.27916
2020-01-09 12:02:31,110501,-1.8879395,-9.614365,6.1088715
2020-01-09 12:02:31,110602,-0.7728882,-8.123627,5.022537
2020-01-09 12:02:31,110701,-1.4524384,-7.4608154,3.4289093
2020-01-09 12:02:31,110801,-3.139389,-7.7814636,5.24028
2020-01-09 12:02:31,110902,-4.3980103,-7.862808,7.298111
2020-01-09 12:02:31,111001,-5.38385,-6.9152527,5.819351
2020-01-09 12:02:31,111101,-4.3358,-6.960724,7.7072754
2020-01-09 12:02:32,111202,-4.5679016,-7.207184,10.030716
2020-01-09 12:02:32,111301,-1.0911255,-9.602402,10.4231415
2020-01-09 12:02:32,111401,-3.8979034,-5.1637115,7.841278
2020-01-09 12:02:32,111502,-3.2183533,-7.525421,8.910873
2020-01-09 12:02:32,111602,-3.6083832,-8.137985,4.967499
2020-01-09 12:02:32,111701,-3.2781677,-6.8650055,4.99382
2020-01-09 12:02:32,111801,-2.646469,-6.262024,4.297516
2020-01-09 12:02:32,111901,-1.7252197,-7.10907,4.833496
2020-01-09 12:02:32,112002,-3.0508423,-10.863419,7.9824524
2020-01-09 12:02:32,112101,-3.830902,-5.264206,9.611969
2020-01-09 12:02:33,112201,-2.7445679,-6.2117615,7.7455597
2020-01-09 12:02:33,112302,-3.2949219,-6.254837,4.64447
2020-01-09 12:02:33,112401,-2.498108,-6.049057,5.5298157
2020-01-09 12:02:33,112501,-3.8285217,-6.9918213,6.900894
2020-01-09 12:02:33,112601,-3.7567291,-7.176071,9.633499
2020-01-09 12:02:33,112702,-5.28096,-5.93898,9.6263275
2020-01-09 12:02:33,112801,-3.5102692,-8.310272,7.338791
2020-01-09 12:02:33,112901,-4.433899,-6.9918213,7.3866425
2020-01-09 12:02:33,113001,-4.553543,-6.6065826,5.5585327
2020-01-09 12:02:33,113102,-3.6753693,-7.3339996,5.5034943
2020-01-09 12:02:34,113201,-3.6442719,-7.9369965,5.419739
2020-01-09 12:02:34,113301,-3.1178436,-7.101898,3.4576263
2020-01-09 12:02:34,113402,-1.3040924,-7.1976166,8.063812
2020-01-09 12:02:34,113501,-2.6679993,-7.5373993,7.7479553
2020-01-09 12:02:34,113602,-1.9166565,-6.2596283,7.862808
2020-01-09 12:02:34,113701,-2.926422,-6.41037,8.439484
2020-01-09 12:02:34,113802,-4.462616,-5.613556,9.676575
2020-01-09 12:02:34,113901,-5.91745,-7.4775696,11.42334
2020-01-09 12:02:34,114001,-4.364502,-9.102295,8.516052
2020-01-09 12:02:34,114102,-5.2881317,-8.504089,7.590027
2020-01-09 12:02:35,114201,-4.78804,-8.745773,5.5633087
2020-01-09 12:02:35,114302,-3.5533447,-8.271988,4.4602203
2020-01-09 12:02:35,114401,-1.7228394,-8.8989105,4.840683
2020-01-09 12:02:35,114502,-0.73220825,-6.2572327,6.2189484
2020-01-09 12:02:35,114601,-0.55274963,-7.491928,8.427521
2020-01-09 12:02:35,114702,-2.691925,-7.1569366,8.640488
2020-01-09 12:02:35,114801,-4.4697876,-6.202194,9.86322
2020-01-09 12:02:35,114902,-4.8095703,-5.414963,10.68396
2020-01-09 12:02:35,115001,-6.604187,-7.7766724,9.475586
2020-01-09 12:02:35,115101,-4.821533,-7.9537354,9.5234375
2020-01-09 12:02:36,115202,-4.8430786,-7.9585266,7.6115723
2020-01-09 12:02:36,115301,-2.8378906,-7.9082794,5.2905273
2020-01-09 12:02:36,115401,-2.3042908,-7.8460693,5.32164
2020-01-09 12:02:36,115502,-3.0723877,-8.472992,4.0343018
2020-01-09 12:02:36,115601,-2.9072723,-6.821945,4.709076
2020-01-09 12:02:36,115701,-1.655838,-7.7862396,8.087738
2020-01-09 12:02:36,115802,-2.7421722,-6.6711884,8.377274
2020-01-09 12:02:36,115901,-2.8546448,-6.025131,9.867996
2020-01-09 12:02:36,116002,-6.731003,-4.646866,11.344376
2020-01-09 12:02:36,116101,-8.307877,-8.444275,9.506683
2020-01-09 12:02:37,116202,-6.764511,-8.745773,8.705093
2020-01-09 12:02:37,116302,-5.584854,-8.480164,6.467804
2020-01-09 12:02:37,116402,-1.5003052,-9.085556,5.0560303
2020-01-09 12:02:37,116501,-6.003586,-7.762314,4.816757
2020-01-09 12:02:37,116602,-1.421341,-9.937393,5.6231384
2020-01-09 12:02:37,116701,1.1629181,-7.7192535,5.190033
2020-01-09 12:02:37,116801,2.2468567,-8.130814,9.525833
2020-01-09 12:02:37,116901,-3.1369934,-6.8769684,10.313065
2020-01-09 12:02:37,117002,-4.718643,-5.9126587,10.052246
2020-01-09 12:02:37,117101,-7.286148,-4.9698944,8.941986
2020-01-09 12:02:38,117202,-5.1062775,-7.0875397,10.851456
2020-01-09 12:02:38,117301,-5.6351013,-8.891724,9.255432
2020-01-09 12:02:38,117401,-3.3116608,-8.786438,5.6231384
2020-01-09 12:02:38,117502,-1.5744781,-8.231308,5.190033
2020-01-09 12:02:38,117601,-2.1463623,-8.743378,5.001007
2020-01-09 12:02:38,117701,-2.4526367,-9.116653,3.5820618
2020-01-09 12:02:38,117801,-1.1318054,-8.413162,7.2957153
2020-01-09 12:02:38,117902,-2.182251,-7.3124695,8.413162
2020-01-09 12:02:38,118001,-4.051056,-6.1543427,8.207382
2020-01-09 12:02:38,118101,-4.543976,-5.9437714,9.004196
2020-01-09 12:02:39,118201,-5.6566315,-6.4701996,10.822739
2020-01-09 12:02:39,118302,-4.7234344,-6.1615143,9.84407
2020-01-09 12:02:39,118401,-5.2857513,-7.8221436,7.9704895
2020-01-09 12:02:39,118502,-3.5677032,-7.381851,5.7021027
2020-01-09 12:02:39,118601,-3.9577332,-7.829315,5.515457
2020-01-09 12:02:39,118701,-4.2137604,-8.264816,6.1878357
2020-01-09 12:02:39,118801,-1.6055908,-8.214554,4.783249
2020-01-09 12:02:39,118901,-1.4667969,-7.5086823,6.0753784
2020-01-09 12:02:39,119002,0.64367676,-4.3238373,8.908478
2020-01-09 12:02:39,119101,-2.8187408,-3.8739777,9.274582
2020-01-09 12:02:40,119201,-5.1876373,-2.8259277,10.301102
2020-01-09 12:02:40,119302,-6.4534454,-3.2063751,11.873184
2020-01-09 12:02:40,119401,-7.527817,-4.441086,10.942383
2020-01-09 12:02:40,119501,-6.4749756,-5.95813,8.106888
2020-01-09 12:02:40,119601,-5.77388,-4.369293,8.271988
2020-01-09 12:02:40,119704,-6.025131,-4.7760773,7.030121
2020-01-09 12:02:40,119802,-3.287735,-4.7042847,9.726822
2020-01-09 12:02:40,119901,-4.1108704,-3.7902374,9.820145
2020-01-09 12:02:40,120001,-2.4502563,-3.2015991,9.281754
2020-01-09 12:02:40,120101,-0.653244,-1.1150513,6.530014
2020-01-09 12:02:41,120202,-1.7922211,0.07417297,7.9298096
2020-01-09 12:02:41,120301,0.91166687,4.4147644,6.7621155
2020-01-09 12:02:41,120401,1.4979095,2.3282166,12.076584
2020-01-09 12:02:41,120501,-1.2012024,2.0075836,8.846268
2020-01-09 12:02:41,120601,-2.4430695,0.9667053,9.961319
2020-01-09 12:02:41,120701,-0.6053772,1.2969055,8.702698
2020-01-09 12:02:41,120802,-0.41635132,2.6105652,7.984848
2020-01-09 12:02:41,120901,-0.007171631,3.5437775,8.461029
2020-01-09 12:02:41,121001,1.5098724,3.517456,10.58107
2020-01-09 12:02:41,121101,-0.80158997,1.4859467,14.371292
