,Date_time,X,Y,Z,Profile,Activity,ts
0,2020-01-07 13:33:19.319,0.155304,-0.804245,-0.561081,MG,standing,1578403999
1,2020-01-07 13:33:19.418,0.158524,-0.807632,-0.5760350000000001,MG,standing,1578403999
2,2020-01-07 13:33:19.518,0.10775799999999999,-0.759979,-0.655258,MG,standing,1578403999
3,2020-01-07 13:33:19.618,0.091888,-0.76265,-0.638779,MG,standing,1578403999
4,2020-01-07 13:33:19.718,0.068726,-0.781647,-0.618073,MG,standing,1578403999
5,2020-01-07 13:33:19.818,0.046249,-0.79953,-0.6443479999999999,MG,standing,1578403999
6,2020-01-07 13:33:19.918,0.052841,-0.831116,-0.595917,MG,standing,1578403999
7,2020-01-07 13:33:20.018,0.065201,-0.847916,-0.640564,MG,standing,1578404000
8,2020-01-07 13:33:20.118,-0.036667,-0.740189,-0.5775600000000001,MG,standing,1578404000
9,2020-01-07 13:33:20.218,-0.012816999999999999,-0.8037569999999999,-0.615799,MG,standing,1578404000
10,2020-01-07 13:33:20.318,-0.047820999999999995,-0.779053,-0.5664520000000001,MG,standing,1578404000
11,2020-01-07 13:33:20.418,-0.034546,-0.802109,-0.532623,MG,standing,1578404000
12,2020-01-07 13:33:20.518,-0.017075,-0.81958,-0.589645,MG,standing,1578404000
13,2020-01-07 13:33:20.618,-0.0077209999999999996,-0.854843,-0.565811,MG,standing,1578404000
14,2020-01-07 13:33:20.718,-0.016983,-0.848618,-0.5093840000000001,MG,standing,1578404000
15,2020-01-07 13:33:20.818,-0.01825,-0.835205,-0.47645600000000005,MG,standing,1578404000
16,2020-01-07 13:33:20.918,-0.005340999999999999,-0.850555,-0.487991,MG,standing,1578404000
17,2020-01-07 13:33:21.018,0.01329,-0.8606870000000001,-0.500793,MG,standing,1578404001
18,2020-01-07 13:33:21.118,-0.007004000000000001,-0.8657379999999999,-0.468063,MG,standing,1578404001
19,2020-01-07 13:33:21.218,0.024475,-0.864777,-0.549454,MG,standing,1578404001
20,2020-01-07 13:33:21.318,-0.019318000000000002,-0.8405459999999999,-0.552902,MG,standing,1578404001
21,2020-01-07 13:33:21.418,-0.029892000000000002,-0.8393860000000001,-0.5257569999999999,MG,standing,1578404001
22,2020-01-07 13:33:21.518,-0.009796,-0.8411559999999999,-0.5435180000000001,MG,standing,1578404001
23,2020-01-07 13:33:21.617,0.005981,-0.847641,-0.5865630000000001,MG,standing,1578404001
24,2020-01-07 13:33:21.718,0.052383000000000006,-0.813629,-0.582397,MG,standing,1578404001
25,2020-01-07 13:33:21.818,0.039536,-0.81308,-0.579407,MG,standing,1578404001
26,2020-01-07 13:33:21.917,0.008834999999999999,-0.822845,-0.572128,MG,standing,1578404001
27,2020-01-07 13:33:22.017,0.010376,-0.8308409999999999,-0.552979,MG,standing,1578404002
28,2020-01-07 13:33:22.117,0.012115,-0.836227,-0.546097,MG,standing,1578404002
29,2020-01-07 13:33:22.217,0.008179,-0.839111,-0.558395,MG,standing,1578404002
30,2020-01-07 13:33:22.317,0.011124,-0.8362430000000001,-0.5437930000000001,MG,standing,1578404002
31,2020-01-07 13:33:22.417,0.011978,-0.834717,-0.5464479999999999,MG,standing,1578404002
32,2020-01-07 13:33:22.517,0.011505,-0.8372040000000001,-0.547165,MG,standing,1578404002
33,2020-01-07 13:33:22.617,0.012512,-0.8375090000000001,-0.546219,MG,standing,1578404002
34,2020-01-07 13:33:22.717,0.011840999999999999,-0.83667,-0.546036,MG,standing,1578404002
35,2020-01-07 13:33:22.817,0.013092,-0.836182,-0.547028,MG,standing,1578404002
36,2020-01-07 13:33:22.917,0.012833,-0.834717,-0.5439149999999999,MG,standing,1578404002
37,2020-01-07 13:33:23.017,0.018082,-0.832825,-0.5584560000000001,MG,standing,1578404003
38,2020-01-07 13:33:23.117,0.01564,-0.833466,-0.55188,MG,standing,1578404003
39,2020-01-07 13:33:23.217,0.019714,-0.8304290000000001,-0.554871,MG,standing,1578404003
40,2020-01-07 13:33:23.317,0.016113,-0.82724,-0.549133,MG,standing,1578404003
41,2020-01-07 13:33:23.417,0.020263999999999997,-0.8302459999999999,-0.560806,MG,standing,1578404003
42,2020-01-07 13:33:23.517,0.022903,-0.8279719999999999,-0.558868,MG,standing,1578404003
43,2020-01-07 13:33:23.617,0.022476,-0.8273010000000001,-0.560516,MG,standing,1578404003
44,2020-01-07 13:33:23.717,0.02301,-0.82814,-0.560562,MG,standing,1578404003
45,2020-01-07 13:33:23.817,0.023758,-0.8273159999999999,-0.559982,MG,standing,1578404003
46,2020-01-07 13:33:23.917,0.023926,-0.8271639999999999,-0.5642699999999999,MG,standing,1578404003
47,2020-01-07 13:33:24.017,0.024734,-0.8289030000000001,-0.563156,MG,standing,1578404004
48,2020-01-07 13:33:24.117,0.023575,-0.828781,-0.564804,MG,standing,1578404004
49,2020-01-07 13:33:24.217,0.02742,-0.827332,-0.564285,MG,standing,1578404004
50,2020-01-07 13:33:24.317,0.022872999999999998,-0.8258209999999999,-0.55925,MG,standing,1578404004
51,2020-01-07 13:33:24.417,0.026474,-0.824417,-0.569138,MG,standing,1578404004
52,2020-01-07 13:33:24.517,0.027222000000000003,-0.8267059999999999,-0.567902,MG,standing,1578404004
53,2020-01-07 13:33:24.617,0.026108,-0.825775,-0.564331,MG,standing,1578404004
54,2020-01-07 13:33:24.717,0.024963,-0.82309,-0.566711,MG,standing,1578404004
55,2020-01-07 13:33:24.817,0.025757,-0.824356,-0.561172,MG,standing,1578404004
56,2020-01-07 13:33:24.917,0.028824000000000002,-0.824448,-0.567627,MG,standing,1578404004
57,2020-01-07 13:33:25.017,0.028030000000000003,-0.823059,-0.565872,MG,standing,1578404005
58,2020-01-07 13:33:25.117,0.025726,-0.8249209999999999,-0.561966,MG,standing,1578404005
59,2020-01-07 13:33:25.217,0.029205000000000002,-0.8252870000000001,-0.563675,MG,standing,1578404005
60,2020-01-07 13:33:25.316,0.028824000000000002,-0.8238219999999999,-0.566422,MG,standing,1578404005
61,2020-01-07 13:33:25.417,0.031555,-0.8243870000000001,-0.567612,MG,standing,1578404005
62,2020-01-07 13:33:25.517,0.029297000000000004,-0.823441,-0.567749,MG,standing,1578404005
63,2020-01-07 13:33:25.617,0.028244,-0.8235319999999999,-0.566376,MG,standing,1578404005
64,2020-01-07 13:33:25.717,0.028793,-0.8225399999999999,-0.5708310000000001,MG,standing,1578404005
65,2020-01-07 13:33:25.817,0.028641000000000003,-0.8225399999999999,-0.569489,MG,standing,1578404005
66,2020-01-07 13:33:25.916,0.031799,-0.8246,-0.5697479999999999,MG,standing,1578404005
67,2020-01-07 13:33:26.016,0.030518,-0.8230290000000001,-0.5706479999999999,MG,standing,1578404006
68,2020-01-07 13:33:26.117,0.029602,-0.8232879999999999,-0.570541,MG,standing,1578404006
69,2020-01-07 13:33:26.216,0.029251,-0.824097,-0.571793,MG,standing,1578404006
70,2020-01-07 13:33:26.316,0.025833,-0.8215790000000001,-0.5670930000000001,MG,standing,1578404006
71,2020-01-07 13:33:26.416,0.029526,-0.823471,-0.5706939999999999,MG,standing,1578404006
72,2020-01-07 13:33:26.516,0.027435,-0.8249209999999999,-0.564453,MG,standing,1578404006
73,2020-01-07 13:33:26.616,0.028198,-0.8250270000000001,-0.567368,MG,standing,1578404006
74,2020-01-07 13:33:26.716,0.031448000000000004,-0.826889,-0.5690609999999999,MG,standing,1578404006
75,2020-01-07 13:33:26.816,0.02951,-0.8251649999999999,-0.5683590000000001,MG,standing,1578404006
76,2020-01-07 13:33:26.916,0.028442000000000002,-0.824051,-0.564941,MG,standing,1578404006
77,2020-01-07 13:33:27.016,0.026337,-0.823349,-0.562195,MG,standing,1578404007
78,2020-01-07 13:33:27.116,0.028914999999999996,-0.824982,-0.5629430000000001,MG,standing,1578404007
79,2020-01-07 13:33:27.216,0.029983999999999997,-0.826126,-0.565948,MG,standing,1578404007
80,2020-01-07 13:33:27.316,0.029189999999999997,-0.8258969999999999,-0.565567,MG,standing,1578404007
81,2020-01-07 13:33:27.416,0.025925,-0.825974,-0.562088,MG,standing,1578404007
82,2020-01-07 13:33:27.516,0.030014,-0.8236540000000001,-0.566559,MG,standing,1578404007
83,2020-01-07 13:33:27.616,0.027634,-0.825333,-0.561203,MG,standing,1578404007
84,2020-01-07 13:33:27.716,0.028412,-0.8271940000000001,-0.5639649999999999,MG,standing,1578404007
85,2020-01-07 13:33:27.816,0.030746,-0.825348,-0.567856,MG,standing,1578404007
86,2020-01-07 13:33:27.916,0.029449,-0.8270719999999999,-0.569489,MG,standing,1578404007
87,2020-01-07 13:33:28.016,0.027466,-0.8248139999999999,-0.5681,MG,standing,1578404008
88,2020-01-07 13:33:28.116,0.031891,-0.8214110000000001,-0.568909,MG,standing,1578404008
89,2020-01-07 13:33:28.216,0.032043,-0.822876,-0.5677949999999999,MG,standing,1578404008
90,2020-01-07 13:33:28.316,0.032227,-0.819901,-0.572617,MG,standing,1578404008
91,2020-01-07 13:33:28.416,0.031157999999999998,-0.822617,-0.569412,MG,standing,1578404008
92,2020-01-07 13:33:28.516,0.032776,-0.8204799999999999,-0.570724,MG,standing,1578404008
93,2020-01-07 13:33:28.616,0.033142000000000005,-0.820465,-0.571869,MG,standing,1578404008
94,2020-01-07 13:33:28.716,0.031508999999999995,-0.82196,-0.569275,MG,standing,1578404008
95,2020-01-07 13:33:28.816,0.032669,-0.822418,-0.5728300000000001,MG,standing,1578404008
96,2020-01-07 13:33:28.916,0.031052,-0.8220370000000001,-0.57048,MG,standing,1578404008
97,2020-01-07 13:33:29.016,0.029053,-0.819901,-0.5644680000000001,MG,standing,1578404009
98,2020-01-07 13:33:29.116,0.033707,-0.822891,-0.5673520000000001,MG,standing,1578404009
99,2020-01-07 13:33:29.216,0.032471,-0.8247680000000001,-0.569717,MG,standing,1578404009
100,2020-01-07 13:33:29.316,0.033081,-0.823349,-0.567917,MG,standing,1578404009
101,2020-01-07 13:33:29.416,0.03244,-0.8222959999999999,-0.5652010000000001,MG,standing,1578404009
102,2020-01-07 13:33:29.516,0.034102999999999994,-0.8237760000000001,-0.567642,MG,standing,1578404009
103,2020-01-07 13:33:29.616,0.03299,-0.8225399999999999,-0.567612,MG,standing,1578404009
104,2020-01-07 13:33:29.716,0.0336,-0.822235,-0.5709380000000001,MG,standing,1578404009
105,2020-01-07 13:33:29.816,0.033905000000000005,-0.821716,-0.568253,MG,standing,1578404009
106,2020-01-07 13:33:29.916,0.034881999999999996,-0.8228,-0.5689390000000001,MG,standing,1578404009
107,2020-01-07 13:33:30.016,0.035751,-0.8231809999999999,-0.569168,MG,standing,1578404010
108,2020-01-07 13:33:30.116,0.034363,-0.822983,-0.5706939999999999,MG,standing,1578404010
109,2020-01-07 13:33:30.216,0.036179,-0.82283,-0.565735,MG,standing,1578404010
110,2020-01-07 13:33:30.315,0.032516,-0.8208770000000001,-0.5681609999999999,MG,standing,1578404010
111,2020-01-07 13:33:30.415,0.036072,-0.824509,-0.565125,MG,standing,1578404010
112,2020-01-07 13:33:30.515,0.034729,-0.8237760000000001,-0.572113,MG,standing,1578404010
113,2020-01-07 13:33:30.615,0.034575999999999996,-0.821182,-0.571472,MG,standing,1578404010
114,2020-01-07 13:33:30.715,0.034607,-0.820419,-0.568863,MG,standing,1578404010
115,2020-01-07 13:33:30.815,0.034821,-0.822327,-0.569077,MG,standing,1578404010
116,2020-01-07 13:33:30.915,0.035004,-0.821793,-0.567902,MG,standing,1578404010
117,2020-01-07 13:33:31.015,0.037308,-0.8212430000000001,-0.571457,MG,standing,1578404011
118,2020-01-07 13:33:31.115,0.035263,-0.8222959999999999,-0.570709,MG,standing,1578404011
119,2020-01-07 13:33:31.215,0.039291,-0.822083,-0.571045,MG,standing,1578404011
120,2020-01-07 13:33:31.315,0.036835,-0.8240049999999999,-0.569397,MG,standing,1578404011
121,2020-01-07 13:33:31.415,0.03801,-0.8215180000000001,-0.5689850000000001,MG,standing,1578404011
122,2020-01-07 13:33:31.515,0.03476,-0.8216399999999999,-0.5659029999999999,MG,standing,1578404011
123,2020-01-07 13:33:31.615,0.037384,-0.822205,-0.563919,MG,standing,1578404011
124,2020-01-07 13:33:31.715,0.038742,-0.8227389999999999,-0.572433,MG,standing,1578404011
125,2020-01-07 13:33:31.815,0.037704,-0.822357,-0.570038,MG,standing,1578404011
126,2020-01-07 13:33:31.915,0.03743,-0.8224950000000001,-0.571487,MG,standing,1578404011
127,2020-01-07 13:33:32.015,0.038086,-0.821915,-0.57077,MG,standing,1578404012
128,2020-01-07 13:33:32.116,0.037231,-0.8235469999999999,-0.565369,MG,standing,1578404012
129,2020-01-07 13:33:32.216,0.040253,-0.822845,-0.566956,MG,standing,1578404012
130,2020-01-07 13:33:32.316,0.036987,-0.821106,-0.571701,MG,standing,1578404012
131,2020-01-07 13:33:32.416,0.037918,-0.820084,-0.56572,MG,standing,1578404012
132,2020-01-07 13:33:32.516,0.037186000000000004,-0.8207700000000001,-0.5622560000000001,MG,standing,1578404012
133,2020-01-07 13:33:32.617,0.038635,-0.8224030000000001,-0.568573,MG,standing,1578404012
134,2020-01-07 13:33:32.717,0.038605,-0.8226319999999999,-0.571091,MG,standing,1578404012
135,2020-01-07 13:33:32.817,0.039124,-0.821625,-0.5639649999999999,MG,standing,1578404012
136,2020-01-07 13:33:32.917,0.038238999999999995,-0.823227,-0.5671390000000001,MG,standing,1578404012
137,2020-01-07 13:33:33.017,0.040512,-0.821915,-0.567947,MG,standing,1578404013
138,2020-01-07 13:33:33.118,0.035629,-0.821793,-0.568787,MG,standing,1578404013
139,2020-01-07 13:33:33.218,0.037643,-0.822067,-0.5623779999999999,MG,standing,1578404013
140,2020-01-07 13:33:33.318,0.040482,-0.8219299999999999,-0.5699310000000001,MG,standing,1578404013
141,2020-01-07 13:33:33.418,0.040756,-0.822815,-0.578278,MG,standing,1578404013
142,2020-01-07 13:33:33.519,0.037506,-0.8208469999999999,-0.567368,MG,standing,1578404013
143,2020-01-07 13:33:33.619,0.039307,-0.8202360000000001,-0.570847,MG,standing,1578404013
144,2020-01-07 13:33:33.719,0.038605,-0.8202969999999999,-0.571915,MG,standing,1578404013
145,2020-01-07 13:33:33.819,0.038223,-0.8202360000000001,-0.572739,MG,standing,1578404013
146,2020-01-07 13:33:33.919,0.039017,-0.8191069999999999,-0.569183,MG,standing,1578404013
147,2020-01-07 13:33:34.019,0.036209,-0.819901,-0.56572,MG,standing,1578404014
148,2020-01-07 13:33:34.120,0.039581,-0.8224030000000001,-0.572113,MG,standing,1578404014
149,2020-01-07 13:33:34.220,0.039642000000000004,-0.8215180000000001,-0.571945,MG,standing,1578404014
150,2020-01-07 13:33:34.320,0.038376,-0.82019,-0.569443,MG,standing,1578404014
151,2020-01-07 13:33:34.420,0.040482,-0.818665,-0.568573,MG,standing,1578404014
152,2020-01-07 13:33:34.520,0.03746,-0.821274,-0.568481,MG,standing,1578404014
153,2020-01-07 13:33:34.621,0.037598,-0.8206180000000001,-0.573029,MG,standing,1578404014
154,2020-01-07 13:33:34.721,0.038193,-0.819794,-0.569809,MG,standing,1578404014
155,2020-01-07 13:33:34.821,0.039993,-0.8199770000000001,-0.56601,MG,standing,1578404014
156,2020-01-07 13:33:34.921,0.042236,-0.8205870000000001,-0.568405,MG,standing,1578404014
157,2020-01-07 13:33:35.021,0.042542,-0.82373,-0.570267,MG,standing,1578404015
158,2020-01-07 13:33:35.121,0.040207,-0.8228,-0.571228,MG,standing,1578404015
159,2020-01-07 13:33:35.222,0.041931,-0.8212430000000001,-0.569458,MG,standing,1578404015
160,2020-01-07 13:33:35.322,0.039169,-0.82135,-0.56871,MG,standing,1578404015
161,2020-01-07 13:33:35.422,0.04155,-0.819839,-0.573975,MG,standing,1578404015
162,2020-01-07 13:33:35.522,0.040741,-0.819153,-0.569,MG,standing,1578404015
163,2020-01-07 13:33:35.622,0.041336000000000005,-0.8211360000000001,-0.571671,MG,standing,1578404015
164,2020-01-07 13:33:35.723,0.040131,-0.8192290000000001,-0.5690310000000001,MG,standing,1578404015
165,2020-01-07 13:33:35.823,0.041076999999999995,-0.822159,-0.571762,MG,standing,1578404015
166,2020-01-07 13:33:35.923,0.039413,-0.8193360000000001,-0.5687409999999999,MG,standing,1578404015
167,2020-01-07 13:33:36.023,0.039474,-0.817245,-0.5697939999999999,MG,standing,1578404016
168,2020-01-07 13:33:36.124,0.039626999999999996,-0.819443,-0.57338,MG,standing,1578404016
169,2020-01-07 13:33:36.224,0.03923,-0.817184,-0.574142,MG,standing,1578404016
170,2020-01-07 13:33:36.324,0.038727,-0.8161010000000001,-0.564392,MG,standing,1578404016
171,2020-01-07 13:33:36.424,0.04361,-0.819733,-0.573929,MG,standing,1578404016
172,2020-01-07 13:33:36.524,0.043106,-0.81958,-0.5766600000000001,MG,standing,1578404016
173,2020-01-07 13:33:36.625,0.042648,-0.819916,-0.572708,MG,standing,1578404016
174,2020-01-07 13:33:36.725,0.041489,-0.820023,-0.576263,MG,standing,1578404016
175,2020-01-07 13:33:36.825,0.041656,-0.8181149999999999,-0.568954,MG,standing,1578404016
176,2020-01-07 13:33:36.925,0.042480000000000004,-0.818909,-0.572159,MG,standing,1578404016
177,2020-01-07 13:33:37.025,0.043289,-0.8198549999999999,-0.5706479999999999,MG,standing,1578404017
178,2020-01-07 13:33:37.126,0.042099,-0.8203280000000001,-0.575317,MG,standing,1578404017
179,2020-01-07 13:33:37.226,0.04245,-0.820724,-0.5709989999999999,MG,standing,1578404017
180,2020-01-07 13:33:37.326,0.042572000000000006,-0.818695,-0.573334,MG,standing,1578404017
181,2020-01-07 13:33:37.426,0.04303,-0.821457,-0.572937,MG,standing,1578404017
182,2020-01-07 13:33:37.526,0.043838999999999996,-0.821548,-0.570282,MG,standing,1578404017
183,2020-01-07 13:33:37.626,0.041367,-0.819717,-0.569992,MG,standing,1578404017
184,2020-01-07 13:33:37.727,0.043914999999999996,-0.819519,-0.573944,MG,standing,1578404017
185,2020-01-07 13:33:37.827,0.044495,-0.8196260000000001,-0.572601,MG,standing,1578404017
186,2020-01-07 13:33:37.927,0.042114,-0.819092,-0.573196,MG,standing,1578404017
187,2020-01-07 13:33:38.027,0.042801,-0.819,-0.572281,MG,standing,1578404018
188,2020-01-07 13:33:38.128,0.042007,-0.818314,-0.568588,MG,standing,1578404018
189,2020-01-07 13:33:38.228,0.045883,-0.818756,-0.57576,MG,standing,1578404018
190,2020-01-07 13:33:38.328,0.044388,-0.818481,-0.57428,MG,standing,1578404018
191,2020-01-07 13:33:38.428,0.04187,-0.8189390000000001,-0.57486,MG,standing,1578404018
192,2020-01-07 13:33:38.528,0.041977,-0.816086,-0.5726319999999999,MG,standing,1578404018
193,2020-01-07 13:33:38.629,0.043869,-0.8189850000000001,-0.5754239999999999,MG,standing,1578404018
194,2020-01-07 13:33:38.729,0.04335,-0.817749,-0.574295,MG,standing,1578404018
195,2020-01-07 13:33:38.829,0.041443,-0.8171689999999999,-0.5740970000000001,MG,standing,1578404018
196,2020-01-07 13:33:38.929,0.041977,-0.8163600000000001,-0.57196,MG,standing,1578404018
197,2020-01-07 13:33:39.030,0.040985,-0.8189850000000001,-0.572372,MG,standing,1578404019
198,2020-01-07 13:33:39.130,0.044327,-0.818329,-0.5750270000000001,MG,standing,1578404019
199,2020-01-07 13:33:39.230,0.042083999999999996,-0.818146,-0.574142,MG,standing,1578404019
200,2020-01-07 13:33:39.330,0.042374,-0.817276,-0.575333,MG,standing,1578404019
201,2020-01-07 13:33:39.430,0.042587,-0.818268,-0.571976,MG,standing,1578404019
202,2020-01-07 13:33:39.530,0.040421,-0.81781,-0.570908,MG,standing,1578404019
203,2020-01-07 13:33:39.631,0.042464999999999996,-0.81955,-0.5744779999999999,MG,standing,1578404019
204,2020-01-07 13:33:39.731,0.044083,-0.8206479999999999,-0.575745,MG,standing,1578404019
205,2020-01-07 13:33:39.831,0.042297,-0.819519,-0.5725859999999999,MG,standing,1578404019
206,2020-01-07 13:33:39.931,0.043182,-0.819077,-0.572617,MG,standing,1578404019
207,2020-01-07 13:33:40.032,0.041718,-0.820068,-0.576675,MG,standing,1578404020
208,2020-01-07 13:33:40.132,0.042908,-0.819839,-0.57428,MG,standing,1578404020
209,2020-01-07 13:33:40.242,0.038467,-0.816299,-0.568802,MG,standing,1578404020
210,2020-01-07 13:33:40.332,0.038986,-0.818802,-0.5663600000000001,MG,standing,1578404020
211,2020-01-07 13:33:40.432,0.04303,-0.819824,-0.576569,MG,standing,1578404020
212,2020-01-07 13:33:40.533,0.041779000000000004,-0.820526,-0.575851,MG,standing,1578404020
213,2020-01-07 13:33:40.639,0.040313999999999996,-0.820419,-0.573257,MG,standing,1578404020
214,2020-01-07 13:33:40.733,0.041076999999999995,-0.818176,-0.578979,MG,standing,1578404020
215,2020-01-07 13:33:40.833,0.036606,-0.816605,-0.574158,MG,standing,1578404020
216,2020-01-07 13:33:40.933,0.037032999999999996,-0.816055,-0.570404,MG,standing,1578404020
217,2020-01-07 13:33:41.039,0.0392,-0.816498,-0.572113,MG,standing,1578404021
218,2020-01-07 13:33:41.134,0.040573000000000005,-0.815689,-0.572891,MG,standing,1578404021
219,2020-01-07 13:33:41.234,0.04274,-0.8180850000000001,-0.5742189999999999,MG,standing,1578404021
220,2020-01-07 13:33:41.334,0.040726,-0.817337,-0.578812,MG,standing,1578404021
221,2020-01-07 13:33:41.438,0.040375,-0.81662,-0.579575,MG,standing,1578404021
222,2020-01-07 13:33:41.534,0.038452,-0.812988,-0.57724,MG,standing,1578404021
223,2020-01-07 13:33:41.635,0.042542,-0.81514,-0.575729,MG,standing,1578404021
224,2020-01-07 13:33:41.735,0.044724,-0.818329,-0.578476,MG,standing,1578404021
225,2020-01-07 13:33:41.835,0.042892,-0.8170930000000001,-0.579758,MG,standing,1578404021
226,2020-01-07 13:33:41.935,0.041641000000000004,-0.815948,-0.574997,MG,standing,1578404021
227,2020-01-07 13:33:42.035,0.044037,-0.814926,-0.5763699999999999,MG,standing,1578404022
228,2020-01-07 13:33:42.136,0.044952,-0.819702,-0.576904,MG,standing,1578404022
229,2020-01-07 13:33:42.236,0.039673,-0.819138,-0.5728,MG,standing,1578404022
230,2020-01-07 13:33:42.336,0.043396,-0.8271940000000001,-0.580612,MG,standing,1578404022
231,2020-01-07 13:33:42.436,0.04068,-0.817108,-0.576691,MG,standing,1578404022
232,2020-01-07 13:33:42.536,0.039597,-0.816864,-0.5735319999999999,MG,standing,1578404022
233,2020-01-07 13:33:42.636,0.047272,-0.823044,-0.572235,MG,standing,1578404022
234,2020-01-07 13:33:42.735,0.0457,-0.8342129999999999,-0.563492,MG,standing,1578404022
235,2020-01-07 13:33:42.836,0.035141000000000006,-0.81575,-0.573654,MG,standing,1578404022
236,2020-01-07 13:33:42.936,0.045334,-0.819931,-0.573196,MG,standing,1578404022
237,2020-01-07 13:33:43.037,0.047333,-0.8211209999999999,-0.568283,MG,standing,1578404023
238,2020-01-07 13:33:43.136,0.038361,-0.817703,-0.561813,MG,standing,1578404023
239,2020-01-07 13:33:43.236,0.056076,-0.825684,-0.5817260000000001,MG,standing,1578404023
240,2020-01-07 13:33:43.336,0.045654,-0.8158569999999999,-0.560776,MG,standing,1578404023
241,2020-01-07 13:33:43.436,0.051453,-0.8191069999999999,-0.575195,MG,standing,1578404023
242,2020-01-07 13:33:43.535,0.06503300000000001,-0.8251799999999999,-0.598679,MG,standing,1578404023
243,2020-01-07 13:33:43.636,0.044235000000000003,-0.812317,-0.567749,MG,standing,1578404023
244,2020-01-07 13:33:43.736,0.054564999999999995,-0.8198700000000001,-0.565887,MG,standing,1578404023
245,2020-01-07 13:33:43.836,0.039215,-0.813004,-0.57547,MG,standing,1578404023
246,2020-01-07 13:33:43.936,0.052566999999999996,-0.820709,-0.571503,MG,standing,1578404023
247,2020-01-07 13:33:44.036,0.050858,-0.811783,-0.5882569999999999,MG,standing,1578404024
248,2020-01-07 13:33:44.135,0.048004000000000005,-0.8155979999999999,-0.573364,MG,standing,1578404024
249,2020-01-07 13:33:44.235,0.053741,-0.822968,-0.573593,MG,standing,1578404024
250,2020-01-07 13:33:44.335,0.048935,-0.8161619999999999,-0.574585,MG,standing,1578404024
251,2020-01-07 13:33:44.435,0.052444000000000005,-0.814331,-0.578415,MG,standing,1578404024
252,2020-01-07 13:33:44.535,0.04129,-0.813583,-0.570801,MG,standing,1578404024
253,2020-01-07 13:33:44.635,0.066315,-0.820206,-0.589584,MG,standing,1578404024
254,2020-01-07 13:33:44.735,0.058716,-0.81517,-0.5785060000000001,MG,standing,1578404024
255,2020-01-07 13:33:44.835,0.041565,-0.8060609999999999,-0.573227,MG,standing,1578404024
256,2020-01-07 13:33:44.935,0.052139,-0.818497,-0.578384,MG,standing,1578404024
257,2020-01-07 13:33:45.035,0.056442,-0.8264469999999999,-0.572449,MG,standing,1578404025
258,2020-01-07 13:33:45.135,0.037872,-0.804565,-0.587296,MG,standing,1578404025
259,2020-01-07 13:33:45.235,0.049759,-0.819275,-0.565567,MG,standing,1578404025
260,2020-01-07 13:33:45.335,0.043457,-0.812393,-0.5849300000000001,MG,standing,1578404025
261,2020-01-07 13:33:45.440,0.051376,-0.8199620000000001,-0.575684,MG,standing,1578404025
262,2020-01-07 13:33:45.535,0.045929000000000005,-0.818634,-0.5717770000000001,MG,standing,1578404025
263,2020-01-07 13:33:45.635,0.046508999999999995,-0.812546,-0.576019,MG,standing,1578404025
264,2020-01-07 13:33:45.735,0.04245,-0.819824,-0.5630649999999999,MG,standing,1578404025
265,2020-01-07 13:33:45.840,0.048462,-0.8202209999999999,-0.578232,MG,standing,1578404025
266,2020-01-07 13:33:45.935,0.048279,-0.822357,-0.567505,MG,standing,1578404025
267,2020-01-07 13:33:46.035,0.04158,-0.81221,-0.573593,MG,standing,1578404026
268,2020-01-07 13:33:46.135,0.050827,-0.820709,-0.5700529999999999,MG,standing,1578404026
269,2020-01-07 13:33:46.235,0.049118,-0.8171390000000001,-0.573853,MG,standing,1578404026
270,2020-01-07 13:33:46.335,0.046417,-0.811569,-0.5782470000000001,MG,standing,1578404026
271,2020-01-07 13:33:46.435,0.058914,-0.816467,-0.576813,MG,standing,1578404026
272,2020-01-07 13:33:46.535,0.054535,-0.817032,-0.58139,MG,standing,1578404026
273,2020-01-07 13:33:46.635,0.051056,-0.812485,-0.568817,MG,standing,1578404026
274,2020-01-07 13:33:46.735,0.055634,-0.814972,-0.579254,MG,standing,1578404026
275,2020-01-07 13:33:46.835,0.053848,-0.8124239999999999,-0.582733,MG,standing,1578404026
276,2020-01-07 13:33:46.935,0.052322,-0.8101649999999999,-0.5856020000000001,MG,standing,1578404026
277,2020-01-07 13:33:47.035,0.051041,-0.809372,-0.574158,MG,standing,1578404027
278,2020-01-07 13:33:47.135,0.047989,-0.810379,-0.581238,MG,standing,1578404027
279,2020-01-07 13:33:47.235,0.05304,-0.814026,-0.58606,MG,standing,1578404027
280,2020-01-07 13:33:47.335,0.055054,-0.810196,-0.585663,MG,standing,1578404027
281,2020-01-07 13:33:47.435,0.044861,-0.812515,-0.5821529999999999,MG,standing,1578404027
282,2020-01-07 13:33:47.535,0.049759,-0.815125,-0.5789949999999999,MG,standing,1578404027
283,2020-01-07 13:33:47.635,0.051253999999999994,-0.81723,-0.571228,MG,standing,1578404027
284,2020-01-07 13:33:47.735,0.048019,-0.814316,-0.577072,MG,standing,1578404027
285,2020-01-07 13:33:47.834,0.045731,-0.817764,-0.572983,MG,standing,1578404027
286,2020-01-07 13:33:47.935,0.046127,-0.814056,-0.57962,MG,standing,1578404027
287,2020-01-07 13:33:48.035,0.048691000000000005,-0.819839,-0.567734,MG,standing,1578404028
288,2020-01-07 13:33:48.134,0.048325,-0.813507,-0.57605,MG,standing,1578404028
289,2020-01-07 13:33:48.234,0.044724,-0.8177949999999999,-0.572906,MG,standing,1578404028
290,2020-01-07 13:33:48.334,0.044373,-0.816742,-0.574249,MG,standing,1578404028
291,2020-01-07 13:33:48.434,0.04715,-0.817062,-0.572922,MG,standing,1578404028
292,2020-01-07 13:33:48.534,0.0439,-0.815262,-0.572128,MG,standing,1578404028
293,2020-01-07 13:33:48.644,0.047455000000000004,-0.819443,-0.574997,MG,standing,1578404028
294,2020-01-07 13:33:48.734,0.047165,-0.819839,-0.575851,MG,standing,1578404028
295,2020-01-07 13:33:48.834,0.055954,-0.8207399999999999,-0.582428,MG,standing,1578404028
296,2020-01-07 13:33:48.934,0.047348,-0.810791,-0.5750430000000001,MG,standing,1578404028
297,2020-01-07 13:33:49.041,0.051575,-0.817017,-0.571381,MG,standing,1578404029
298,2020-01-07 13:33:49.134,0.049332,-0.813751,-0.57402,MG,standing,1578404029
299,2020-01-07 13:33:49.234,0.054214,-0.818344,-0.579346,MG,standing,1578404029
300,2020-01-07 13:33:49.334,0.053772,-0.816391,-0.57811,MG,standing,1578404029
301,2020-01-07 13:33:49.434,0.05574,-0.813034,-0.585648,MG,standing,1578404029
302,2020-01-07 13:33:49.534,0.05430599999999999,-0.813171,-0.5737760000000001,MG,standing,1578404029
303,2020-01-07 13:33:49.634,0.05728099999999999,-0.81691,-0.575058,MG,standing,1578404029
304,2020-01-07 13:33:49.734,0.056090999999999995,-0.8174130000000001,-0.578842,MG,standing,1578404029
305,2020-01-07 13:33:49.834,0.052948,-0.8171229999999999,-0.579163,MG,standing,1578404029
306,2020-01-07 13:33:49.934,0.051605,-0.814682,-0.579132,MG,standing,1578404029
307,2020-01-07 13:33:50.034,0.049698,-0.816391,-0.575272,MG,standing,1578404030
308,2020-01-07 13:33:50.134,0.046585,-0.813751,-0.582565,MG,standing,1578404030
309,2020-01-07 13:33:50.236,0.048583999999999995,-0.81604,-0.5728300000000001,MG,standing,1578404030
310,2020-01-07 13:33:50.334,0.049591,-0.817642,-0.572876,MG,standing,1578404030
311,2020-01-07 13:33:50.434,0.041794,-0.812515,-0.58403,MG,standing,1578404030
312,2020-01-07 13:33:50.534,0.048126,-0.8181149999999999,-0.574982,MG,standing,1578404030
313,2020-01-07 13:33:50.634,0.044433999999999994,-0.814316,-0.5793,MG,standing,1578404030
314,2020-01-07 13:33:50.734,0.042038,-0.813126,-0.5782010000000001,MG,standing,1578404030
315,2020-01-07 13:33:50.834,0.045792,-0.816711,-0.5786439999999999,MG,standing,1578404030
316,2020-01-07 13:33:50.934,0.046294999999999996,-0.817749,-0.577621,MG,standing,1578404030
317,2020-01-07 13:33:51.034,0.046752999999999996,-0.81752,-0.582932,MG,standing,1578404031
318,2020-01-07 13:33:51.133,0.04068,-0.814545,-0.569519,MG,standing,1578404031
319,2020-01-07 13:33:51.234,0.046294999999999996,-0.820023,-0.573639,MG,standing,1578404031
320,2020-01-07 13:33:51.334,0.045502,-0.815063,-0.5805359999999999,MG,standing,1578404031
321,2020-01-07 13:33:51.434,0.045029,-0.815704,-0.5734859999999999,MG,standing,1578404031
322,2020-01-07 13:33:51.534,0.056792999999999996,-0.818497,-0.586105,MG,standing,1578404031
323,2020-01-07 13:33:51.634,0.054367,-0.814682,-0.583282,MG,standing,1578404031
324,2020-01-07 13:33:51.734,0.039062,-0.8060609999999999,-0.57222,MG,standing,1578404031
325,2020-01-07 13:33:51.834,0.055908000000000006,-0.8192290000000001,-0.585907,MG,standing,1578404031
326,2020-01-07 13:33:51.934,0.052307000000000006,-0.8104399999999999,-0.588593,MG,standing,1578404031
327,2020-01-07 13:33:52.034,0.051773,-0.809937,-0.583206,MG,standing,1578404032
328,2020-01-07 13:33:52.134,0.060059,-0.818893,-0.5805359999999999,MG,standing,1578404032
329,2020-01-07 13:33:52.234,0.054932,-0.809998,-0.586212,MG,standing,1578404032
330,2020-01-07 13:33:52.333,0.055327999999999995,-0.81395,-0.578354,MG,standing,1578404032
331,2020-01-07 13:33:52.433,0.054398,-0.813675,-0.57782,MG,standing,1578404032
332,2020-01-07 13:33:52.533,0.054077,-0.815369,-0.58609,MG,standing,1578404032
333,2020-01-07 13:33:52.633,0.050385,-0.812836,-0.577347,MG,standing,1578404032
334,2020-01-07 13:33:52.733,0.049149,-0.813156,-0.577759,MG,standing,1578404032
335,2020-01-07 13:33:52.833,0.048523000000000004,-0.810776,-0.574326,MG,standing,1578404032
336,2020-01-07 13:33:52.933,0.051285000000000004,-0.818405,-0.580612,MG,standing,1578404032
337,2020-01-07 13:33:53.033,0.046265,-0.814651,-0.582382,MG,standing,1578404033
338,2020-01-07 13:33:53.133,0.041382,-0.8149569999999999,-0.5785060000000001,MG,standing,1578404033
339,2020-01-07 13:33:53.233,0.053176999999999995,-0.8189390000000001,-0.583023,MG,standing,1578404033
340,2020-01-07 13:33:53.333,0.03891,-0.810654,-0.576584,MG,standing,1578404033
341,2020-01-07 13:33:53.433,0.051788,-0.818649,-0.578171,MG,standing,1578404033
342,2020-01-07 13:33:53.533,0.041885000000000006,-0.813416,-0.5771029999999999,MG,standing,1578404033
343,2020-01-07 13:33:53.633,0.048782,-0.817261,-0.583221,MG,standing,1578404033
344,2020-01-07 13:33:53.733,0.04068,-0.81871,-0.569778,MG,standing,1578404033
345,2020-01-07 13:33:53.833,0.041016000000000004,-0.815445,-0.574188,MG,standing,1578404033
346,2020-01-07 13:33:53.933,0.050658999999999996,-0.8188479999999999,-0.576462,MG,standing,1578404033
347,2020-01-07 13:33:54.033,0.041885000000000006,-0.815659,-0.570786,MG,standing,1578404034
348,2020-01-07 13:33:54.133,0.048187,-0.817032,-0.578842,MG,standing,1578404034
349,2020-01-07 13:33:54.237,0.051803999999999996,-0.816986,-0.579727,MG,standing,1578404034
350,2020-01-07 13:33:54.333,0.045547000000000004,-0.813812,-0.5784,MG,standing,1578404034
351,2020-01-07 13:33:54.433,0.055054,-0.818802,-0.579651,MG,standing,1578404034
352,2020-01-07 13:33:54.533,0.054672000000000005,-0.813492,-0.579956,MG,standing,1578404034
353,2020-01-07 13:33:54.639,0.051086,-0.81102,-0.577774,MG,standing,1578404034
354,2020-01-07 13:33:54.733,0.051849,-0.813049,-0.5789949999999999,MG,standing,1578404034
355,2020-01-07 13:33:54.833,0.057861,-0.812866,-0.580643,MG,standing,1578404034
356,2020-01-07 13:33:54.933,0.05159,-0.815826,-0.571274,MG,standing,1578404034
357,2020-01-07 13:33:55.033,0.051498,-0.813583,-0.5791930000000001,MG,standing,1578404035
358,2020-01-07 13:33:55.133,0.053146000000000006,-0.817566,-0.574738,MG,standing,1578404035
359,2020-01-07 13:33:55.233,0.045731,-0.814728,-0.572861,MG,standing,1578404035
360,2020-01-07 13:33:55.333,0.054229999999999993,-0.8173520000000001,-0.5843510000000001,MG,standing,1578404035
361,2020-01-07 13:33:55.438,0.047989,-0.8194889999999999,-0.577332,MG,standing,1578404035
362,2020-01-07 13:33:55.533,0.044174,-0.8145899999999999,-0.573013,MG,standing,1578404035
363,2020-01-07 13:33:55.632,0.049835000000000004,-0.8223879999999999,-0.5802149999999999,MG,standing,1578404035
364,2020-01-07 13:33:55.732,0.046692000000000004,-0.8161619999999999,-0.574799,MG,standing,1578404035
365,2020-01-07 13:33:55.833,0.044128,-0.813919,-0.569717,MG,standing,1578404035
366,2020-01-07 13:33:55.932,0.04425,-0.81691,-0.572403,MG,standing,1578404035
367,2020-01-07 13:33:56.032,0.046616000000000005,-0.81871,-0.579132,MG,standing,1578404036
368,2020-01-07 13:33:56.132,0.049895999999999996,-0.8211209999999999,-0.5782470000000001,MG,standing,1578404036
369,2020-01-07 13:33:56.232,0.044174,-0.814651,-0.5800930000000001,MG,standing,1578404036
370,2020-01-07 13:33:56.332,0.043259,-0.8152159999999999,-0.568817,MG,standing,1578404036
371,2020-01-07 13:33:56.432,0.044342,-0.8123630000000001,-0.580811,MG,standing,1578404036
372,2020-01-07 13:33:56.532,0.046875,-0.8212280000000001,-0.569153,MG,standing,1578404036
373,2020-01-07 13:33:56.632,0.048431,-0.816711,-0.582962,MG,standing,1578404036
374,2020-01-07 13:33:56.748,0.0495,-0.818237,-0.576584,MG,standing,1578404036
375,2020-01-07 13:33:56.848,0.053101,-0.813293,-0.58078,MG,standing,1578404036
376,2020-01-07 13:33:56.932,0.054214,-0.815613,-0.572708,MG,standing,1578404036
377,2020-01-07 13:33:57.033,0.052504999999999996,-0.812531,-0.578491,MG,standing,1578404037
378,2020-01-07 13:33:57.133,0.059784000000000004,-0.816971,-0.577087,MG,standing,1578404037
379,2020-01-07 13:33:57.233,0.052689,-0.812592,-0.573807,MG,standing,1578404037
380,2020-01-07 13:33:57.333,0.05806,-0.8109890000000001,-0.580704,MG,standing,1578404037
381,2020-01-07 13:33:57.433,0.06051599999999999,-0.815552,-0.58107,MG,standing,1578404037
382,2020-01-07 13:33:57.533,0.062637,-0.8145899999999999,-0.576248,MG,standing,1578404037
383,2020-01-07 13:33:57.632,0.059128,-0.814499,-0.582581,MG,standing,1578404037
384,2020-01-07 13:33:57.733,0.059937,-0.814194,-0.57962,MG,standing,1578404037
385,2020-01-07 13:33:57.832,0.056076,-0.81311,-0.574554,MG,standing,1578404037
386,2020-01-07 13:33:57.933,0.055908000000000006,-0.8161010000000001,-0.585754,MG,standing,1578404037
387,2020-01-07 13:33:58.033,0.057250999999999996,-0.8174130000000001,-0.5715939999999999,MG,standing,1578404038
388,2020-01-07 13:33:58.134,0.0513,-0.809326,-0.575882,MG,standing,1578404038
389,2020-01-07 13:33:58.234,0.05719,-0.816818,-0.580048,MG,standing,1578404038
390,2020-01-07 13:33:58.334,0.050552,-0.8116909999999999,-0.5760649999999999,MG,standing,1578404038
391,2020-01-07 13:33:58.434,0.053589,-0.8145140000000001,-0.575394,MG,standing,1578404038
392,2020-01-07 13:33:58.534,0.054520000000000006,-0.8152010000000001,-0.578903,MG,standing,1578404038
393,2020-01-07 13:33:58.635,0.054291,-0.8161930000000001,-0.5770569999999999,MG,standing,1578404038
394,2020-01-07 13:33:58.735,0.05304,-0.815277,-0.578033,MG,standing,1578404038
395,2020-01-07 13:33:58.835,0.054702999999999995,-0.815735,-0.58223,MG,standing,1578404038
396,2020-01-07 13:33:58.935,0.052063,-0.8170930000000001,-0.574005,MG,standing,1578404038
397,2020-01-07 13:33:59.035,0.049225,-0.816467,-0.572174,MG,standing,1578404039
398,2020-01-07 13:33:59.136,0.053207000000000004,-0.8161470000000001,-0.5801850000000001,MG,standing,1578404039
399,2020-01-07 13:33:59.236,0.048065,-0.817444,-0.572144,MG,standing,1578404039
400,2020-01-07 13:33:59.335,0.048386,-0.817566,-0.5740810000000001,MG,standing,1578404039
401,2020-01-07 13:33:59.435,0.048507999999999996,-0.814026,-0.581589,MG,standing,1578404039
402,2020-01-07 13:33:59.535,0.053328999999999994,-0.816483,-0.574631,MG,standing,1578404039
403,2020-01-07 13:33:59.635,0.053176999999999995,-0.814972,-0.582504,MG,standing,1578404039
404,2020-01-07 13:33:59.735,0.05719,-0.81221,-0.5801850000000001,MG,standing,1578404039
405,2020-01-07 13:33:59.835,0.058487,-0.816772,-0.579834,MG,standing,1578404039
406,2020-01-07 13:33:59.935,0.052841,-0.810471,-0.5766140000000001,MG,standing,1578404039
407,2020-01-07 13:34:00.035,0.06076,-0.814163,-0.582291,MG,standing,1578404040
408,2020-01-07 13:34:00.135,0.060623,-0.814682,-0.580444,MG,standing,1578404040
409,2020-01-07 13:34:00.235,0.060425,-0.812347,-0.581741,MG,standing,1578404040
410,2020-01-07 13:34:00.341,0.063751,-0.816422,-0.577454,MG,standing,1578404040
411,2020-01-07 13:34:00.435,0.059128,-0.813828,-0.5777439999999999,MG,standing,1578404040
412,2020-01-07 13:34:00.535,0.06217999999999999,-0.812469,-0.57782,MG,standing,1578404040
413,2020-01-07 13:34:00.635,0.057464999999999995,-0.812149,-0.574326,MG,standing,1578404040
414,2020-01-07 13:34:00.735,0.059784000000000004,-0.81665,-0.579819,MG,standing,1578404040
415,2020-01-07 13:34:00.835,0.058685,-0.8136140000000001,-0.5824739999999999,MG,standing,1578404040
416,2020-01-07 13:34:00.935,0.054123000000000004,-0.8119350000000001,-0.575638,MG,standing,1578404040
417,2020-01-07 13:34:01.035,0.055465999999999994,-0.8138890000000001,-0.57785,MG,standing,1578404041
418,2020-01-07 13:34:01.135,0.057571000000000004,-0.814133,-0.574997,MG,standing,1578404041
419,2020-01-07 13:34:01.235,0.05499299999999999,-0.815384,-0.5785680000000001,MG,standing,1578404041
420,2020-01-07 13:34:01.335,0.053741,-0.8154140000000001,-0.5751649999999999,MG,standing,1578404041
421,2020-01-07 13:34:01.435,0.054077,-0.817062,-0.580414,MG,standing,1578404041
422,2020-01-07 13:34:01.535,0.051422,-0.8163600000000001,-0.570389,MG,standing,1578404041
423,2020-01-07 13:34:01.635,0.054199000000000004,-0.8123020000000001,-0.582458,MG,standing,1578404041
424,2020-01-07 13:34:01.735,0.055023,-0.8171390000000001,-0.579102,MG,standing,1578404041
425,2020-01-07 13:34:01.835,0.051346,-0.813248,-0.577377,MG,standing,1578404041
426,2020-01-07 13:34:01.945,0.05069,-0.816254,-0.570755,MG,standing,1578404041
427,2020-01-07 13:34:02.046,0.053497,-0.816025,-0.5779569999999999,MG,standing,1578404042
428,2020-01-07 13:34:02.146,0.054657000000000004,-0.818207,-0.583069,MG,standing,1578404042
429,2020-01-07 13:34:02.246,0.054153,-0.817978,-0.576279,MG,standing,1578404042
430,2020-01-07 13:34:02.336,0.051086,-0.8117979999999999,-0.580978,MG,standing,1578404042
431,2020-01-07 13:34:02.436,0.055420000000000004,-0.819412,-0.573715,MG,standing,1578404042
432,2020-01-07 13:34:02.536,0.054245,-0.8149569999999999,-0.581314,MG,standing,1578404042
433,2020-01-07 13:34:02.636,0.055786,-0.814484,-0.576752,MG,standing,1578404042
434,2020-01-07 13:34:02.736,0.061447,-0.8161470000000001,-0.587967,MG,standing,1578404042
435,2020-01-07 13:34:02.836,0.05806,-0.813049,-0.572479,MG,standing,1578404042
436,2020-01-07 13:34:02.936,0.055862,-0.810638,-0.576096,MG,standing,1578404042
437,2020-01-07 13:34:03.036,0.058289,-0.8116,-0.579468,MG,standing,1578404043
438,2020-01-07 13:34:03.136,0.06076,-0.813461,-0.577866,MG,standing,1578404043
439,2020-01-07 13:34:03.236,0.058563,-0.813797,-0.574188,MG,standing,1578404043
440,2020-01-07 13:34:03.336,0.060333000000000005,-0.814804,-0.574631,MG,standing,1578404043
441,2020-01-07 13:34:03.436,0.061690999999999996,-0.813599,-0.580292,MG,standing,1578404043
442,2020-01-07 13:34:03.536,0.06219500000000001,-0.814819,-0.578476,MG,standing,1578404043
443,2020-01-07 13:34:03.636,0.058289,-0.812088,-0.580597,MG,standing,1578404043
444,2020-01-07 13:34:03.736,0.058319,-0.815872,-0.57695,MG,standing,1578404043
445,2020-01-07 13:34:03.835,0.06456,-0.819824,-0.5820770000000001,MG,standing,1578404043
446,2020-01-07 13:34:03.936,0.055878,-0.813766,-0.572952,MG,standing,1578404043
447,2020-01-07 13:34:04.036,0.060028,-0.813797,-0.582458,MG,standing,1578404044
448,2020-01-07 13:34:04.136,0.056061,-0.8120569999999999,-0.576279,MG,standing,1578404044
449,2020-01-07 13:34:04.236,0.058289,-0.8149569999999999,-0.578384,MG,standing,1578404044
450,2020-01-07 13:34:04.335,0.05859400000000001,-0.818451,-0.575226,MG,standing,1578404044
451,2020-01-07 13:34:04.435,0.052933,-0.8126680000000001,-0.576645,MG,standing,1578404044
452,2020-01-07 13:34:04.535,0.05998200000000001,-0.8205110000000001,-0.574554,MG,standing,1578404044
453,2020-01-07 13:34:04.635,0.056244,-0.816711,-0.574005,MG,standing,1578404044
454,2020-01-07 13:34:04.735,0.052872,-0.810669,-0.5718840000000001,MG,standing,1578404044
455,2020-01-07 13:34:04.835,0.058258000000000004,-0.816498,-0.577545,MG,standing,1578404044
456,2020-01-07 13:34:04.935,0.051666,-0.814453,-0.575684,MG,standing,1578404044
457,2020-01-07 13:34:05.035,0.053925,-0.816559,-0.5731510000000001,MG,standing,1578404045
458,2020-01-07 13:34:05.135,0.052002,-0.815262,-0.572083,MG,standing,1578404045
459,2020-01-07 13:34:05.235,0.058578,-0.81572,-0.58139,MG,standing,1578404045
460,2020-01-07 13:34:05.335,0.052994000000000006,-0.812775,-0.577637,MG,standing,1578404045
461,2020-01-07 13:34:05.435,0.055557,-0.814987,-0.5715939999999999,MG,standing,1578404045
462,2020-01-07 13:34:05.535,0.058242999999999996,-0.814728,-0.57814,MG,standing,1578404045
463,2020-01-07 13:34:05.635,0.060302999999999995,-0.8191069999999999,-0.5780029999999999,MG,standing,1578404045
464,2020-01-07 13:34:05.735,0.058716,-0.812561,-0.580109,MG,standing,1578404045
465,2020-01-07 13:34:05.835,0.06279,-0.815445,-0.579178,MG,standing,1578404045
466,2020-01-07 13:34:05.941,0.062241,-0.8113859999999999,-0.5785060000000001,MG,standing,1578404045
467,2020-01-07 13:34:06.041,0.06405599999999999,-0.8126369999999999,-0.582367,MG,standing,1578404046
468,2020-01-07 13:34:06.141,0.064194,-0.8133090000000001,-0.58226,MG,standing,1578404046
469,2020-01-07 13:34:06.241,0.06369,-0.815231,-0.56723,MG,standing,1578404046
470,2020-01-07 13:34:06.341,0.060013,-0.81221,-0.581116,MG,standing,1578404046
471,2020-01-07 13:34:06.442,0.067245,-0.819351,-0.5788270000000001,MG,standing,1578404046
472,2020-01-07 13:34:06.542,0.059052,-0.811874,-0.575592,MG,standing,1578404046
473,2020-01-07 13:34:06.642,0.063126,-0.8174130000000001,-0.5834199999999999,MG,standing,1578404046
474,2020-01-07 13:34:06.742,0.059905999999999994,-0.8162689999999999,-0.5752109999999999,MG,standing,1578404046
475,2020-01-07 13:34:06.842,0.060013,-0.8149569999999999,-0.5802,MG,standing,1578404046
476,2020-01-07 13:34:06.943,0.058975,-0.812775,-0.576889,MG,standing,1578404046
477,2020-01-07 13:34:07.043,0.054886000000000004,-0.809616,-0.575958,MG,standing,1578404047
478,2020-01-07 13:34:07.143,0.06337000000000001,-0.815796,-0.578781,MG,standing,1578404047
479,2020-01-07 13:34:07.243,0.061005,-0.8198850000000001,-0.580734,MG,standing,1578404047
480,2020-01-07 13:34:07.343,0.05513,-0.811905,-0.572769,MG,standing,1578404047
481,2020-01-07 13:34:07.444,0.060532,-0.8162229999999999,-0.580444,MG,standing,1578404047
482,2020-01-07 13:34:07.544,0.057266,-0.816971,-0.574738,MG,standing,1578404047
483,2020-01-07 13:34:07.644,0.057587,-0.8167270000000001,-0.575882,MG,standing,1578404047
484,2020-01-07 13:34:07.744,0.054245,-0.812027,-0.572327,MG,standing,1578404047
485,2020-01-07 13:34:07.845,0.054001,-0.818817,-0.570023,MG,standing,1578404047
486,2020-01-07 13:34:07.945,0.05575599999999999,-0.814346,-0.576324,MG,standing,1578404047
487,2020-01-07 13:34:08.045,0.057419000000000005,-0.8203280000000001,-0.577454,MG,standing,1578404048
488,2020-01-07 13:34:08.145,0.052444000000000005,-0.814484,-0.5680689999999999,MG,standing,1578404048
489,2020-01-07 13:34:08.245,0.058975,-0.818466,-0.5786899999999999,MG,standing,1578404048
490,2020-01-07 13:34:08.346,0.058151,-0.815079,-0.575912,MG,standing,1578404048
491,2020-01-07 13:34:08.446,0.056061,-0.8165279999999999,-0.5745239999999999,MG,standing,1578404048
492,2020-01-07 13:34:08.546,0.060989,-0.811508,-0.574051,MG,standing,1578404048
493,2020-01-07 13:34:08.646,0.060135,-0.816879,-0.572296,MG,standing,1578404048
494,2020-01-07 13:34:08.747,0.059174000000000004,-0.808624,-0.582535,MG,standing,1578404048
495,2020-01-07 13:34:08.841,0.064667,-0.8199770000000001,-0.5782619999999999,MG,standing,1578404048
496,2020-01-07 13:34:08.941,0.06225599999999999,-0.812592,-0.584839,MG,standing,1578404048
497,2020-01-07 13:34:09.041,0.062088,-0.816467,-0.570816,MG,standing,1578404049
498,2020-01-07 13:34:09.141,0.061980999999999994,-0.811554,-0.5776979999999999,MG,standing,1578404049
499,2020-01-07 13:34:09.241,0.062332000000000005,-0.816299,-0.578384,MG,standing,1578404049
500,2020-01-07 13:34:09.341,0.064499,-0.816116,-0.581467,MG,standing,1578404049
501,2020-01-07 13:34:09.441,0.063431,-0.816422,-0.5747680000000001,MG,standing,1578404049
502,2020-01-07 13:34:09.541,0.05575599999999999,-0.808228,-0.575287,MG,standing,1578404049
503,2020-01-07 13:34:09.641,0.060364,-0.8158569999999999,-0.570969,MG,standing,1578404049
504,2020-01-07 13:34:09.741,0.060028,-0.814529,-0.581421,MG,standing,1578404049
505,2020-01-07 13:34:09.842,0.062317,-0.820023,-0.577362,MG,standing,1578404049
506,2020-01-07 13:34:09.941,0.059738,-0.813538,-0.578583,MG,standing,1578404049
507,2020-01-07 13:34:10.042,0.05583200000000001,-0.813797,-0.574783,MG,standing,1578404050
508,2020-01-07 13:34:10.142,0.060486,-0.816284,-0.575363,MG,standing,1578404050
509,2020-01-07 13:34:10.242,0.057526,-0.816055,-0.573517,MG,standing,1578404050
510,2020-01-07 13:34:10.342,0.055969000000000005,-0.81279,-0.569733,MG,standing,1578404050
511,2020-01-07 13:34:10.443,0.057388,-0.815643,-0.5756680000000001,MG,standing,1578404050
512,2020-01-07 13:34:10.543,0.057830999999999994,-0.8155359999999999,-0.575562,MG,standing,1578404050
513,2020-01-07 13:34:10.643,0.059082,-0.817856,-0.575653,MG,standing,1578404050
514,2020-01-07 13:34:10.743,0.054810000000000005,-0.812408,-0.576019,MG,standing,1578404050
515,2020-01-07 13:34:10.844,0.05658,-0.816376,-0.5725399999999999,MG,standing,1578404050
516,2020-01-07 13:34:10.943,0.054611,-0.8158569999999999,-0.574112,MG,standing,1578404050
517,2020-01-07 13:34:11.043,0.057266,-0.817398,-0.5780029999999999,MG,standing,1578404051
518,2020-01-07 13:34:11.143,0.056792999999999996,-0.81723,-0.577148,MG,standing,1578404051
519,2020-01-07 13:34:11.243,0.056930999999999995,-0.810913,-0.580368,MG,standing,1578404051
520,2020-01-07 13:34:11.343,0.060592999999999994,-0.8187409999999999,-0.578537,MG,standing,1578404051
521,2020-01-07 13:34:11.449,0.054564999999999995,-0.811066,-0.576813,MG,standing,1578404051
522,2020-01-07 13:34:11.543,0.062393,-0.818787,-0.575485,MG,standing,1578404051
523,2020-01-07 13:34:11.643,0.060410000000000005,-0.8133090000000001,-0.584396,MG,standing,1578404051
524,2020-01-07 13:34:11.743,0.059448,-0.8161470000000001,-0.572739,MG,standing,1578404051
525,2020-01-07 13:34:11.866,0.06217999999999999,-0.809921,-0.582535,MG,standing,1578404051
526,2020-01-07 13:34:11.958,0.06428500000000001,-0.818054,-0.575439,MG,standing,1578404051
527,2020-01-07 13:34:12.059,0.060425,-0.812439,-0.575806,MG,standing,1578404052
528,2020-01-07 13:34:12.159,0.06066900000000001,-0.8161930000000001,-0.5738979999999999,MG,standing,1578404052
529,2020-01-07 13:34:12.259,0.061951,-0.815186,-0.576828,MG,standing,1578404052
530,2020-01-07 13:34:12.359,0.06105,-0.816788,-0.576889,MG,standing,1578404052
531,2020-01-07 13:34:12.460,0.059738,-0.814026,-0.572601,MG,standing,1578404052
532,2020-01-07 13:34:12.560,0.057373,-0.816925,-0.570267,MG,standing,1578404052
533,2020-01-07 13:34:12.660,0.059128,-0.816589,-0.5798800000000001,MG,standing,1578404052
534,2020-01-07 13:34:12.760,0.05996699999999999,-0.8170930000000001,-0.571793,MG,standing,1578404052
535,2020-01-07 13:34:12.860,0.056090999999999995,-0.813919,-0.57486,MG,standing,1578404052
536,2020-01-07 13:34:12.961,0.061767999999999997,-0.819412,-0.578018,MG,standing,1578404052
537,2020-01-07 13:34:13.061,0.05796799999999999,-0.813126,-0.579041,MG,standing,1578404053
538,2020-01-07 13:34:13.161,0.056549,-0.812805,-0.575134,MG,standing,1578404053
539,2020-01-07 13:34:13.261,0.058441,-0.817337,-0.57312,MG,standing,1578404053
540,2020-01-07 13:34:13.361,0.05728099999999999,-0.8174739999999999,-0.577896,MG,standing,1578404053
541,2020-01-07 13:34:13.472,0.056061,-0.8128810000000001,-0.57692,MG,standing,1578404053
542,2020-01-07 13:34:13.562,0.055251999999999996,-0.81723,-0.575287,MG,standing,1578404053
543,2020-01-07 13:34:13.662,0.057297,-0.817657,-0.580338,MG,standing,1578404053
544,2020-01-07 13:34:13.762,0.053009,-0.812439,-0.5728,MG,standing,1578404053
545,2020-01-07 13:34:13.862,0.057540999999999995,-0.816574,-0.579803,MG,standing,1578404053
546,2020-01-07 13:34:13.963,0.05651900000000001,-0.81543,-0.570847,MG,standing,1578404053
547,2020-01-07 13:34:14.063,0.05430599999999999,-0.813858,-0.573715,MG,standing,1578404054
548,2020-01-07 13:34:14.163,0.058136,-0.8164060000000001,-0.579697,MG,standing,1578404054
549,2020-01-07 13:34:14.272,0.058685,-0.815918,-0.576599,MG,standing,1578404054
550,2020-01-07 13:34:14.364,0.061325,-0.815796,-0.582901,MG,standing,1578404054
551,2020-01-07 13:34:14.463,0.061676,-0.8144680000000001,-0.577667,MG,standing,1578404054
552,2020-01-07 13:34:14.564,0.06423999999999999,-0.813919,-0.581024,MG,standing,1578404054
553,2020-01-07 13:34:14.671,0.062103,-0.812317,-0.573425,MG,standing,1578404054
554,2020-01-07 13:34:14.764,0.064117,-0.814896,-0.5744779999999999,MG,standing,1578404054
555,2020-01-07 13:34:14.865,0.067398,-0.817551,-0.581284,MG,standing,1578404054
556,2020-01-07 13:34:14.965,0.064301,-0.812515,-0.5811609999999999,MG,standing,1578404054
557,2020-01-07 13:34:15.069,0.063766,-0.816254,-0.571014,MG,standing,1578404055
558,2020-01-07 13:34:15.165,0.064987,-0.8154140000000001,-0.582123,MG,standing,1578404055
559,2020-01-07 13:34:15.265,0.064178,-0.8161010000000001,-0.578598,MG,standing,1578404055
560,2020-01-07 13:34:15.366,0.061676,-0.8149569999999999,-0.579361,MG,standing,1578404055
561,2020-01-07 13:34:15.471,0.061569000000000006,-0.815567,-0.577484,MG,standing,1578404055
562,2020-01-07 13:34:15.566,0.061127,-0.813873,-0.581345,MG,standing,1578404055
563,2020-01-07 13:34:15.666,0.058258000000000004,-0.814667,-0.576279,MG,standing,1578404055
564,2020-01-07 13:34:15.766,0.060226,-0.816299,-0.5750430000000001,MG,standing,1578404055
565,2020-01-07 13:34:15.866,0.054367,-0.811996,-0.573517,MG,standing,1578404055
566,2020-01-07 13:34:15.967,0.054611,-0.8148350000000001,-0.576843,MG,standing,1578404055
567,2020-01-07 13:34:16.067,0.060135,-0.8192290000000001,-0.58017,MG,standing,1578404056
568,2020-01-07 13:34:16.167,0.053345000000000004,-0.812805,-0.577621,MG,standing,1578404056
569,2020-01-07 13:34:16.272,0.060074,-0.817764,-0.5820770000000001,MG,standing,1578404056
570,2020-01-07 13:34:16.368,0.054367,-0.814667,-0.5744630000000001,MG,standing,1578404056
571,2020-01-07 13:34:16.468,0.055327999999999995,-0.816956,-0.576309,MG,standing,1578404056
572,2020-01-07 13:34:16.568,0.053207000000000004,-0.81395,-0.575912,MG,standing,1578404056
573,2020-01-07 13:34:16.668,0.052368,-0.811951,-0.5774229999999999,MG,standing,1578404056
574,2020-01-07 13:34:16.768,0.057312,-0.818283,-0.573914,MG,standing,1578404056
575,2020-01-07 13:34:16.868,0.055817,-0.811707,-0.576813,MG,standing,1578404056
576,2020-01-07 13:34:16.969,0.059630999999999997,-0.816879,-0.579453,MG,standing,1578404056
577,2020-01-07 13:34:17.070,0.056641,-0.812149,-0.580673,MG,standing,1578404057
578,2020-01-07 13:34:17.169,0.063141,-0.816437,-0.577362,MG,standing,1578404057
579,2020-01-07 13:34:17.269,0.056991999999999994,-0.812973,-0.579086,MG,standing,1578404057
580,2020-01-07 13:34:17.369,0.064682,-0.817017,-0.582993,MG,standing,1578404057
581,2020-01-07 13:34:17.470,0.064575,-0.814346,-0.575882,MG,standing,1578404057
582,2020-01-07 13:34:17.570,0.062241,-0.8133239999999999,-0.57814,MG,standing,1578404057
583,2020-01-07 13:34:17.670,0.064377,-0.812531,-0.576767,MG,standing,1578404057
584,2020-01-07 13:34:17.770,0.06405599999999999,-0.811539,-0.575012,MG,standing,1578404057
585,2020-01-07 13:34:17.870,0.068634,-0.8144680000000001,-0.5757140000000001,MG,standing,1578404057
586,2020-01-07 13:34:17.971,0.063141,-0.814621,-0.572479,MG,standing,1578404057
587,2020-01-07 13:34:18.071,0.064087,-0.814102,-0.578491,MG,standing,1578404058
588,2020-01-07 13:34:18.155,0.06514,-0.81488,-0.5779270000000001,MG,standing,1578404058
589,2020-01-07 13:34:18.256,0.060959000000000006,-0.812149,-0.575058,MG,standing,1578404058
590,2020-01-07 13:34:18.355,0.060196000000000006,-0.812653,-0.568588,MG,standing,1578404058
591,2020-01-07 13:34:18.455,0.059601,-0.812729,-0.573639,MG,standing,1578404058
592,2020-01-07 13:34:18.556,0.068192,-0.8183590000000001,-0.583069,MG,standing,1578404058
593,2020-01-07 13:34:18.656,0.062912,-0.813934,-0.581238,MG,standing,1578404058
594,2020-01-07 13:34:18.756,0.058716,-0.81366,-0.5712430000000001,MG,standing,1578404058
595,2020-01-07 13:34:18.855,0.058502,-0.816116,-0.5783229999999999,MG,standing,1578404058
596,2020-01-07 13:34:18.956,0.060318,-0.814926,-0.573914,MG,standing,1578404058
597,2020-01-07 13:34:19.055,0.058914,-0.816055,-0.5805819999999999,MG,standing,1578404059
598,2020-01-07 13:34:19.155,0.05665599999999999,-0.812714,-0.571198,MG,standing,1578404059
599,2020-01-07 13:34:19.256,0.05851699999999999,-0.8180850000000001,-0.578171,MG,standing,1578404059
600,2020-01-07 13:34:19.355,0.052841,-0.814392,-0.574738,MG,standing,1578404059
601,2020-01-07 13:34:19.456,0.056412000000000004,-0.815811,-0.572342,MG,standing,1578404059
602,2020-01-07 13:34:19.555,0.059905999999999994,-0.8167270000000001,-0.579803,MG,standing,1578404059
603,2020-01-07 13:34:19.655,0.054688,-0.815308,-0.573303,MG,standing,1578404059
604,2020-01-07 13:34:19.756,0.059204,-0.811508,-0.57016,MG,standing,1578404059
605,2020-01-07 13:34:19.856,0.058472,-0.8125760000000001,-0.577209,MG,standing,1578404059
606,2020-01-07 13:34:19.956,0.062408000000000005,-0.812531,-0.576218,MG,standing,1578404059
607,2020-01-07 13:34:20.057,0.06282,-0.817627,-0.5840609999999999,MG,standing,1578404060
608,2020-01-07 13:34:20.157,0.065002,-0.8136140000000001,-0.576477,MG,standing,1578404060
609,2020-01-07 13:34:20.257,0.062592,-0.81282,-0.5735779999999999,MG,standing,1578404060
610,2020-01-07 13:34:20.357,0.06311,-0.809174,-0.5809479999999999,MG,standing,1578404060
611,2020-01-07 13:34:20.457,0.070053,-0.818924,-0.577286,MG,standing,1578404060
612,2020-01-07 13:34:20.558,0.064163,-0.813248,-0.583435,MG,standing,1578404060
613,2020-01-07 13:34:20.658,0.069489,-0.8194889999999999,-0.574615,MG,standing,1578404060
614,2020-01-07 13:34:20.758,0.070312,-0.814499,-0.5773159999999999,MG,standing,1578404060
615,2020-01-07 13:34:20.858,0.06051599999999999,-0.808701,-0.575577,MG,standing,1578404060
616,2020-01-07 13:34:20.959,0.063095,-0.812164,-0.574753,MG,standing,1578404060
617,2020-01-07 13:34:21.059,0.066589,-0.815887,-0.5798949999999999,MG,standing,1578404061
618,2020-01-07 13:34:21.158,0.065582,-0.815338,-0.582581,MG,standing,1578404061
619,2020-01-07 13:34:21.258,0.063126,-0.815964,-0.576508,MG,standing,1578404061
620,2020-01-07 13:34:21.358,0.059937,-0.81366,-0.577469,MG,standing,1578404061
621,2020-01-07 13:34:21.458,0.058928999999999995,-0.811615,-0.570206,MG,standing,1578404061
622,2020-01-07 13:34:21.558,0.060654,-0.814819,-0.578918,MG,standing,1578404061
623,2020-01-07 13:34:21.658,0.067139,-0.8192139999999999,-0.5778810000000001,MG,standing,1578404061
624,2020-01-07 13:34:21.758,0.057236,-0.8123779999999999,-0.577911,MG,standing,1578404061
625,2020-01-07 13:34:21.858,0.057953,-0.815643,-0.573792,MG,standing,1578404061
626,2020-01-07 13:34:21.958,0.058868,-0.8162229999999999,-0.572525,MG,standing,1578404061
627,2020-01-07 13:34:22.058,0.056366,-0.814758,-0.575378,MG,standing,1578404062
628,2020-01-07 13:34:22.163,0.056137,-0.815613,-0.580444,MG,standing,1578404062
629,2020-01-07 13:34:22.263,0.057587,-0.813004,-0.5795140000000001,MG,standing,1578404062
630,2020-01-07 13:34:22.364,0.056,-0.8152159999999999,-0.575882,MG,standing,1578404062
631,2020-01-07 13:34:22.464,0.058852999999999996,-0.8155060000000001,-0.579163,MG,standing,1578404062
632,2020-01-07 13:34:22.564,0.0578,-0.8155359999999999,-0.5721890000000001,MG,standing,1578404062
633,2020-01-07 13:34:22.665,0.05796799999999999,-0.813721,-0.57225,MG,standing,1578404062
634,2020-01-07 13:34:22.765,0.061111,-0.812271,-0.579987,MG,standing,1578404062
635,2020-01-07 13:34:22.865,0.061141999999999995,-0.813934,-0.575256,MG,standing,1578404062
636,2020-01-07 13:34:22.965,0.06349199999999999,-0.816055,-0.576767,MG,standing,1578404062
637,2020-01-07 13:34:23.070,0.062912,-0.816376,-0.575272,MG,standing,1578404063
638,2020-01-07 13:34:23.160,0.06398,-0.814178,-0.5792390000000001,MG,standing,1578404063
639,2020-01-07 13:34:23.260,0.06765700000000001,-0.813385,-0.5824739999999999,MG,standing,1578404063
640,2020-01-07 13:34:23.360,0.06543,-0.811661,-0.581299,MG,standing,1578404063
641,2020-01-07 13:34:23.467,0.07084700000000001,-0.818649,-0.576813,MG,standing,1578404063
642,2020-01-07 13:34:23.560,0.068741,-0.81395,-0.579391,MG,standing,1578404063
643,2020-01-07 13:34:23.660,0.068802,-0.812531,-0.577286,MG,standing,1578404063
644,2020-01-07 13:34:23.760,0.067123,-0.814743,-0.577835,MG,standing,1578404063
645,2020-01-07 13:34:23.860,0.064224,-0.809891,-0.580338,MG,standing,1578404063
646,2020-01-07 13:34:23.960,0.0625,-0.8148350000000001,-0.572998,MG,standing,1578404063
647,2020-01-07 13:34:24.060,0.061217999999999995,-0.814804,-0.573639,MG,standing,1578404064
648,2020-01-07 13:34:24.170,0.066345,-0.817856,-0.5788270000000001,MG,standing,1578404064
649,2020-01-07 13:34:24.270,0.061707000000000005,-0.815475,-0.575851,MG,standing,1578404064
650,2020-01-07 13:34:24.371,0.060272000000000006,-0.814484,-0.572769,MG,standing,1578404064
651,2020-01-07 13:34:24.471,0.061722000000000006,-0.81514,-0.5836180000000001,MG,standing,1578404064
652,2020-01-07 13:34:24.571,0.067001,-0.819901,-0.5843659999999999,MG,standing,1578404064
653,2020-01-07 13:34:24.679,0.057250999999999996,-0.814392,-0.572281,MG,standing,1578404064
654,2020-01-07 13:34:24.771,0.054596000000000006,-0.8133090000000001,-0.5681609999999999,MG,standing,1578404064
655,2020-01-07 13:34:24.872,0.056380999999999994,-0.8132020000000001,-0.573868,MG,standing,1578404064
656,2020-01-07 13:34:24.972,0.06076,-0.819824,-0.5780029999999999,MG,standing,1578404064
657,2020-01-07 13:34:25.080,0.05361900000000001,-0.809753,-0.576752,MG,standing,1578404065
658,2020-01-07 13:34:25.172,0.063721,-0.813873,-0.583252,MG,standing,1578404065
659,2020-01-07 13:34:25.273,0.054901,-0.814804,-0.566391,MG,standing,1578404065
660,2020-01-07 13:34:25.362,0.059799,-0.814651,-0.574127,MG,standing,1578404065
661,2020-01-07 13:34:25.462,0.062363,-0.8162689999999999,-0.580566,MG,standing,1578404065
662,2020-01-07 13:34:25.562,0.06304900000000001,-0.81395,-0.580505,MG,standing,1578404065
663,2020-01-07 13:34:25.662,0.064667,-0.8136140000000001,-0.580032,MG,standing,1578404065
664,2020-01-07 13:34:25.762,0.062683,-0.811844,-0.5814819999999999,MG,standing,1578404065
665,2020-01-07 13:34:25.871,0.066483,-0.815613,-0.5731350000000001,MG,standing,1578404065
666,2020-01-07 13:34:25.962,0.069336,-0.812912,-0.585037,MG,standing,1578404065
667,2020-01-07 13:34:26.062,0.065704,-0.81221,-0.579987,MG,standing,1578404066
668,2020-01-07 13:34:26.162,0.07338,-0.814148,-0.5800930000000001,MG,standing,1578404066
669,2020-01-07 13:34:26.274,0.06668099999999999,-0.810181,-0.57962,MG,standing,1578404066
670,2020-01-07 13:34:26.362,0.064987,-0.8113100000000001,-0.578339,MG,standing,1578404066
671,2020-01-07 13:34:26.478,0.071274,-0.8168489999999999,-0.579956,MG,standing,1578404066
672,2020-01-07 13:34:26.578,0.066315,-0.813263,-0.5837859999999999,MG,standing,1578404066
673,2020-01-07 13:34:26.678,0.066437,-0.814178,-0.583054,MG,standing,1578404066
674,2020-01-07 13:34:26.778,0.065674,-0.816315,-0.580032,MG,standing,1578404066
675,2020-01-07 13:34:26.878,0.064987,-0.8136439999999999,-0.577621,MG,standing,1578404066
676,2020-01-07 13:34:26.979,0.061203,-0.814713,-0.577621,MG,standing,1578404066
677,2020-01-07 13:34:27.079,0.066437,-0.8174739999999999,-0.580338,MG,standing,1578404067
678,2020-01-07 13:34:27.179,0.061325,-0.813278,-0.5779569999999999,MG,standing,1578404067
679,2020-01-07 13:34:27.279,0.060562,-0.817001,-0.575882,MG,standing,1578404067
680,2020-01-07 13:34:27.379,0.059479,-0.814926,-0.579803,MG,standing,1578404067
681,2020-01-07 13:34:27.479,0.06072999999999999,-0.818207,-0.576279,MG,standing,1578404067
682,2020-01-07 13:34:27.580,0.059998,-0.815887,-0.576401,MG,standing,1578404067
683,2020-01-07 13:34:27.680,0.05665599999999999,-0.813843,-0.575653,MG,standing,1578404067
684,2020-01-07 13:34:27.780,0.058776999999999996,-0.815125,-0.57518,MG,standing,1578404067
685,2020-01-07 13:34:27.880,0.063675,-0.8164520000000001,-0.581604,MG,standing,1578404067
686,2020-01-07 13:34:27.980,0.062561,-0.815689,-0.5709380000000001,MG,standing,1578404067
687,2020-01-07 13:34:28.081,0.060562,-0.8135680000000001,-0.576447,MG,standing,1578404068
688,2020-01-07 13:34:28.181,0.063797,-0.814789,-0.575897,MG,standing,1578404068
689,2020-01-07 13:34:28.281,0.064941,-0.813782,-0.5773010000000001,MG,standing,1578404068
690,2020-01-07 13:34:28.381,0.06439199999999999,-0.812225,-0.575775,MG,standing,1578404068
691,2020-01-07 13:34:28.481,0.066513,-0.816513,-0.572342,MG,standing,1578404068
692,2020-01-07 13:34:28.582,0.067139,-0.814133,-0.580032,MG,standing,1578404068
693,2020-01-07 13:34:28.682,0.069061,-0.815689,-0.5786439999999999,MG,standing,1578404068
694,2020-01-07 13:34:28.782,0.068466,-0.815109,-0.575943,MG,standing,1578404068
695,2020-01-07 13:34:28.882,0.066254,-0.8116,-0.576843,MG,standing,1578404068
696,2020-01-07 13:34:28.982,0.066238,-0.814362,-0.580978,MG,standing,1578404068
697,2020-01-07 13:34:29.082,0.069016,-0.81929,-0.582214,MG,standing,1578404069
698,2020-01-07 13:34:29.167,0.07180800000000001,-0.8168949999999999,-0.576477,MG,standing,1578404069
699,2020-01-07 13:34:29.267,0.06333899999999999,-0.80986,-0.578873,MG,standing,1578404069
700,2020-01-07 13:34:29.367,0.067886,-0.814026,-0.573868,MG,standing,1578404069
701,2020-01-07 13:34:29.474,0.067398,-0.818314,-0.570526,MG,standing,1578404069
702,2020-01-07 13:34:29.567,0.067429,-0.817764,-0.580032,MG,standing,1578404069
703,2020-01-07 13:34:29.667,0.064987,-0.815475,-0.568222,MG,standing,1578404069
704,2020-01-07 13:34:29.767,0.06503300000000001,-0.815796,-0.575241,MG,standing,1578404069
705,2020-01-07 13:34:29.873,0.069382,-0.8191069999999999,-0.574631,MG,standing,1578404069
706,2020-01-07 13:34:29.967,0.063782,-0.813721,-0.576477,MG,standing,1578404069
707,2020-01-07 13:34:30.067,0.067139,-0.816437,-0.572784,MG,standing,1578404070
708,2020-01-07 13:34:30.167,0.06428500000000001,-0.815308,-0.5738979999999999,MG,standing,1578404070
709,2020-01-07 13:34:30.274,0.068344,-0.81694,-0.573624,MG,standing,1578404070
710,2020-01-07 13:34:30.367,0.064774,-0.815491,-0.577942,MG,standing,1578404070
711,2020-01-07 13:34:30.467,0.062668,-0.817596,-0.571503,MG,standing,1578404070
712,2020-01-07 13:34:30.568,0.064911,-0.817017,-0.570129,MG,standing,1578404070
713,2020-01-07 13:34:30.673,0.064941,-0.816772,-0.573059,MG,standing,1578404070
714,2020-01-07 13:34:30.768,0.062347,-0.810791,-0.573746,MG,standing,1578404070
715,2020-01-07 13:34:30.868,0.068024,-0.818207,-0.577805,MG,standing,1578404070
716,2020-01-07 13:34:30.968,0.061767999999999997,-0.811569,-0.570099,MG,standing,1578404070
717,2020-01-07 13:34:31.071,0.071091,-0.8161619999999999,-0.578156,MG,standing,1578404071
718,2020-01-07 13:34:31.169,0.07110599999999999,-0.818497,-0.576645,MG,standing,1578404071
719,2020-01-07 13:34:31.269,0.067383,-0.81192,-0.5804600000000001,MG,standing,1578404071
720,2020-01-07 13:34:31.369,0.07157899999999999,-0.812729,-0.584183,MG,standing,1578404071
721,2020-01-07 13:34:31.469,0.07208300000000001,-0.8162689999999999,-0.5747680000000001,MG,standing,1578404071
722,2020-01-07 13:34:31.570,0.069733,-0.812958,-0.575958,MG,standing,1578404071
723,2020-01-07 13:34:31.670,0.071213,-0.811859,-0.579681,MG,standing,1578404071
724,2020-01-07 13:34:31.770,0.071793,-0.814789,-0.573105,MG,standing,1578404071
725,2020-01-07 13:34:31.870,0.066498,-0.80867,-0.5773159999999999,MG,standing,1578404071
726,2020-01-07 13:34:31.970,0.069733,-0.816757,-0.571945,MG,standing,1578404071
727,2020-01-07 13:34:32.071,0.06980900000000001,-0.813812,-0.5744319999999999,MG,standing,1578404072
728,2020-01-07 13:34:32.171,0.06842000000000001,-0.816422,-0.579407,MG,standing,1578404072
729,2020-01-07 13:34:32.277,0.06633,-0.8161010000000001,-0.572281,MG,standing,1578404072
730,2020-01-07 13:34:32.371,0.069427,-0.8174899999999999,-0.574921,MG,standing,1578404072
731,2020-01-07 13:34:32.471,0.066986,-0.816071,-0.577133,MG,standing,1578404072
732,2020-01-07 13:34:32.572,0.06456,-0.8136439999999999,-0.5717770000000001,MG,standing,1578404072
733,2020-01-07 13:34:32.678,0.067841,-0.8181149999999999,-0.574661,MG,standing,1578404072
734,2020-01-07 13:34:32.772,0.06217999999999999,-0.813919,-0.570404,MG,standing,1578404072
735,2020-01-07 13:34:32.872,0.064728,-0.8162689999999999,-0.573303,MG,standing,1578404072
736,2020-01-07 13:34:32.972,0.06350700000000001,-0.812347,-0.576218,MG,standing,1578404072
737,2020-01-07 13:34:33.072,0.06805399999999999,-0.817917,-0.577621,MG,standing,1578404073
738,2020-01-07 13:34:33.172,0.063202,-0.817322,-0.57457,MG,standing,1578404073
739,2020-01-07 13:34:33.273,0.06217999999999999,-0.816376,-0.574615,MG,standing,1578404073
740,2020-01-07 13:34:33.373,0.06662,-0.816025,-0.5755,MG,standing,1578404073
741,2020-01-07 13:34:33.473,0.06599400000000001,-0.815247,-0.575394,MG,standing,1578404073
742,2020-01-07 13:34:33.573,0.066742,-0.8153229999999999,-0.575592,MG,standing,1578404073
743,2020-01-07 13:34:33.673,0.07144199999999999,-0.815292,-0.569702,MG,standing,1578404073
744,2020-01-07 13:34:33.774,0.069611,-0.813339,-0.578094,MG,standing,1578404073
745,2020-01-07 13:34:33.874,0.071854,-0.813034,-0.5761569999999999,MG,standing,1578404073
746,2020-01-07 13:34:33.974,0.070999,-0.81543,-0.574371,MG,standing,1578404073
747,2020-01-07 13:34:34.074,0.072952,-0.813049,-0.577759,MG,standing,1578404074
748,2020-01-07 13:34:34.175,0.07449299999999999,-0.814407,-0.575836,MG,standing,1578404074
749,2020-01-07 13:34:34.275,0.07420299999999999,-0.813492,-0.5751189999999999,MG,standing,1578404074
750,2020-01-07 13:34:34.375,0.07103,-0.813126,-0.574951,MG,standing,1578404074
751,2020-01-07 13:34:34.475,0.073059,-0.816757,-0.578156,MG,standing,1578404074
752,2020-01-07 13:34:34.575,0.07016,-0.816498,-0.57222,MG,standing,1578404074
753,2020-01-07 13:34:34.675,0.068665,-0.81575,-0.581146,MG,standing,1578404074
754,2020-01-07 13:34:34.776,0.082916,-0.820267,-0.581177,MG,standing,1578404074
755,2020-01-07 13:34:34.876,0.060059,-0.805466,-0.576309,MG,standing,1578404074
756,2020-01-07 13:34:34.976,0.067993,-0.814423,-0.56218,MG,standing,1578404074
757,2020-01-07 13:34:35.076,0.06926,-0.819305,-0.574387,MG,standing,1578404075
758,2020-01-07 13:34:35.176,0.074112,-0.814407,-0.5795899999999999,MG,standing,1578404075
759,2020-01-07 13:34:35.276,0.07144199999999999,-0.8167270000000001,-0.568375,MG,standing,1578404075
760,2020-01-07 13:34:35.375,0.069489,-0.812485,-0.582458,MG,standing,1578404075
761,2020-01-07 13:34:35.476,0.068039,-0.81842,-0.572525,MG,standing,1578404075
762,2020-01-07 13:34:35.575,0.066376,-0.812347,-0.579773,MG,standing,1578404075
763,2020-01-07 13:34:35.676,0.069839,-0.8165279999999999,-0.568558,MG,standing,1578404075
764,2020-01-07 13:34:35.776,0.070511,-0.815811,-0.580688,MG,standing,1578404075
765,2020-01-07 13:34:35.875,0.068954,-0.812607,-0.5773010000000001,MG,standing,1578404075
766,2020-01-07 13:34:35.976,0.071747,-0.815689,-0.580765,MG,standing,1578404075
767,2020-01-07 13:34:36.075,0.069992,-0.814346,-0.573029,MG,standing,1578404076
768,2020-01-07 13:34:36.175,0.071014,-0.80925,-0.581116,MG,standing,1578404076
769,2020-01-07 13:34:36.279,0.078659,-0.819275,-0.5753020000000001,MG,standing,1578404076
770,2020-01-07 13:34:36.375,0.072174,-0.806519,-0.580429,MG,standing,1578404076
771,2020-01-07 13:34:36.475,0.077423,-0.811996,-0.582092,MG,standing,1578404076
772,2020-01-07 13:34:36.575,0.076706,-0.814621,-0.57814,MG,standing,1578404076
773,2020-01-07 13:34:36.680,0.080627,-0.8123020000000001,-0.5759890000000001,MG,standing,1578404076
774,2020-01-07 13:34:36.775,0.073715,-0.811951,-0.573929,MG,standing,1578404076
775,2020-01-07 13:34:36.875,0.076904,-0.808197,-0.585129,MG,standing,1578404076
776,2020-01-07 13:34:36.975,0.077347,-0.814713,-0.577087,MG,standing,1578404076
777,2020-01-07 13:34:37.080,0.07135,-0.8127439999999999,-0.580627,MG,standing,1578404077
778,2020-01-07 13:34:37.175,0.073898,-0.8155359999999999,-0.5737300000000001,MG,standing,1578404077
779,2020-01-07 13:34:37.275,0.069458,-0.812347,-0.579376,MG,standing,1578404077
780,2020-01-07 13:34:37.375,0.07560700000000001,-0.8197780000000001,-0.579117,MG,standing,1578404077
781,2020-01-07 13:34:37.475,0.072144,-0.815018,-0.576721,MG,standing,1578404077
782,2020-01-07 13:34:37.575,0.070389,-0.814987,-0.5773010000000001,MG,standing,1578404077
783,2020-01-07 13:34:37.675,0.069595,-0.815231,-0.574997,MG,standing,1578404077
784,2020-01-07 13:34:37.775,0.07028200000000001,-0.818222,-0.576569,MG,standing,1578404077
785,2020-01-07 13:34:37.875,0.069,-0.815338,-0.573074,MG,standing,1578404077
786,2020-01-07 13:34:37.975,0.065338,-0.814331,-0.570923,MG,standing,1578404077
787,2020-01-07 13:34:38.075,0.065872,-0.816574,-0.5725560000000001,MG,standing,1578404078
788,2020-01-07 13:34:38.175,0.067505,-0.815521,-0.5785520000000001,MG,standing,1578404078
789,2020-01-07 13:34:38.280,0.064148,-0.815231,-0.571045,MG,standing,1578404078
790,2020-01-07 13:34:38.375,0.070496,-0.821716,-0.576096,MG,standing,1578404078
791,2020-01-07 13:34:38.475,0.066803,-0.8132020000000001,-0.569092,MG,standing,1578404078
792,2020-01-07 13:34:38.575,0.068192,-0.814789,-0.5769810000000001,MG,standing,1578404078
793,2020-01-07 13:34:38.680,0.071823,-0.8164060000000001,-0.5735020000000001,MG,standing,1578404078
794,2020-01-07 13:34:38.775,0.072617,-0.815567,-0.57402,MG,standing,1578404078
795,2020-01-07 13:34:38.875,0.072647,-0.817032,-0.579025,MG,standing,1578404078
796,2020-01-07 13:34:38.975,0.07499700000000001,-0.814087,-0.573669,MG,standing,1578404078
797,2020-01-07 13:34:39.080,0.077957,-0.813705,-0.57457,MG,standing,1578404079
798,2020-01-07 13:34:39.175,0.072601,-0.81015,-0.5788270000000001,MG,standing,1578404079
799,2020-01-07 13:34:39.275,0.079773,-0.815399,-0.579971,MG,standing,1578404079
800,2020-01-07 13:34:39.374,0.078354,-0.813263,-0.5771029999999999,MG,standing,1578404079
801,2020-01-07 13:34:39.474,0.079803,-0.814316,-0.574707,MG,standing,1578404079
802,2020-01-07 13:34:39.574,0.077713,-0.8126680000000001,-0.576752,MG,standing,1578404079
803,2020-01-07 13:34:39.674,0.07724,-0.815933,-0.582306,MG,standing,1578404079
804,2020-01-07 13:34:39.775,0.07852200000000001,-0.815872,-0.575104,MG,standing,1578404079
805,2020-01-07 13:34:39.874,0.07762100000000001,-0.8155060000000001,-0.577042,MG,standing,1578404079
806,2020-01-07 13:34:39.974,0.073624,-0.81665,-0.573944,MG,standing,1578404079
807,2020-01-07 13:34:40.075,0.07757599999999999,-0.8155819999999999,-0.57872,MG,standing,1578404080
808,2020-01-07 13:34:40.174,0.070221,-0.809662,-0.574005,MG,standing,1578404080
809,2020-01-07 13:34:40.279,0.075745,-0.815704,-0.573715,MG,standing,1578404080
810,2020-01-07 13:34:40.374,0.07077,-0.815262,-0.572906,MG,standing,1578404080
811,2020-01-07 13:34:40.474,0.07309,-0.812775,-0.577179,MG,standing,1578404080
812,2020-01-07 13:34:40.574,0.06994600000000001,-0.815399,-0.576599,MG,standing,1578404080
813,2020-01-07 13:34:40.674,0.07510399999999999,-0.820679,-0.5751649999999999,MG,standing,1578404080
814,2020-01-07 13:34:40.774,0.077057,-0.818375,-0.577026,MG,standing,1578404080
815,2020-01-07 13:34:40.874,0.065338,-0.80986,-0.563766,MG,standing,1578404080
816,2020-01-07 13:34:40.974,0.07833899999999999,-0.818146,-0.5785060000000001,MG,standing,1578404080
817,2020-01-07 13:34:41.074,0.072052,-0.816803,-0.5786439999999999,MG,standing,1578404081
818,2020-01-07 13:34:41.174,0.072266,-0.819016,-0.56868,MG,standing,1578404081
819,2020-01-07 13:34:41.274,0.074905,-0.811813,-0.573837,MG,standing,1578404081
820,2020-01-07 13:34:41.374,0.07020599999999999,-0.81424,-0.5728449999999999,MG,standing,1578404081
821,2020-01-07 13:34:41.474,0.088715,-0.82019,-0.568588,MG,standing,1578404081
822,2020-01-07 13:34:41.574,0.07804900000000001,-0.816559,-0.570816,MG,standing,1578404081
823,2020-01-07 13:34:41.674,0.072525,-0.815109,-0.568665,MG,standing,1578404081
824,2020-01-07 13:34:41.774,0.080933,-0.818878,-0.578033,MG,standing,1578404081
825,2020-01-07 13:34:41.874,0.082153,-0.819351,-0.573822,MG,standing,1578404081
826,2020-01-07 13:34:41.974,0.08048999999999999,-0.8133239999999999,-0.578812,MG,standing,1578404081
827,2020-01-07 13:34:42.074,0.08201599999999999,-0.817596,-0.571487,MG,standing,1578404082
828,2020-01-07 13:34:42.174,0.08140599999999999,-0.817535,-0.577515,MG,standing,1578404082
829,2020-01-07 13:34:42.274,0.082001,-0.8171689999999999,-0.571869,MG,standing,1578404082
830,2020-01-07 13:34:42.374,0.080765,-0.818008,-0.576492,MG,standing,1578404082
831,2020-01-07 13:34:42.474,0.078705,-0.814804,-0.574814,MG,standing,1578404082
832,2020-01-07 13:34:42.574,0.075165,-0.81282,-0.5671689999999999,MG,standing,1578404082
833,2020-01-07 13:34:42.675,0.08099400000000001,-0.815826,-0.573364,MG,standing,1578404082
834,2020-01-07 13:34:42.774,0.08065800000000001,-0.818802,-0.579407,MG,standing,1578404082
835,2020-01-07 13:34:42.874,0.078308,-0.817902,-0.577667,MG,standing,1578404082
836,2020-01-07 13:34:42.974,0.075073,-0.8152010000000001,-0.567886,MG,standing,1578404082
837,2020-01-07 13:34:43.073,0.07449299999999999,-0.816711,-0.571915,MG,standing,1578404083
838,2020-01-07 13:34:43.174,0.072449,-0.8152010000000001,-0.570602,MG,standing,1578404083
839,2020-01-07 13:34:43.274,0.074799,-0.818619,-0.565994,MG,standing,1578404083
840,2020-01-07 13:34:43.374,0.071884,-0.814499,-0.574493,MG,standing,1578404083
841,2020-01-07 13:34:43.473,0.07347100000000001,-0.816467,-0.568222,MG,standing,1578404083
842,2020-01-07 13:34:43.574,0.07008400000000001,-0.816757,-0.56813,MG,standing,1578404083
843,2020-01-07 13:34:43.673,0.071198,-0.8171689999999999,-0.566666,MG,standing,1578404083
844,2020-01-07 13:34:43.774,0.070389,-0.8177800000000001,-0.570343,MG,standing,1578404083
845,2020-01-07 13:34:43.873,0.076462,-0.819702,-0.577591,MG,standing,1578404083
846,2020-01-07 13:34:43.973,0.07489,-0.820923,-0.569595,MG,standing,1578404083
847,2020-01-07 13:34:44.073,0.071228,-0.815567,-0.5708310000000001,MG,standing,1578404084
848,2020-01-07 13:34:44.173,0.079529,-0.820358,-0.573318,MG,standing,1578404084
849,2020-01-07 13:34:44.273,0.075821,-0.815811,-0.575806,MG,standing,1578404084
850,2020-01-07 13:34:44.373,0.078735,-0.817383,-0.57309,MG,standing,1578404084
851,2020-01-07 13:34:44.473,0.078262,-0.813126,-0.570908,MG,standing,1578404084
852,2020-01-07 13:34:44.573,0.080215,-0.816391,-0.5737,MG,standing,1578404084
853,2020-01-07 13:34:44.673,0.081238,-0.8171229999999999,-0.573868,MG,standing,1578404084
854,2020-01-07 13:34:44.773,0.083969,-0.817703,-0.580978,MG,standing,1578404084
855,2020-01-07 13:34:44.873,0.081467,-0.815399,-0.567657,MG,standing,1578404084
856,2020-01-07 13:34:44.973,0.0811,-0.81395,-0.576172,MG,standing,1578404084
857,2020-01-07 13:34:45.073,0.077789,-0.8140109999999999,-0.569138,MG,standing,1578404085
858,2020-01-07 13:34:45.189,0.07699600000000001,-0.813751,-0.574249,MG,standing,1578404085
859,2020-01-07 13:34:45.289,0.083054,-0.81633,-0.581909,MG,standing,1578404085
860,2020-01-07 13:34:45.389,0.077423,-0.817749,-0.568146,MG,standing,1578404085
861,2020-01-07 13:34:45.489,0.07515,-0.81488,-0.5697939999999999,MG,standing,1578404085
862,2020-01-07 13:34:45.589,0.075058,-0.816299,-0.5728300000000001,MG,standing,1578404085
863,2020-01-07 13:34:45.690,0.07811,-0.817154,-0.574814,MG,standing,1578404085
864,2020-01-07 13:34:45.790,0.070694,-0.815399,-0.572144,MG,standing,1578404085
865,2020-01-07 13:34:45.890,0.07547000000000001,-0.817276,-0.573318,MG,standing,1578404085
866,2020-01-07 13:34:45.990,0.072922,-0.81514,-0.571869,MG,standing,1578404085
867,2020-01-07 13:34:46.090,0.072739,-0.8172149999999999,-0.568588,MG,standing,1578404086
868,2020-01-07 13:34:46.191,0.072372,-0.816711,-0.574936,MG,standing,1578404086
869,2020-01-07 13:34:46.291,0.069412,-0.814774,-0.566666,MG,standing,1578404086
870,2020-01-07 13:34:46.391,0.072021,-0.814865,-0.573074,MG,standing,1578404086
871,2020-01-07 13:34:46.491,0.067963,-0.815994,-0.5702510000000001,MG,standing,1578404086
872,2020-01-07 13:34:46.576,0.07234199999999999,-0.81575,-0.574936,MG,standing,1578404086
873,2020-01-07 13:34:46.676,0.071686,-0.8177949999999999,-0.568954,MG,standing,1578404086
874,2020-01-07 13:34:46.776,0.075134,-0.818466,-0.574738,MG,standing,1578404086
875,2020-01-07 13:34:46.876,0.0737,-0.814804,-0.572983,MG,standing,1578404086
876,2020-01-07 13:34:46.976,0.06929,-0.814819,-0.566772,MG,standing,1578404086
877,2020-01-07 13:34:47.076,0.08404500000000001,-0.81601,-0.570801,MG,standing,1578404087
878,2020-01-07 13:34:47.176,0.073166,-0.8135680000000001,-0.578476,MG,standing,1578404087
879,2020-01-07 13:34:47.276,0.079483,-0.814209,-0.585144,MG,standing,1578404087
880,2020-01-07 13:34:47.376,0.08313,-0.8190609999999999,-0.5693050000000001,MG,standing,1578404087
881,2020-01-07 13:34:47.476,0.073257,-0.8078310000000001,-0.578598,MG,standing,1578404087
882,2020-01-07 13:34:47.576,0.085007,-0.8207700000000001,-0.575073,MG,standing,1578404087
883,2020-01-07 13:34:47.676,0.077835,-0.812958,-0.5837100000000001,MG,standing,1578404087
884,2020-01-07 13:34:47.776,0.077209,-0.814407,-0.573395,MG,standing,1578404087
885,2020-01-07 13:34:47.875,0.07881200000000001,-0.8161930000000001,-0.576874,MG,standing,1578404087
886,2020-01-07 13:34:47.976,0.073929,-0.8192440000000001,-0.570969,MG,standing,1578404087
887,2020-01-07 13:34:48.076,0.07823200000000001,-0.816177,-0.572678,MG,standing,1578404088
888,2020-01-07 13:34:48.176,0.072525,-0.815262,-0.572144,MG,standing,1578404088
889,2020-01-07 13:34:48.276,0.072357,-0.815567,-0.572098,MG,standing,1578404088
890,2020-01-07 13:34:48.375,0.071548,-0.8180390000000001,-0.574234,MG,standing,1578404088
891,2020-01-07 13:34:48.476,0.07194500000000001,-0.817368,-0.5734859999999999,MG,standing,1578404088
892,2020-01-07 13:34:48.575,0.073196,-0.818527,-0.573563,MG,standing,1578404088
893,2020-01-07 13:34:48.676,0.065384,-0.8188479999999999,-0.570679,MG,standing,1578404088
894,2020-01-07 13:34:48.776,0.06955,-0.817062,-0.572983,MG,standing,1578404088
895,2020-01-07 13:34:48.875,0.070358,-0.816376,-0.571548,MG,standing,1578404088
896,2020-01-07 13:34:48.975,0.07296799999999999,-0.8216709999999999,-0.5795899999999999,MG,standing,1578404088
897,2020-01-07 13:34:49.075,0.068588,-0.817261,-0.571472,MG,standing,1578404089
898,2020-01-07 13:34:49.175,0.064682,-0.81543,-0.567764,MG,standing,1578404089
899,2020-01-07 13:34:49.275,0.069901,-0.818497,-0.577042,MG,standing,1578404089
900,2020-01-07 13:34:49.375,0.071259,-0.817612,-0.570724,MG,standing,1578404089
901,2020-01-07 13:34:49.475,0.070236,-0.815994,-0.574036,MG,standing,1578404089
902,2020-01-07 13:34:49.575,0.072006,-0.8174739999999999,-0.575882,MG,standing,1578404089
903,2020-01-07 13:34:49.675,0.07623300000000001,-0.814941,-0.571121,MG,standing,1578404089
904,2020-01-07 13:34:49.775,0.073914,-0.814896,-0.574005,MG,standing,1578404089
905,2020-01-07 13:34:49.875,0.07638500000000001,-0.812271,-0.576416,MG,standing,1578404089
906,2020-01-07 13:34:49.975,0.079041,-0.818665,-0.5731510000000001,MG,standing,1578404089
907,2020-01-07 13:34:50.075,0.07725499999999999,-0.8136439999999999,-0.578583,MG,standing,1578404090
908,2020-01-07 13:34:50.175,0.081039,-0.816254,-0.57309,MG,standing,1578404090
909,2020-01-07 13:34:50.275,0.080246,-0.816574,-0.573822,MG,standing,1578404090
910,2020-01-07 13:34:50.375,0.07814,-0.8155819999999999,-0.576187,MG,standing,1578404090
911,2020-01-07 13:34:50.475,0.079193,-0.818512,-0.576508,MG,standing,1578404090
912,2020-01-07 13:34:50.575,0.077164,-0.817963,-0.570801,MG,standing,1578404090
913,2020-01-07 13:34:50.675,0.074036,-0.816055,-0.578064,MG,standing,1578404090
914,2020-01-07 13:34:50.775,0.079056,-0.82283,-0.56604,MG,standing,1578404090
915,2020-01-07 13:34:50.875,0.072525,-0.8162689999999999,-0.572174,MG,standing,1578404090
916,2020-01-07 13:34:50.975,0.07543899999999999,-0.8184359999999999,-0.570526,MG,standing,1578404090
917,2020-01-07 13:34:51.075,0.075455,-0.823105,-0.572708,MG,standing,1578404091
918,2020-01-07 13:34:51.175,0.07144199999999999,-0.817535,-0.574951,MG,standing,1578404091
919,2020-01-07 13:34:51.275,0.07016,-0.818146,-0.563736,MG,standing,1578404091
920,2020-01-07 13:34:51.375,0.071533,-0.817825,-0.5737,MG,standing,1578404091
921,2020-01-07 13:34:51.475,0.071716,-0.818375,-0.573364,MG,standing,1578404091
922,2020-01-07 13:34:51.575,0.069595,-0.818604,-0.571274,MG,standing,1578404091
923,2020-01-07 13:34:51.675,0.071899,-0.820602,-0.5721890000000001,MG,standing,1578404091
924,2020-01-07 13:34:51.775,0.07110599999999999,-0.8177800000000001,-0.5700529999999999,MG,standing,1578404091
925,2020-01-07 13:34:51.875,0.067062,-0.8165279999999999,-0.566772,MG,standing,1578404091
926,2020-01-07 13:34:51.975,0.067123,-0.8155979999999999,-0.565918,MG,standing,1578404091
927,2020-01-07 13:34:52.075,0.07357799999999999,-0.820938,-0.574692,MG,standing,1578404092
928,2020-01-07 13:34:52.175,0.072739,-0.817383,-0.5747680000000001,MG,standing,1578404092
929,2020-01-07 13:34:52.274,0.070877,-0.814331,-0.57193,MG,standing,1578404092
930,2020-01-07 13:34:52.374,0.073181,-0.818802,-0.57225,MG,standing,1578404092
931,2020-01-07 13:34:52.474,0.075302,-0.817535,-0.576492,MG,standing,1578404092
932,2020-01-07 13:34:52.575,0.07714800000000001,-0.8183590000000001,-0.571991,MG,standing,1578404092
933,2020-01-07 13:34:52.677,0.077713,-0.815735,-0.5750430000000001,MG,standing,1578404092
934,2020-01-07 13:34:52.775,0.076584,-0.814774,-0.568466,MG,standing,1578404092
935,2020-01-07 13:34:52.874,0.079498,-0.817001,-0.5783229999999999,MG,standing,1578404092
936,2020-01-07 13:34:52.974,0.081772,-0.818222,-0.5745239999999999,MG,standing,1578404092
937,2020-01-07 13:34:53.074,0.08354199999999999,-0.819702,-0.576202,MG,standing,1578404093
938,2020-01-07 13:34:53.174,0.081161,-0.8167270000000001,-0.571671,MG,standing,1578404093
939,2020-01-07 13:34:53.274,0.07756,-0.813812,-0.571671,MG,standing,1578404093
940,2020-01-07 13:34:53.374,0.08154299999999999,-0.821182,-0.574539,MG,standing,1578404093
941,2020-01-07 13:34:53.474,0.077667,-0.81572,-0.572769,MG,standing,1578404093
942,2020-01-07 13:34:53.574,0.07515,-0.812851,-0.571457,MG,standing,1578404093
943,2020-01-07 13:34:53.674,0.074448,-0.81488,-0.569992,MG,standing,1578404093
944,2020-01-07 13:34:53.774,0.081696,-0.820099,-0.582382,MG,standing,1578404093
945,2020-01-07 13:34:53.874,0.074585,-0.819122,-0.56691,MG,standing,1578404093
946,2020-01-07 13:34:53.974,0.067368,-0.811661,-0.569168,MG,standing,1578404093
947,2020-01-07 13:34:54.074,0.07838400000000001,-0.826355,-0.5761569999999999,MG,standing,1578404094
948,2020-01-07 13:34:54.174,0.06668099999999999,-0.815811,-0.561325,MG,standing,1578404094
949,2020-01-07 13:34:54.274,0.079178,-0.81575,-0.587631,MG,standing,1578404094
950,2020-01-07 13:34:54.374,0.072525,-0.8208469999999999,-0.565704,MG,standing,1578404094
951,2020-01-07 13:34:54.474,0.06572,-0.814178,-0.570206,MG,standing,1578404094
952,2020-01-07 13:34:54.574,0.079849,-0.8249049999999999,-0.572327,MG,standing,1578404094
953,2020-01-07 13:34:54.674,0.06703200000000001,-0.814362,-0.56897,MG,standing,1578404094
954,2020-01-07 13:34:54.774,0.072433,-0.818588,-0.567612,MG,standing,1578404094
955,2020-01-07 13:34:54.874,0.071365,-0.817917,-0.565979,MG,standing,1578404094
956,2020-01-07 13:34:54.974,0.073227,-0.816833,-0.571396,MG,standing,1578404094
957,2020-01-07 13:34:55.074,0.07724,-0.820099,-0.573853,MG,standing,1578404095
958,2020-01-07 13:34:55.174,0.07074,-0.8126369999999999,-0.577835,MG,standing,1578404095
959,2020-01-07 13:34:55.274,0.076157,-0.8207700000000001,-0.564194,MG,standing,1578404095
960,2020-01-07 13:34:55.374,0.074661,-0.816559,-0.571106,MG,standing,1578404095
961,2020-01-07 13:34:55.474,0.07608,-0.817291,-0.568497,MG,standing,1578404095
962,2020-01-07 13:34:55.574,0.07838400000000001,-0.818466,-0.575638,MG,standing,1578404095
963,2020-01-07 13:34:55.674,0.081009,-0.818527,-0.577972,MG,standing,1578404095
964,2020-01-07 13:34:55.774,0.08313,-0.822083,-0.577271,MG,standing,1578404095
965,2020-01-07 13:34:55.874,0.076584,-0.8192290000000001,-0.571609,MG,standing,1578404095
966,2020-01-07 13:34:55.974,0.076416,-0.812851,-0.5698850000000001,MG,standing,1578404095
967,2020-01-07 13:34:56.074,0.076782,-0.8193360000000001,-0.5693050000000001,MG,standing,1578404096
968,2020-01-07 13:34:56.174,0.079346,-0.819839,-0.5801850000000001,MG,standing,1578404096
969,2020-01-07 13:34:56.273,0.076538,-0.8220370000000001,-0.570038,MG,standing,1578404096
970,2020-01-07 13:34:56.373,0.075119,-0.815262,-0.572067,MG,standing,1578404096
971,2020-01-07 13:34:56.473,0.074905,-0.8191069999999999,-0.573837,MG,standing,1578404096
972,2020-01-07 13:34:56.574,0.080231,-0.819702,-0.564362,MG,standing,1578404096
973,2020-01-07 13:34:56.673,0.07968099999999999,-0.824478,-0.5734560000000001,MG,standing,1578404096
974,2020-01-07 13:34:56.774,0.075836,-0.819168,-0.575455,MG,standing,1578404096
975,2020-01-07 13:34:56.873,0.075836,-0.818832,-0.56691,MG,standing,1578404096
976,2020-01-07 13:34:56.973,0.075363,-0.817703,-0.571487,MG,standing,1578404096
977,2020-01-07 13:34:57.073,0.074738,-0.818954,-0.568283,MG,standing,1578404097
978,2020-01-07 13:34:57.173,0.075073,-0.821274,-0.5671390000000001,MG,standing,1578404097
979,2020-01-07 13:34:57.273,0.07457000000000001,-0.817459,-0.5702510000000001,MG,standing,1578404097
980,2020-01-07 13:34:57.374,0.077347,-0.819122,-0.567856,MG,standing,1578404097
981,2020-01-07 13:34:57.474,0.073013,-0.817932,-0.565994,MG,standing,1578404097
982,2020-01-07 13:34:57.574,0.07191499999999999,-0.818542,-0.563232,MG,standing,1578404097
983,2020-01-07 13:34:57.674,0.080276,-0.822693,-0.5725100000000001,MG,standing,1578404097
984,2020-01-07 13:34:57.774,0.076721,-0.819458,-0.569763,MG,standing,1578404097
985,2020-01-07 13:34:57.874,0.07725499999999999,-0.817444,-0.571579,MG,standing,1578404097
986,2020-01-07 13:34:57.974,0.08077999999999999,-0.817841,-0.571426,MG,standing,1578404097
987,2020-01-07 13:34:58.074,0.079468,-0.820282,-0.569016,MG,standing,1578404098
988,2020-01-07 13:34:58.174,0.08128400000000001,-0.814697,-0.575333,MG,standing,1578404098
989,2020-01-07 13:34:58.274,0.080933,-0.818253,-0.5737300000000001,MG,standing,1578404098
990,2020-01-07 13:34:58.374,0.084564,-0.815033,-0.571945,MG,standing,1578404098
991,2020-01-07 13:34:58.474,0.080963,-0.817017,-0.568405,MG,standing,1578404098
992,2020-01-07 13:34:58.574,0.079742,-0.811966,-0.577454,MG,standing,1578404098
993,2020-01-07 13:34:58.674,0.083786,-0.819839,-0.571121,MG,standing,1578404098
994,2020-01-07 13:34:58.780,0.07518,-0.813278,-0.573715,MG,standing,1578404098
995,2020-01-07 13:34:58.880,0.078308,-0.8172149999999999,-0.5703739999999999,MG,standing,1578404098
996,2020-01-07 13:34:58.980,0.081741,-0.819077,-0.5776819999999999,MG,standing,1578404098
997,2020-01-07 13:34:59.080,0.073456,-0.8177800000000001,-0.565445,MG,standing,1578404099
998,2020-01-07 13:34:59.180,0.074753,-0.8174899999999999,-0.571213,MG,standing,1578404099
999,2020-01-07 13:34:59.280,0.075516,-0.816055,-0.57312,MG,standing,1578404099
1000,2020-01-07 13:34:59.381,0.07775900000000001,-0.820602,-0.570847,MG,standing,1578404099
1001,2020-01-07 13:34:59.481,0.07115199999999999,-0.815628,-0.5680689999999999,MG,standing,1578404099
1002,2020-01-07 13:34:59.581,0.074417,-0.818222,-0.5754090000000001,MG,standing,1578404099
1003,2020-01-07 13:34:59.681,0.074326,-0.820679,-0.567154,MG,standing,1578404099
1004,2020-01-07 13:34:59.781,0.071976,-0.8174739999999999,-0.570847,MG,standing,1578404099
1005,2020-01-07 13:34:59.881,0.077789,-0.820602,-0.5735319999999999,MG,standing,1578404099
1006,2020-01-07 13:34:59.982,0.068207,-0.817764,-0.567902,MG,standing,1578404099
1007,2020-01-07 13:35:00.082,0.070618,-0.813797,-0.567337,MG,standing,1578404100
1008,2020-01-07 13:35:00.182,0.07299800000000001,-0.818542,-0.569016,MG,standing,1578404100
1009,2020-01-07 13:35:00.282,0.073257,-0.817017,-0.570221,MG,standing,1578404100
1010,2020-01-07 13:35:00.382,0.076218,-0.818573,-0.5665439999999999,MG,standing,1578404100
1011,2020-01-07 13:35:00.483,0.078568,-0.819305,-0.570343,MG,standing,1578404100
1012,2020-01-07 13:35:00.583,0.078568,-0.817932,-0.5696260000000001,MG,standing,1578404100
1013,2020-01-07 13:35:00.683,0.07852200000000001,-0.816986,-0.579071,MG,standing,1578404100
1014,2020-01-07 13:35:00.783,0.07849099999999999,-0.8189390000000001,-0.5633239999999999,MG,standing,1578404100
1015,2020-01-07 13:35:00.884,0.082626,-0.8174899999999999,-0.5716859999999999,MG,standing,1578404100
1016,2020-01-07 13:35:00.984,0.082596,-0.817291,-0.571075,MG,standing,1578404100
1017,2020-01-07 13:35:01.084,0.083801,-0.815292,-0.5732729999999999,MG,standing,1578404101
1018,2020-01-07 13:35:01.184,0.084991,-0.8173520000000001,-0.573227,MG,standing,1578404101
1019,2020-01-07 13:35:01.284,0.08357200000000001,-0.8198850000000001,-0.575272,MG,standing,1578404101
1020,2020-01-07 13:35:01.384,0.083725,-0.81604,-0.572037,MG,standing,1578404101
1021,2020-01-07 13:35:01.485,0.075531,-0.815338,-0.564087,MG,standing,1578404101
1022,2020-01-07 13:35:01.585,0.083313,-0.822617,-0.573517,MG,standing,1578404101
1023,2020-01-07 13:35:01.685,0.085861,-0.813797,-0.5724640000000001,MG,standing,1578404101
1024,2020-01-07 13:35:01.785,0.064362,-0.800812,-0.559631,MG,standing,1578404101
1025,2020-01-07 13:35:01.885,0.097855,-0.8295290000000001,-0.573593,MG,standing,1578404101
1026,2020-01-07 13:35:01.980,0.086685,-0.8200069999999999,-0.575775,MG,standing,1578404101
1027,2020-01-07 13:35:02.080,0.077087,-0.8107300000000001,-0.566681,MG,standing,1578404102
1028,2020-01-07 13:35:02.180,0.09614600000000001,-0.828354,-0.593933,MG,standing,1578404102
