time_tick,acc_X_value,acc_Y_value,acc_Z_value
0.026009,-0.302877,-9.120887,-2.961434
0.059684,-0.326521,-9.329490,-3.191734
0.092988,-0.330412,-9.440824,-3.060198
0.126329,-0.348219,-9.355976,-2.924173
0.159646,-0.302279,-9.142286,-3.056008
0.192988,-0.332956,-9.308839,-3.381482
0.226313,-0.216384,-9.402665,-2.930159
0.259653,-0.244068,-9.318266,-2.957394
0.292982,-0.128843,-9.121037,-3.105839
0.326311,-0.242571,-9.345651,-2.844563
0.359647,-0.227008,-9.431696,-3.035208
0.392990,-0.227607,-9.302853,-2.980289
0.426313,-0.269956,-9.361513,-2.978344
0.459671,-0.270704,-9.333380,-2.961883
0.492987,-0.133930,-9.210224,-3.073068
0.526320,-0.090833,-9.350589,-2.997348
0.559647,-0.128244,-9.407304,-3.030419
0.592982,-0.193339,-9.310335,-3.265359
0.626310,-0.137672,-9.524474,-2.767048
0.659647,-0.068387,-9.500831,-2.692526
0.692999,-0.068237,-9.250179,-2.911752
0.726424,-0.017359,-9.474643,-2.438731
0.759649,0.025739,-9.511156,-2.644341
0.792983,-0.001197,-9.323653,-2.929410
0.826313,0.003741,-9.321110,-2.825259
0.859643,-0.068536,-9.079586,-2.105776
0.892991,0.371264,-9.492900,-3.693188
0.925393,0.128394,-9.418976,-3.206549
0.959663,0.092030,-9.163386,-3.043289
0.992982,0.186006,-9.295670,-3.357090
1.026313,0.122707,-9.331884,-3.388515
1.059643,0.046389,-8.891335,-3.138162
1.092977,0.389970,-8.612101,-4.563661
1.126315,0.748215,-8.715505,-5.320854
1.159651,0.538864,-8.811276,-4.785581
1.192988,0.549639,-8.806787,-4.366282
1.226326,0.585553,-8.772070,-4.368676
1.259644,0.529287,-8.826839,-4.975179
1.292987,0.446983,-8.778803,-4.458312
1.326311,0.369020,-8.651457,-4.383790
1.359673,0.421694,-8.641431,-4.312560
1.393014,0.333105,-8.754112,-4.364785
1.426326,0.448480,-8.778504,-4.571143
1.459693,0.313053,-8.529798,-4.818353
1.492992,0.407178,-8.601477,-4.934476
1.526327,0.345077,-8.542068,-4.710311
1.559733,0.358993,-8.603871,-4.759693
1.592992,0.352858,-8.455425,-4.772712
1.626374,0.343281,-8.601926,-4.679634
1.659643,0.344628,-8.618386,-4.713454
1.692983,0.352409,-8.447494,-4.620376
1.726326,0.427081,-8.508399,-4.676492
1.759643,0.315597,-8.466648,-4.931334
1.792985,0.256787,-8.378658,-5.035485
1.826323,0.348967,-8.194897,-5.471245
1.859646,0.368870,-8.217493,-5.544122
1.892014,0.305122,-8.269120,-5.645729
1.926312,0.283723,-8.205372,-5.591409
1.959644,0.320535,-8.199087,-5.365298
1.992992,0.332806,-8.274507,-5.215955
2.026388,0.334751,-8.281241,-5.129760
2.059643,0.370067,-8.250265,-5.181088
2.093138,0.329663,-8.223329,-5.177347
2.126316,0.287314,-8.274357,-5.292422
2.159646,0.277438,-8.273459,-5.408994
2.192977,0.261277,-8.238293,-5.422013
2.226313,0.310509,-8.285580,-5.315916
2.259652,0.311108,-8.231410,-5.344797
2.292981,0.268160,-8.245476,-5.213111
2.326312,0.277139,-8.253407,-5.271023
2.359659,0.244816,-8.365490,-5.227178
2.393072,0.243918,-8.291865,-5.190366
2.426335,0.284771,-8.247571,-5.278505
2.459646,0.247360,-8.252210,-5.243638
2.492976,0.235688,-8.173647,-5.267432
2.526327,0.245863,-8.458119,-5.232266
2.559643,0.226559,-8.313115,-5.300802
2.592059,0.252597,-8.221234,-5.307835
2.626333,0.249156,-8.323889,-5.105817
2.659648,0.256488,-8.301143,-5.233014
2.692997,0.211894,-8.324787,-5.133950
2.726312,0.255740,-8.290519,-5.239149
2.759657,0.252897,-8.291117,-5.275812
2.792994,0.213540,-8.343642,-5.257705
2.826317,0.204712,-8.299946,-5.284491
2.859643,0.188251,-8.305632,-5.232415
2.892977,0.218479,-8.296804,-5.209071
2.926463,0.246462,-8.307428,-5.181387
2.959653,0.191842,-8.323141,-5.092050
2.992977,0.210548,-8.287077,-5.246033
3.026310,0.213690,-8.291267,-5.242741
3.059668,0.167301,-8.313414,-5.160138
3.092999,0.188999,-8.296953,-5.206078
3.126359,0.212343,-8.359504,-5.343750
3.159653,0.172838,-8.309673,-5.146670
3.192987,0.219077,-8.314312,-5.277009
3.226306,0.188251,-8.317903,-5.099981
3.259656,0.210697,-8.323590,-5.218498
3.292979,0.155030,-8.302939,-5.139936
3.326366,0.167750,-8.287077,-5.240945
3.359650,0.209650,-8.327181,-5.317263
3.392976,0.169396,-8.280343,-5.176000
3.426309,0.166702,-8.343492,-5.077086
3.459717,0.163260,-8.163023,-5.148915
3.492984,0.191393,-8.318202,-5.251270
3.526319,0.176130,-8.462458,-5.217451
3.559648,0.193189,-8.246374,-5.249026
3.593007,0.156078,-8.276602,-5.185577
3.626350,0.192142,-8.391228,-5.200392
3.659642,0.202168,-8.315509,-5.220444
3.692976,0.141712,-8.292614,-5.098186
3.726309,0.232994,-8.303837,-5.272669
3.759643,0.198726,-8.375965,-5.154601
3.792976,0.170294,-8.345737,-5.368740
3.826310,0.161764,-8.310720,-5.258752
3.859653,0.203065,-8.328677,-5.241244
3.892987,0.154880,-8.364741,-5.113150
3.926310,0.204263,-8.320297,-5.144575
3.959721,0.216833,-8.306530,-5.220145
3.993029,0.225662,-8.290219,-5.221791
4.026317,0.184809,-8.349777,-5.234959
4.059658,0.160417,-8.322991,-5.239448
4.092980,0.164458,-8.343342,-5.113000
4.126333,0.200821,-8.370727,-5.179891
4.159650,0.224614,-8.333167,-5.177945
4.192981,0.225961,-8.342445,-5.168368
4.226412,0.233892,-8.337506,-5.245285
4.259650,0.205909,-8.351872,-5.230769
4.292995,0.172089,-8.321644,-5.245584
4.326251,0.174633,-8.441658,-5.207874
4.359523,0.208602,-8.254904,-5.220294
4.393039,0.226859,-8.282438,-5.121829
4.426309,0.209051,-8.331221,-5.139786
4.459649,0.290906,-8.255951,-5.214458
4.492978,0.217282,-8.416368,-5.168368
4.526317,0.236885,-8.325984,-5.171960
4.559640,0.217282,-8.293811,-5.221192
4.593058,0.193039,-8.351723,-5.193807
4.626340,0.221621,-8.384943,-5.233612
4.659658,0.197828,-8.308775,-5.159240
4.692981,0.246462,-8.255203,-5.201140
4.726316,0.252897,-8.301742,-5.249624
4.759648,0.261277,-8.337955,-5.257256
4.792978,0.260528,-8.315210,-5.300952
4.826315,0.242721,-8.276003,-5.251270
4.859660,0.238830,-8.334962,-5.159539
4.892982,0.233144,-8.398710,-5.158492
4.926310,0.214738,-8.337955,-5.130359
4.959638,0.278186,-8.315359,-5.150860
4.992981,0.268011,-8.339302,-5.158492
5.026330,0.279234,-8.416518,-5.201140
5.059609,0.295994,-8.288124,-5.200841
5.092976,0.282825,-8.257597,-5.241095
5.126315,0.280431,-8.285880,-5.181836
5.159638,0.358096,-8.233654,-5.161036
5.192999,0.361687,-8.304435,-5.153404
5.226327,0.316944,-8.336160,-5.235109
5.259731,0.361687,-8.181578,-5.148915
5.292979,0.409722,-8.311020,-5.214159
5.325907,0.410321,-8.339452,-5.287484
5.359708,0.382338,-8.345288,-5.268330
5.392987,0.360939,-8.318502,-5.233612
5.426310,0.435311,-8.179184,-5.176150
5.459643,0.453418,-8.230811,-5.116292
5.492993,0.488734,-8.234702,-5.107164
5.526312,0.471675,-8.220635,-5.134399
5.559680,0.432917,-8.243381,-5.121231
5.592992,0.372910,-8.285580,-5.182883
5.626325,0.386378,-8.315958,-5.182584
5.659649,0.404335,-8.325984,-5.274166
5.692984,0.395207,-8.321644,-5.226878
5.726312,0.447432,-8.231709,-5.225382
5.759643,0.341036,-8.299497,-5.093397
5.793147,0.320386,-8.303238,-5.179741
5.826313,0.357198,-8.283635,-5.245883
5.859646,0.388174,-8.200583,-5.290327
5.893091,0.339689,-8.256250,-5.284491
5.926315,0.279683,-8.300844,-5.285090
5.959652,0.333704,-8.203726,-5.291225
5.992976,0.312305,-8.254754,-5.175102
6.026365,0.164009,-8.281989,-5.311427
6.059643,0.272949,-8.261937,-5.323099
6.093056,0.257386,-8.182925,-5.287185
6.126298,0.230600,-8.282139,-5.365149
6.159647,0.210997,-8.148657,-5.451044
6.192837,0.177327,-8.185619,-5.383405
6.226215,0.181517,-8.224676,-5.476932
6.259652,0.131087,-8.248768,-5.584525
6.292979,0.252897,-8.135638,-5.500875
6.326328,0.187353,-8.104213,-5.424258
6.359654,0.156078,-8.019814,-5.333125
6.392985,0.126748,-8.181878,-5.201738
6.426339,0.076019,-7.896060,-5.175252
6.459467,0.092030,-7.961753,-5.378467
6.492986,0.113729,-7.833359,-5.502222
6.526324,0.019903,-7.507138,-5.573452
6.559084,0.098016,-7.205757,-5.670121
6.592992,-0.068237,-6.850355,-5.951450
6.626336,-0.225811,-6.044228,-6.984136
6.659646,-0.269956,-5.130508,-7.461347
6.692976,-0.170892,-4.865790,-9.052949
6.726338,-0.120612,-3.803026,-10.367114
6.759654,-0.142909,-3.376244,-10.196521
6.792988,-0.357198,-2.773183,-9.557845
6.826312,-0.809269,-2.791888,-8.914380
6.859699,0.058660,-1.905404,-9.232521
6.892995,0.497413,-1.484757,-9.382463
6.926384,-0.216084,-0.414212,-11.272154
6.959639,0.387875,-1.552546,-11.928638
6.992954,0.599320,-2.278164,-9.669329
7.026392,0.096370,-2.012398,-9.776024
7.059576,-0.005387,-0.745222,-9.956942
7.092780,0.033520,-0.375753,-9.949610
7.126316,0.087391,-0.372910,-9.579992
7.159277,0.089187,-1.078776,-9.785003
7.192495,-0.032173,-1.169909,-9.774378
7.226312,-0.005387,-0.913421,-9.782908
7.259646,-0.065544,-1.027000,-9.775874
7.292954,0.027385,-1.085211,-9.802511
7.326370,0.052375,-1.002159,-9.779765
7.359733,0.015264,-1.076980,-9.831691
7.393022,0.005088,-1.023707,-9.840071
7.426373,0.081855,-1.020715,-9.870598
7.459643,0.051028,-1.036277,-9.797124
7.493033,0.043247,-0.991983,-9.788594
7.526325,0.080209,-1.033285,-9.829746
7.559652,0.009278,-1.027000,-9.819121
7.593021,-0.041900,-0.962803,-9.841119
7.626351,-0.024990,-0.890824,-9.872244
7.659644,-0.032323,-0.763927,-9.732777
7.692987,-0.067788,-0.784279,-9.761958
7.726341,-0.061503,-0.777844,-9.818672
7.759658,-0.048634,-0.767968,-9.765699
7.792986,-0.058810,-0.735794,-9.821366
7.826325,-0.032622,-0.744923,-9.843962
7.859737,0.024990,-0.735345,-9.881522
7.892978,0.025439,-0.721578,-9.788444
7.926293,0.077216,-0.767519,-9.779316
7.959668,0.065095,-0.679379,-9.905914
7.993005,-0.086045,-0.522404,-9.896337
8.026319,-0.065544,-0.424986,-9.767644
8.059353,-0.036663,-0.387725,-9.801763
8.093015,-0.039805,-0.394908,-9.822862
8.125587,0.060306,-0.549938,-9.915042
8.159712,0.054320,-0.731006,-9.974151
8.192977,0.026188,-0.507439,-9.948113
8.226331,0.114327,-0.273398,-9.844561
8.259662,0.108042,-0.250951,-9.811639
8.292977,0.049233,-0.246911,-9.789791
8.326324,0.011672,-0.180020,-9.828698
8.359545,-0.013917,-0.061952,-9.755822
8.392974,0.047586,-0.101009,-9.859974
8.426302,0.075719,-0.204263,-9.927313
8.459649,0.073774,-0.147548,-9.858178
8.492976,0.107593,-0.077665,-9.799069
8.526391,0.164757,-0.030078,-9.808347
8.559646,0.137522,-0.027235,-9.802960
8.592976,0.105199,0.016311,-9.786200
8.626418,0.116871,0.046240,-9.754625
8.659727,0.120762,0.061503,-9.747891
8.692986,0.124653,0.011373,-9.756570
8.726361,0.123605,-0.021698,-9.793383
8.759650,0.133182,-0.074821,-9.826603
8.793029,0.145453,-0.094275,-9.851145
8.826313,0.095921,-0.163410,-9.765399
8.859646,0.158322,-0.075869,-9.815081
8.892987,0.146201,-0.139018,-9.941080
8.926359,0.130189,-0.169396,-9.860872
8.959644,0.146052,-0.325324,-9.858926
8.993016,0.117170,-0.323977,-9.815679
9.026186,0.125401,-0.288362,-9.864463
9.059854,0.115674,-0.327718,-9.837078
9.092988,0.092030,-0.319787,-9.825257
9.126398,0.058211,-0.345974,-9.824209
9.159646,0.047736,-0.350913,-9.851145
9.193036,0.081256,-0.352708,-9.862967
9.226310,0.101159,-0.480952,-9.848152
9.259647,0.079011,-0.467933,-9.826753
9.292991,0.067938,-0.454915,-9.852492
9.326313,0.043396,-0.474218,-9.836480
9.359631,0.026487,-0.504596,-9.806551
9.392993,0.035465,-0.520608,-9.835881
9.426309,0.030677,-0.556223,-9.857131
9.459698,0.000599,-0.561909,-9.846506
9.492979,0.006135,-0.581662,-9.853539
9.526315,0.024242,-0.612489,-9.850846
9.559707,0.005836,-0.617576,-9.824957
9.592985,-0.011223,-0.656184,-9.826753
9.626317,-0.005088,-0.640023,-9.865660
9.659664,-0.039356,-0.649750,-9.797722
9.692974,-0.026786,-0.647954,-9.890351
9.726314,-0.032622,-0.535123,-9.765100
9.759715,0.003891,-0.684467,-9.800865
9.792985,-0.013318,-0.884988,-9.853090
9.826341,-0.039655,-0.758241,-9.877632
9.859708,-0.032173,-0.729509,-9.812836
9.892978,-0.023943,-0.716341,-9.795927
9.926386,-0.029929,-0.733849,-9.797423
9.959658,-0.035016,-0.797148,-9.838874
9.992976,-0.059259,-0.712300,-9.809694
10.026320,-0.030826,-0.785476,-9.822264
10.059686,-0.024841,-0.837103,-9.828249
10.092914,-0.038159,-0.776497,-9.829596
10.126313,-0.047138,-0.770362,-9.812986
10.159651,-0.038608,-0.811214,-9.808946
10.192981,-0.063898,-0.816901,-9.794879
10.226341,-0.065095,-0.796699,-9.801164
10.259693,-0.053123,-0.793108,-9.807150
10.292999,-0.053871,-0.815404,-9.821216
10.326323,-0.075420,-0.831267,-9.829297
10.359642,-0.063449,-0.839946,-9.814333
10.392983,-0.050430,-0.843687,-9.799219
10.426381,-0.060156,-0.848326,-9.800715
10.459704,-0.085895,-0.840245,-9.813435
10.492989,-0.077964,-0.839946,-9.809694
10.526311,-0.087691,-0.857155,-9.828249
10.558689,-0.087990,-0.865086,-9.812238
10.592964,-0.088738,-0.833960,-9.802062
10.626316,-0.089187,-0.860896,-9.830494
10.659695,-0.094574,-0.859848,-9.835283
10.692991,-0.093228,-0.824383,-9.805803
10.726370,-0.113429,-0.859998,-9.808048
10.759666,-0.105798,-0.721728,-9.837228
10.792989,-0.092180,-0.733999,-9.722153
10.826309,-0.065244,-1.015926,-9.822862
10.859642,-0.111334,-0.947090,-9.841119
10.892971,-0.090983,-0.893967,-9.828100
10.926307,-0.074073,-0.883492,-9.801613
10.959662,-0.092629,-0.865684,-9.789492
10.993030,-0.100710,-0.897259,-9.789642
11.026329,-0.113429,-0.851468,-9.807000
11.059652,-0.089187,-0.848476,-9.811041
11.092985,-0.078862,-0.947539,-9.829896
11.126384,-0.104151,-0.919706,-9.817475
11.159611,-0.094724,-0.874214,-9.813435
11.192980,-0.092479,-0.890525,-9.807748
11.226336,-0.104600,-0.891722,-9.814183
11.259657,-0.122109,-0.865385,-9.765399
11.293052,-0.101308,-0.843687,-9.796824
11.326356,-0.080658,-0.871820,-9.831242
11.359647,-0.116871,-0.885437,-9.817924
11.393000,-0.108341,-0.890226,-9.823012
11.426308,-0.091133,-0.885288,-9.808646
11.459660,-0.104451,-0.856107,-9.797722
11.493005,-0.109539,-0.842789,-9.805504
11.526348,-0.115075,-0.827525,-9.809544
11.559728,-0.127795,-0.820193,-9.800266
11.592421,-0.119265,-0.842340,-9.825855
11.625663,-0.129890,-0.846829,-9.818074
11.659270,-0.108341,-0.827974,-9.825257
11.693013,-0.121360,-0.842639,-9.830494
11.726197,-0.106845,-0.826628,-9.828100
11.759336,-0.145902,-0.791162,-9.756720
11.792478,-0.117470,-0.795951,-9.844561
11.825663,-0.118517,-0.638227,-9.826154
11.859628,-0.083501,-0.738488,-9.782908
11.892987,-0.119565,-0.920005,-9.836779
11.926317,-0.121211,-0.794305,-9.853240
11.959653,-0.080658,-0.794903,-9.833487
11.993056,-0.094275,-0.724122,-9.795927
12.026314,-0.115225,-0.685065,-9.779915
12.059695,-0.110736,-0.729509,-9.821067
12.093221,-0.114327,-0.643614,-9.815829
12.126366,-0.084848,-0.722327,-9.858627
12.159702,-0.094275,-0.751058,-9.878679
12.192981,-0.096071,-0.660524,-9.852492
12.226381,-0.091881,-0.640023,-9.848751
12.259653,-0.084997,-0.618325,-9.815679
12.292979,-0.094874,-0.597375,-9.784254
12.326330,-0.085596,-0.549788,-9.799219
12.359312,-0.084848,-0.535123,-9.831841
12.393009,-0.066741,-0.525995,-9.859974
12.426321,-0.067489,-0.541707,-9.851743
12.459644,-0.063898,-0.553380,-9.851444
12.492999,-0.046689,-0.518064,-9.849948
12.526310,-0.046389,-0.479456,-9.836031
12.559649,-0.067788,-0.433815,-9.817026
12.593008,-0.048933,-0.418252,-9.824508
12.626342,-0.054470,-0.397003,-9.853689
12.659668,-0.063149,-0.406580,-9.848451
12.692873,-0.067938,-0.391316,-9.839922
12.726339,-0.060905,-0.385480,-9.812986
12.759653,-0.033520,-0.308115,-9.802212
12.792980,-0.012121,-0.292253,-9.900078
12.826310,-0.009428,-0.295395,-9.795478
12.859642,-0.019304,-0.470178,-9.825556
12.892976,-0.023195,-0.390269,-9.881522
12.926357,-0.002544,-0.355252,-9.922225
12.959671,0.005537,-0.321283,-9.828998
12.992988,-0.024841,-0.254094,-9.820468
13.026321,-0.008380,-0.301381,-9.834086
13.059646,-0.016012,-0.243918,-9.810442
13.093029,0.021698,-0.236735,-9.853689
13.126368,0.040404,-0.324426,-9.889304
13.159642,0.012420,-0.251999,-9.831691
13.192980,0.034867,-0.232545,-9.847703
13.226310,0.029031,-0.232545,-9.871646
13.259654,0.041451,-0.221172,-9.834235
13.293036,0.033520,-0.210847,-9.832140
13.326368,0.020351,-0.183313,-9.837527
13.359703,0.037111,-0.160268,-9.857280
13.392979,0.056565,-0.145154,-9.856682
13.426390,0.051028,-0.167600,-9.870748
13.459658,0.054021,-0.173735,-9.857729
13.492990,0.053572,-0.115524,-9.808796
13.526319,0.079909,-0.111634,-9.840969
13.559676,0.060306,-0.106695,-9.829447
13.592905,0.081705,-0.076767,-9.833188
13.626078,0.063449,-0.108790,-9.840819
13.659643,0.080658,-0.111035,-9.845758
13.692970,0.083650,-0.064945,-9.748340
13.726395,0.092330,-0.085446,-9.807150
13.759575,0.089786,-0.037560,-9.811190
13.792991,0.091282,-0.191094,-9.845608
13.826320,0.057912,-0.236585,-9.815679
13.859640,0.086494,-0.245564,-9.879876
13.892992,0.058211,-0.253495,-9.855335
13.926375,0.058061,-0.206507,-9.880624
13.959677,0.067938,-0.207405,-9.857280
13.992978,0.076168,-0.259481,-9.844261
14.026320,0.053123,-0.161016,-9.810143
14.059667,0.071679,-0.266065,-9.843663
14.092978,0.073325,-0.293749,-9.872244
14.126316,0.053123,-0.301979,-9.850097
14.159655,0.033071,-0.295844,-9.827202
14.193035,0.062251,-0.301231,-9.837827
14.226362,0.060306,-0.348369,-9.861321
14.259664,0.022446,-0.334602,-9.845907
14.293009,0.038907,-0.307067,-9.871047
14.326356,0.024242,-0.322032,-9.841867
14.359660,0.021698,-0.338343,-9.831242
14.393062,0.062401,-0.340288,-9.849648
14.425564,0.052525,-0.366326,-9.821216
14.459699,0.038458,-0.383086,-9.811639
14.493045,0.024841,-0.385181,-9.833786
14.526305,0.018256,-0.417055,-9.869401
14.559715,0.009278,-0.414361,-9.858926
14.592691,0.000449,-0.405383,-9.827651
14.626345,0.016760,-0.391017,-9.884964
14.659643,0.017658,-0.276391,-9.726043
14.693000,0.085147,-0.442644,-9.799817
14.726357,0.033819,-0.644811,-9.864613
14.759677,-0.009278,-0.571636,-9.899629
14.793052,0.038159,-0.486789,-9.883468
14.826315,0.013767,-0.506242,-9.812238
14.859577,0.039206,-0.505195,-9.824209
14.892782,0.004489,-0.561760,-9.839473
14.926525,-0.019304,-0.511480,-9.793383
14.959640,0.033819,-0.535422,-9.819570
14.992979,0.058660,-0.590341,-9.858328
15.026355,0.023344,-0.594831,-9.837827
15.059654,0.049981,-0.579866,-9.858028
15.092989,0.056415,-0.612339,-9.853090
15.126417,0.037261,-0.624310,-9.824508
15.159660,0.001646,-0.607999,-9.820917
15.192991,0.016012,-0.580615,-9.834235
15.226310,0.019454,-0.605455,-9.858926
15.259648,-0.016161,-0.642268,-9.812836
15.292993,-0.005238,-0.636132,-9.801014
15.326309,0.014665,-0.654239,-9.818373
15.359681,0.038309,-0.658579,-9.814333
15.393055,0.011223,-0.659626,-9.848900
15.426400,0.018406,-0.666809,-9.866109
15.459716,-0.003143,-0.665013,-9.823162
15.493091,-0.006435,-0.659776,-9.865660
15.526379,-0.009876,-0.502501,-9.737865
15.559693,0.048035,-0.714545,-9.774528
15.593069,0.000299,-0.826777,-9.843962
15.626438,-0.031724,-0.769314,-9.848152
15.659695,0.015713,-0.746868,-9.811489
15.693060,0.015413,-0.737440,-9.821366
15.726390,0.016012,-0.742079,-9.822413
15.759692,0.008081,-0.817050,-9.855335
15.793066,0.007482,-0.743277,-9.846057
15.826379,0.027534,-0.744474,-9.805055
15.859702,0.003741,-0.829321,-9.802062
15.892706,-0.006435,-0.780687,-9.821964
15.926385,-0.000150,-0.776946,-9.828249
15.959657,-0.012420,-0.789815,-9.820618
15.993051,-0.025439,-0.791312,-9.797423
16.026385,-0.007033,-0.790713,-9.806701
16.059715,0.002245,-0.770212,-9.827501
16.093005,0.001048,-0.785925,-9.819869
16.126336,0.002544,-0.817799,-9.840819
16.159690,0.007931,-0.786972,-9.821366
16.193033,-0.023045,-0.798644,-9.787098
16.226335,-0.016161,-0.790414,-9.817625
16.259702,-0.049083,-0.783381,-9.792186
16.292993,-0.049981,-0.784129,-9.810592
16.326339,-0.038758,-0.710505,-9.846656
16.359645,0.003442,-0.709607,-9.756720
16.393007,0.024242,-0.933922,-9.825556
16.425922,-0.028133,-0.910727,-9.845458
16.459642,0.002394,-0.863141,-9.817924
16.492990,0.012570,-0.851319,-9.807449
16.526349,-0.015862,-0.837701,-9.805953
16.559628,-0.027834,-0.893518,-9.798171
16.592978,-0.022446,-0.862243,-9.817326
16.626345,-0.027385,-0.817948,-9.812238
16.659646,-0.007931,-0.925242,-9.827651
16.692477,-0.019903,-0.955919,-9.863416
16.726320,-0.021848,-0.874214,-9.849199
16.759711,-0.026786,-0.835307,-9.785751
16.792975,-0.006734,-0.901449,-9.806102
16.826326,-0.029779,-0.871670,-9.791737
16.859645,-0.031275,-0.803732,-9.784703
16.893010,-0.020651,-0.806575,-9.807748
16.926306,-0.047437,-0.821540,-9.839173
16.959657,-0.046988,-0.830069,-9.820618
16.993113,-0.028283,-0.864787,-9.816278
17.026326,-0.026936,-0.869426,-9.826154
17.059684,-0.070033,-0.867630,-9.752530
17.093063,-0.050130,-0.840844,-9.820169
17.126342,-0.049681,-0.651246,-9.776024
17.159126,-0.022446,-0.805528,-9.792335
17.192839,-0.025739,-0.950981,-9.881373
17.226385,-0.058660,-0.906986,-9.822264
17.259663,-0.046689,-0.896511,-9.785152
17.292990,-0.016610,-0.818697,-9.793832
17.326320,-0.044893,-0.849972,-9.799817
17.359658,-0.060755,-0.905340,-9.820468
17.393002,-0.064047,-0.751806,-9.783656
17.426323,-0.049532,-0.790713,-9.793981
17.459659,-0.029929,-0.932575,-9.847404
17.492915,-0.047586,-0.836953,-9.842914
17.526311,-0.030677,-0.830967,-9.769290
17.559646,-0.031126,-0.879003,-9.782159
17.592995,-0.032323,-0.859399,-9.823760
17.626316,-0.005238,-0.877506,-9.858178
17.659684,-0.026038,-0.849523,-9.824808
17.693029,-0.022596,-0.775899,-9.798471
17.726316,-0.022297,-0.783830,-9.820318
17.759053,0.005387,-0.806725,-9.868503
17.793004,-0.034119,-0.821390,-9.799967
17.826312,-0.054021,-0.787571,-9.801164
17.859667,-0.006884,-0.608299,-9.785751
17.893037,0.032323,-0.674291,-9.813285
17.926311,0.005537,-0.929881,-9.868503
17.959670,-0.040553,-0.765873,-9.847553
17.992976,0.030976,-0.709008,-9.862218
18.026364,0.017658,-0.689555,-9.806102
18.059661,-0.021249,-0.626705,-9.780962
18.092989,-0.005986,-0.666809,-9.837677
18.126535,-0.013318,-0.582261,-9.843214
18.159686,0.002394,-0.588396,-9.840221
18.192838,0.017359,-0.623712,-9.856083
18.225988,-0.012570,-0.569990,-9.844261
18.258793,-0.000748,-0.500705,-9.817625
18.292205,0.014515,-0.475865,-9.805504
18.326310,-0.000599,-0.482599,-9.829297
18.359644,0.006435,-0.428577,-9.793383
18.392976,0.006734,-0.381141,-9.798471
18.426350,-0.007482,-0.432767,-9.899629
18.459655,0.003442,-0.445188,-9.907710
18.492422,-0.011223,-0.389521,-9.786798
18.526311,0.028283,-0.343730,-9.839024
18.559652,0.035465,-0.249904,-9.842466
18.593000,0.040404,-0.374706,-9.836330
18.626309,0.024691,-0.477960,-9.830793
18.659644,0.007033,-0.325024,-9.879128
18.693000,0.052525,-0.306020,-9.871646
18.726324,0.012121,-0.270704,-9.790240
18.759718,0.011672,-0.270704,-9.819869
18.792996,-0.003143,-0.345077,-9.891997
18.826318,-0.017059,-0.210099,-9.855933
18.859381,0.050729,-0.225961,-9.827950
18.892988,0.032772,-0.277887,-9.842017
18.926358,0.003741,-0.263521,-9.867456
18.959670,0.021848,-0.198427,-9.878679
18.992812,0.016012,-0.166852,-9.790240
19.025957,0.011672,-0.179721,-9.745048
19.059154,0.005387,-0.192890,-9.859375
19.092359,0.009428,-0.197529,-9.885563
19.126314,0.019753,-0.191992,-9.878380
19.158767,0.028582,-0.147847,-9.881522
19.192979,0.054620,-0.207854,-9.904418
19.226309,0.005537,-0.203365,-9.792335
19.258900,0.011523,-0.121510,-9.815829
19.292979,0.057463,0.000449,-9.864762
19.326313,0.060306,-0.074073,-9.798321
19.359703,0.018855,-0.262324,-9.822563
19.393055,0.032024,-0.152187,-9.885862
19.426418,0.055069,-0.085296,-9.838874
19.459754,0.051178,-0.091282,-9.794131
19.493050,0.042499,-0.081705,-9.833487
19.526353,0.023045,-0.166852,-9.850546
19.559678,0.021100,-0.047886,-9.796226
19.593046,0.073624,-0.083950,-9.786349
19.625699,0.066142,-0.221322,-9.849050
19.659652,0.023793,-0.203365,-9.930156
19.693037,0.041900,-0.134379,-9.877781
19.726321,0.054769,-0.127197,-9.794281
19.759659,0.020501,-0.158322,-9.768093
19.792987,0.027834,-0.187652,-9.850546
19.826355,0.024691,-0.186156,-9.858328
19.859723,0.043396,-0.187652,-9.855185
19.892978,0.045192,-0.228954,-9.832739
19.926368,0.056116,-0.245115,-9.848601
19.959639,0.029929,-0.266664,-9.853988
19.992998,0.060755,-0.289709,-9.896038
20.026311,0.016311,-0.278934,-9.765100
20.059678,0.050130,-0.222669,-9.912947
20.093010,0.038009,-0.186904,-9.807299
20.126397,0.057463,-0.366775,-9.807898
20.159688,0.024990,-0.455214,-9.824359
20.192576,0.026786,-0.396404,-9.895140
20.225746,0.069883,-0.391316,-9.901275
20.258697,0.030677,-0.383236,-9.842316
20.292986,0.007183,-0.375454,-9.807000
20.326346,0.018556,-0.444140,-9.862967
20.359667,0.004938,-0.388623,-9.863416
20.392985,0.020950,-0.456261,-9.830195
20.425490,0.024990,-0.496366,-9.838126
20.459635,0.015713,-0.449078,-9.846656
20.492961,0.015114,-0.439950,-9.863864
20.526138,0.001048,-0.487237,-9.831841
20.559653,-0.001048,-0.484544,-9.811789
20.593042,0.005238,-0.467185,-9.815231
20.626377,-0.003891,-0.459404,-9.832739
20.659648,0.010026,-0.491278,-9.864762
20.693043,0.004489,-0.521506,-9.842615
20.726327,0.002245,-0.520907,-9.821516
20.759696,0.000299,-0.512527,-9.819271
20.793007,0.012869,-0.521655,-9.825406
20.826327,-0.007183,-0.527192,-9.840071
20.859708,-0.022895,-0.527940,-9.835881
20.893004,-0.007781,-0.521057,-9.845309
20.926397,-0.002095,-0.559515,-9.837976
20.959659,-0.017808,-0.555624,-9.823162
20.992992,-0.004190,-0.556522,-9.843663
21.026378,-0.001796,-0.601265,-9.864313
21.059649,-0.013468,-0.586151,-9.814782
21.092990,-0.040703,-0.583907,-9.818523
21.126380,-0.002095,-0.422292,-9.795328
21.159457,0.004340,-0.471824,-9.717514
21.192731,0.032323,-0.741481,-9.805653
21.226070,-0.036663,-0.762281,-9.883617
21.259404,-0.003442,-0.710355,-9.883617
21.292815,0.022147,-0.679529,-9.831691
21.326095,-0.015413,-0.671448,-9.793682
21.359412,-0.016461,-0.731006,-9.804157
21.392810,-0.017209,-0.731754,-9.838425
21.426070,0.005088,-0.676835,-9.820019
21.459561,0.008530,-0.778443,-9.794430
21.492707,-0.001945,-0.799542,-9.841418
21.526024,-0.003741,-0.760785,-9.858028
21.559425,-0.002993,-0.771110,-9.808796
21.592742,-0.014964,-0.803583,-9.791587
21.626091,-0.026337,-0.801039,-9.794281
21.659447,-0.002095,-0.775599,-9.821216
21.692771,-0.012121,-0.781136,-9.836629
21.726079,-0.018705,-0.800889,-9.836031
21.759463,-0.017658,-0.825131,-9.821366
21.792840,-0.007033,-0.826029,-9.803109
21.826011,-0.001496,-0.825131,-9.792485
21.859408,-0.016910,-0.824682,-9.819720
21.892733,-0.026337,-0.828573,-9.819121
21.926055,-0.030677,-0.823335,-9.815231
21.959465,-0.037860,-0.864188,-9.824957
21.992730,-0.028432,-0.843088,-9.826304
22.025878,-0.042199,-0.844585,-9.815530
22.059401,-0.048335,-0.848326,-9.821216
22.092740,-0.041750,-0.826328,-9.820019
22.126067,-0.061803,-0.865236,-9.813884
22.159400,-0.039955,-0.749113,-9.835283
22.192770,-0.029929,-0.670550,-9.669927
22.226136,0.007333,-0.907584,-9.778119
22.259328,-0.051178,-1.005301,-9.875537
22.292736,-0.054769,-0.941703,-9.837976
22.326119,-0.016610,-0.907285,-9.788444
22.359352,-0.025290,-0.873915,-9.798171
22.392727,-0.037560,-0.932575,-9.802810
22.426060,-0.037710,-0.930031,-9.800416
22.459455,-0.030677,-0.830518,-9.809694
22.492690,-0.009128,-0.954423,-9.810891
22.526143,-0.032772,-0.966095,-9.846656
22.559413,-0.033370,-0.906537,-9.857280
22.592740,-0.027834,-0.891573,-9.803558
22.626061,-0.027534,-0.876608,-9.786649
22.659185,-0.050130,-0.849523,-9.798022
22.692960,-0.032772,-0.813758,-9.818523
22.726292,-0.036812,-0.789815,-9.820169
22.759716,-0.032622,-0.801039,-9.832739
22.792991,-0.044594,-0.808222,-9.826154
22.826315,-0.024541,-0.774253,-9.807000
22.859657,-0.004938,-0.745820,-9.804756
22.893011,-0.031126,-0.741780,-9.814782
22.926378,-0.031575,-0.712600,-9.838724
22.959658,-0.043546,-0.686263,-9.821815
22.992975,-0.037710,-0.680576,-9.815530
23.026322,-0.019903,-0.626106,-9.841568
23.059655,-0.030677,-0.661272,-9.847404
23.092976,-0.034418,-0.630895,-9.851294
23.126336,-0.048185,-0.585403,-9.770338
23.159676,-0.039356,-0.542905,-9.803109
23.193050,-0.017508,-0.446235,-9.841418
23.226323,0.002245,-0.544850,-9.806551
23.259658,-0.004639,-0.721429,-9.853090
23.292986,-0.023195,-0.550985,-9.867905
23.326317,0.014815,-0.531532,-9.864164
23.359772,-0.013169,-0.509983,-9.813285
23.393051,-0.028582,-0.428128,-9.810292
23.426376,-0.012121,-0.488884,-9.854587
23.459681,-0.031425,-0.458356,-9.867456
23.493025,-0.023943,-0.373210,-9.864164
23.526325,0.033969,-0.435760,-9.857280
23.559400,0.009428,-0.420946,-9.848302
23.592996,-0.003292,-0.366476,-9.876135
23.626337,0.009577,-0.287763,-9.839922
23.659674,0.010325,-0.286866,-9.818672
23.692989,-0.004190,-0.273547,-9.807299
23.726335,-0.016461,-0.222818,-9.843513
23.759637,0.006135,-0.220424,-9.850247
23.792996,0.012121,-0.230899,-9.888556
23.826357,0.014815,-0.233742,-9.895888
23.859004,0.026487,-0.164607,-9.867606
23.892766,0.026487,-0.121959,-9.826603
23.926311,0.038309,-0.079909,-9.842316
23.959643,0.020800,-0.016012,-9.812687
23.992998,0.023793,-0.030228,-9.801463
24.026315,-0.007333,-0.071679,-9.810592
24.059647,-0.000898,0.001646,-9.812986
24.092982,0.052076,0.011822,-9.894242
24.126306,0.049382,0.064646,-9.791288
24.159647,0.068686,-0.105199,-9.843962
24.192992,0.052674,-0.094425,-9.862069
24.226400,0.075270,-0.022895,-9.882869
24.259679,0.062551,0.008829,-9.849948
24.293015,0.044145,0.066441,-9.833936
24.326382,0.041900,0.043995,-9.862667
24.359694,0.016610,0.055817,-9.868054
24.392970,0.056715,0.137073,-9.839922
24.426311,0.096819,0.079760,-9.856083
24.459700,0.086643,0.067938,-9.828549
24.493004,0.072726,0.099961,-9.845009
24.525879,0.098016,0.153683,-9.888256
24.559651,0.095173,0.144854,-9.854287
24.592976,0.077814,0.179272,-9.828998
24.626328,0.087092,0.231647,-9.816278
24.659647,0.077066,0.211445,-9.846057
24.692984,0.099961,0.212942,-9.856382
24.726323,0.102655,0.215935,-9.825855
24.759089,0.107444,0.246312,-9.794131
24.793061,0.088439,0.243918,-9.800566
24.826012,0.104301,0.241673,-9.859824
24.859647,0.076617,0.212792,-9.765998
24.893089,0.087391,0.279683,-9.758217
24.926361,0.103852,0.282676,-9.861171
24.959641,0.086643,0.249904,-9.807449
24.992973,0.088589,0.126598,-9.835582
25.026307,0.115225,0.116273,-9.842316
25.059119,0.128094,0.140066,-9.879727
25.092973,0.090833,0.124802,-9.811639
25.126312,0.106246,0.172389,-9.814632
25.159651,0.106396,0.105049,-9.863416
25.193039,0.072726,0.014216,-9.917437
25.226311,0.099662,0.157574,-9.857430
25.259672,0.102356,0.053572,-9.814931
25.292992,0.078114,0.017508,-9.822114
25.326391,0.083501,0.042349,-9.879876
25.359657,0.109988,0.014815,-9.896786
25.392995,0.085296,0.020800,-9.812687
25.426425,0.101458,0.020800,-9.811190
25.459639,0.097866,-0.009577,-9.854138
25.492986,0.077216,-0.012720,-9.884814
25.526312,0.069135,-0.032323,-9.836181
25.559718,0.072876,-0.074223,-9.803409
25.592973,0.054021,-0.078712,-9.796376
25.626382,0.086045,-0.128992,-9.901275
25.659655,0.048933,-0.205310,-9.873891
25.692393,0.014515,-0.090235,-9.865959
25.725592,0.070332,0.058510,-9.769440
25.759658,0.129292,-0.243768,-9.830494
25.792988,0.095023,-0.398499,-9.898731
25.826326,0.083201,-0.314699,-9.935543
25.859639,0.089337,-0.193039,-9.857430
25.892989,0.062700,-0.146351,-9.758965
25.926327,0.058959,-0.169097,-9.787696
25.959646,0.045192,-0.327269,-9.882420
25.992989,0.038758,-0.233892,-9.853539
26.026333,0.049382,-0.235688,-9.823760
26.059643,0.076468,-0.330112,-9.825855
26.092989,0.079909,-0.338343,-9.870299
26.126327,0.078862,-0.323827,-9.878529
26.159653,0.051328,-0.366476,-9.815829
26.193050,0.021848,-0.362435,-9.795478
26.226326,0.042648,-0.356749,-9.843663
26.259647,0.054320,-0.350913,-9.876434
26.293041,0.042499,-0.393262,-9.856981
26.326334,0.042648,-0.422292,-9.832140
26.359639,-0.005686,-0.521805,-9.694918
26.392986,0.141862,-0.377100,-9.967417
26.426414,0.079311,-0.468532,-9.825855
26.459646,0.084099,-0.537218,-9.901724
26.492990,0.070033,-0.494121,-9.924769
26.526316,-0.020501,-0.521356,-9.719609
26.559646,0.039955,-0.477810,-9.877781
26.592201,0.064197,-0.307965,-9.745497
26.625688,0.113280,-0.515969,-9.794430
26.659644,0.082004,-0.703023,-9.844411
26.693205,0.005387,-0.603959,-9.877033
26.726327,0.052076,-0.562508,-9.851145
26.759666,0.073924,-0.561610,-9.828698
26.793047,0.032024,-0.546346,-9.814033
26.826332,0.040104,-0.638676,-9.831991
26.859659,0.027235,-0.578819,-9.828998
26.892983,0.048035,-0.598273,-9.815829
26.926315,0.054919,-0.673094,-9.827202
26.959710,0.038907,-0.649151,-9.849948
26.992959,0.046539,-0.636731,-9.837827
27.026292,0.049831,-0.670999,-9.834534
27.058983,0.016461,-0.667258,-9.798022
27.092979,0.015413,-0.652892,-9.804456
27.126348,0.046240,-0.644063,-9.845159
27.159677,0.038608,-0.641220,-9.839772
27.192465,0.083052,-0.587349,-9.873591
27.226323,0.011223,-0.855658,-9.771984
27.259645,0.104900,-0.841143,-9.814482
27.292979,0.039506,-0.606054,-9.877332
27.326329,-0.054320,-0.652892,-9.822563
27.359643,0.002694,-0.750010,-9.776323
27.392976,0.014515,-0.671298,-9.738763
27.426346,-0.002544,-0.676985,-9.750285
27.459638,0.007632,-0.792210,-9.816428
27.493034,0.028881,-0.829620,-9.923572
27.526326,0.037261,-0.830518,-9.942726
27.559706,0.062850,-0.783680,-9.878829
27.592993,0.037860,-0.823335,-9.779915
27.626309,0.000449,-0.746269,-9.864762
27.658924,-0.014515,-0.528539,-9.695367
27.692987,0.017508,-0.691650,-9.746694
27.726309,-0.040404,-0.893817,-9.883767
27.759654,-0.038758,-0.828573,-9.901425
27.792978,0.030527,-0.821390,-9.852941
27.826312,0.027534,-0.751507,-9.800715
27.859652,0.046240,-0.693595,-9.768392
27.892986,0.044444,-0.745222,-9.779466
27.926314,0.021399,-0.676985,-9.826603
27.959653,0.028133,-0.719184,-9.864014
27.992984,0.019154,-0.765573,-9.859974
28.026405,0.002843,-0.694942,-9.853838
28.059653,0.002245,-0.656933,-9.849648
28.092987,0.029779,-0.654389,-9.826903
28.126378,0.005537,-0.627154,-9.806252
28.159643,0.007781,-0.558767,-9.796525
28.192372,0.020351,-0.541857,-9.824359
28.226312,0.035316,-0.537368,-9.860572
28.259644,0.042499,-0.532879,-9.885862
28.292986,0.029629,-0.524798,-9.854138
28.326337,0.035166,-0.503549,-9.830793
28.359643,0.029180,-0.464941,-9.832140
28.392988,0.024242,-0.450425,-9.821815
28.426321,0.019005,-0.360340,-9.822563
28.459659,0.010026,-0.388922,-9.848900
28.492971,0.010625,-0.385331,-9.888705
28.526375,0.004789,-0.370366,-9.863715
28.559645,0.032323,-0.267711,-9.827651
28.593007,0.069135,-0.212942,-9.917437
28.626337,0.050280,-0.206058,-9.803558
28.659763,0.057014,-0.367972,-9.834385
28.692986,0.045192,-0.273697,-9.865810
28.726324,0.056415,-0.184510,-9.906363
28.759639,0.043247,-0.193189,-9.888705
28.792992,0.021249,-0.121211,-9.868204
28.826358,0.032323,-0.077814,-9.810292
28.859658,0.041152,-0.074223,-9.809544
28.892971,0.055518,0.032921,-9.814333
28.926320,0.093676,-0.052375,-9.852342
28.959663,0.074522,-0.061952,-9.852791
28.992541,0.045192,-0.018705,-9.856382
29.026322,0.058211,0.050579,-9.867606
29.059687,0.072278,0.067190,-9.847853
29.093026,0.073325,0.062700,-9.840520
29.126348,0.060156,0.090235,-9.847553
29.159722,0.070033,0.123306,-9.843214
29.192787,0.087242,0.152486,-9.823162
29.226309,0.105049,0.135277,-9.874489
29.259661,0.103104,0.109539,-9.898133
29.292966,0.060755,0.160866,-9.826154
29.326336,0.098166,0.254393,-9.798919
29.359665,0.099662,0.241374,-9.824059
29.392975,0.093377,0.203065,-9.877183
29.426324,0.088140,0.206058,-9.835582
29.459646,0.086643,0.270854,-9.771984
29.492976,0.125102,0.308713,-9.923572
29.526327,0.111334,0.322032,-9.823162
29.559702,0.119265,0.195434,-9.852043
29.592969,0.110586,0.165505,-9.859824
29.626346,0.140066,0.262474,-9.872993
29.659639,0.130339,0.307516,-9.821067
29.693010,0.124952,0.350613,-9.774977
29.726312,0.103403,0.321583,-9.749088
29.759693,0.107144,0.281478,-9.776772
29.792981,0.129890,0.394010,-9.737117
29.826312,0.130040,0.224315,-9.783806
29.859770,0.123007,0.167450,-9.889453
29.892974,0.106695,0.185408,-9.905765
29.926311,0.119714,0.181218,-9.855185
29.958998,0.110586,0.189448,-9.833786
29.992323,0.101009,0.159669,-9.841119
30.025637,0.083800,0.155928,-9.818672
30.058950,0.109838,0.169246,-9.825107
30.092274,0.101757,0.107893,-9.827052
30.125594,0.085296,0.072876,-9.812687
30.158935,0.103104,0.035765,-9.854736
30.192338,0.106546,-0.004789,-9.907261
30.226310,0.064795,-0.029180,-9.862967
30.259700,0.064646,0.004190,-9.829596
30.292994,0.095023,0.045791,-9.875836
30.326357,0.106546,0.036513,-9.762407
30.359625,0.122109,-0.196332,-9.822713
30.392975,0.087990,-0.276989,-9.870598
30.426379,0.080658,-0.155030,-9.928361
30.459647,0.088589,-0.127047,-9.878230
30.492986,0.071529,-0.128693,-9.826454
30.526325,0.067040,-0.177925,-9.837527
30.559650,0.067938,-0.247509,-9.884066
30.592981,0.075570,-0.140664,-9.831093
30.626381,0.090534,-0.232994,-9.792934
30.659683,0.069584,-0.274296,-9.818223
30.692975,0.069285,-0.275044,-9.885263
30.726320,0.081705,-0.293001,-9.884515
30.759725,0.049532,-0.317692,-9.827801
30.792974,0.036214,-0.309761,-9.804606
30.826314,0.065244,-0.299735,-9.852641
30.859645,0.063000,-0.345376,-9.878829
30.892978,0.053273,-0.369917,-9.856831
30.926309,0.059857,-0.394608,-9.826903
30.959698,0.063149,-0.398499,-9.816128
30.992988,0.069734,-0.408675,-9.838724
31.026304,0.054620,-0.441896,-9.841568
31.059680,0.033221,-0.448929,-9.831242
31.092968,0.009727,-0.487836,-9.817924
31.126224,0.041152,-0.440848,-9.891848
31.159652,0.043845,-0.333404,-9.753129
31.193053,0.082902,-0.513575,-9.779466
31.226313,0.077365,-0.742079,-9.884964
31.259650,0.044145,-0.675039,-9.927313
31.292985,0.052525,-0.604109,-9.870299
31.326348,0.049831,-0.574479,-9.791587
31.359710,0.039655,-0.617128,-9.793832
31.392988,0.037860,-0.690303,-9.842765
31.426312,0.009278,-0.623861,-9.836181
31.459625,0.036962,-0.675189,-9.824808
31.492984,0.025739,-0.721578,-9.802062
31.526385,0.037261,-0.693745,-9.840071
31.559702,0.040404,-0.701376,-9.843363
31.592999,0.035166,-0.742528,-9.810292
31.626392,0.030228,-0.750759,-9.791138
31.659390,0.049083,-0.716939,-9.803558
31.692721,0.044294,-0.726965,-9.839622
31.726387,0.027983,-0.774103,-9.845309
31.759645,0.024990,-0.818397,-9.833337
31.792979,0.030527,-0.809269,-9.813584
31.826331,0.043995,-0.814955,-9.791288
31.859696,0.023344,-0.832613,-9.809245
31.892986,0.019005,-0.840096,-9.812687
31.926357,-0.001646,-0.839198,-9.812387
31.959638,0.008679,-0.856107,-9.812537
31.992996,0.002095,-0.880948,-9.828848
32.026335,0.015862,-0.874813,-9.829297
32.059646,0.014964,-0.873466,-9.826903
32.093023,0.004938,-0.873915,-9.801164
32.126383,-0.001796,-0.880050,-9.795627
32.159667,-0.030976,-0.912972,-9.841418
32.192995,-0.019454,-0.747467,-9.773330
32.226335,0.018107,-0.769464,-9.698210
32.259645,0.030677,-1.094788,-9.833188
32.292985,-0.002245,-1.093142,-9.866708
32.326337,0.032323,-0.999765,-9.837228
32.359671,0.041900,-0.965646,-9.800865
32.392986,0.007033,-0.979563,-9.785302
32.426327,0.000299,-1.005152,-9.788744
32.459636,0.019454,-0.941404,-9.800117
32.492994,0.019454,-0.939009,-9.792485
32.526386,0.013468,-1.038223,-9.816428
32.559698,0.016760,-1.032686,-9.849499
32.592965,0.021848,-0.957266,-9.837228
32.626305,0.035765,-0.945893,-9.797573
32.659700,0.022895,-0.956368,-9.780214
32.692974,-0.003292,-0.905190,-9.774528
32.726321,0.016760,-0.899953,-9.812238
32.759643,0.006435,-0.874064,-9.841268
32.792991,-0.001646,-0.861046,-9.836929
32.826337,0.013169,-0.848176,-9.819121
32.859706,0.038009,-0.840245,-9.808497
32.892976,0.026337,-0.801039,-9.811340
32.926383,0.017658,-0.764825,-9.832439
32.959660,0.001496,-0.732053,-9.817625
32.993137,0.011074,-0.673094,-9.820019
33.026306,-0.012720,-0.707063,-9.848152
33.059643,0.007632,-0.692996,-9.886909
33.092554,-0.015413,-0.623712,-9.800416
33.125784,-0.024392,-0.551883,-9.806102
33.159048,0.038309,-0.451024,-9.861769
33.192975,0.045192,-0.552482,-9.786649
33.225420,0.031874,-0.727714,-9.835133
33.259645,0.006884,-0.557570,-9.882719
33.293070,0.039506,-0.520907,-9.880475
33.326307,0.026038,-0.482898,-9.829746
33.359645,0.012570,-0.411069,-9.815979
33.393034,0.004938,-0.445337,-9.804307
33.426334,0.026337,-0.396255,-9.839323
33.459717,0.020950,-0.330561,-9.847553
33.492975,0.037560,-0.401492,-9.865511
33.526309,0.029629,-0.369768,-9.866708
33.559638,0.046090,-0.310060,-9.881073
33.592986,0.040104,-0.292402,-9.864313
33.626035,0.013767,-0.251101,-9.848002
33.659655,0.022746,-0.210099,-9.821516
33.692995,0.026337,-0.149344,-9.827352
33.726311,0.025140,-0.148446,-9.849349
33.759723,0.029779,-0.144705,-9.868952
33.792999,0.053871,-0.145752,-9.875686
33.826436,0.031874,-0.120612,-9.862667
33.859709,0.044444,-0.028731,-9.829147
33.892987,0.034867,0.000150,-9.822114
33.926341,0.041152,-0.023793,-9.853539
33.959658,0.030826,0.010026,-9.841717
33.992979,0.047586,0.040254,-9.881223
34.026316,0.053722,0.167750,-9.831093
34.059654,0.071679,0.054021,-9.808497
34.092989,0.073475,-0.040703,-9.815979
34.126370,0.079610,0.105349,-9.888107
34.159703,0.107144,0.094425,-9.880325
34.193067,0.073924,0.133482,-9.824209
34.226384,0.056415,0.214887,-9.815380
34.259665,0.062551,0.129740,-9.919831
34.293035,0.062401,0.210548,-9.889004
34.326319,0.110137,0.265317,-9.876135
34.359693,0.102206,0.212792,-9.783207
34.392990,0.093228,0.247659,-9.809993
34.426365,0.120014,0.281927,-9.862967
34.459645,0.113579,0.285369,-9.863116
34.492989,0.104301,0.306469,-9.837677
34.526354,0.093527,0.361986,-9.801912
34.559673,0.124503,0.376651,-9.840520
34.593054,0.130189,0.350913,-9.816577
34.626501,0.153085,0.361537,-9.807898
34.659664,0.135427,0.341784,-9.834983
34.692804,0.157424,0.377100,-9.867905
34.726346,0.124353,0.387276,-9.759414
34.759451,0.146949,0.427979,-9.780962
34.792961,0.170892,0.498910,-9.847853
34.825601,0.145752,0.344478,-9.709583
34.859629,0.155030,0.261426,-9.793981
34.892996,0.191842,0.272500,-9.860123
34.926332,0.141712,0.317991,-9.863416
34.959688,0.162063,0.284621,-9.840221
34.992996,0.131387,0.358245,-9.781561
35.026331,0.149344,0.219825,-9.817774
35.059773,0.119565,0.235538,-9.866857
35.092983,0.144106,0.291504,-9.877781
35.126675,0.138569,0.120163,-9.853240
35.159651,0.125251,0.137821,-9.869102
35.192991,0.127795,0.206358,-9.854886
35.226363,0.133482,0.198576,-9.810442
35.259639,0.128843,0.111783,-9.826304
35.293034,0.109389,0.089636,-9.865660
35.326324,0.095023,0.139318,-9.848302
35.359686,0.121211,0.093527,-9.861171
35.392988,0.125251,0.032772,-9.834086
35.426309,0.111484,0.068088,-9.829596
35.459642,0.124653,0.031275,-9.851444
35.492985,0.126598,-0.044145,-9.880325
35.526310,0.065693,-0.060905,-9.821067
35.559668,0.094275,0.025290,-9.888556
35.592991,0.123455,0.082154,-9.790839
35.626329,0.136474,-0.138270,-9.825706
35.659665,0.110287,-0.293300,-9.882869
35.692977,0.111484,-0.221172,-9.923871
35.726318,0.123904,-0.157724,-9.907710
35.759453,0.109090,-0.145752,-9.831392
35.792630,0.098764,-0.153534,-9.807449
35.825938,0.085596,-0.254992,-9.838724
35.859265,0.083650,-0.184061,-9.845758
35.892608,0.098764,-0.222369,-9.826304
35.925970,0.093377,-0.313951,-9.825107
35.959311,0.093078,-0.301979,-9.846207
35.992978,0.116273,-0.268908,-9.869252
36.026449,0.090833,-0.356599,-9.877931
36.059665,0.082304,-0.335499,-9.776623
36.093052,0.082004,-0.396554,-9.833487
36.126365,0.062401,-0.416007,-9.886909
36.159654,0.059708,-0.433067,-9.882271
36.192996,0.079011,-0.443542,-9.839473
36.226323,0.066292,-0.448630,-9.808048
36.259655,0.068536,-0.459553,-9.805803
36.292981,0.069883,-0.499508,-9.818523
36.326369,0.049681,-0.502800,-9.825706
36.359351,0.058510,-0.529886,-9.855335
36.392959,0.035016,-0.571935,-9.890202
36.426312,0.050430,-0.567596,-9.864912
36.459709,0.024093,-0.592586,-9.804307
36.492978,0.058361,-0.467634,-9.830045
36.526334,0.059408,-0.449527,-9.722751
36.559695,0.088738,-0.697785,-9.774228
36.592977,0.035765,-0.834559,-9.886161
36.626368,0.014815,-0.749113,-9.901575
36.659669,0.050879,-0.706913,-9.873142
36.693052,0.031575,-0.720381,-9.819421
36.726347,0.038608,-0.763778,-9.792036
36.759702,0.033670,-0.794005,-9.809993
36.793003,0.024691,-0.707961,-9.794879
36.826330,0.056715,-0.779191,-9.816727
36.859662,0.020950,-0.840245,-9.834834
36.892979,0.025439,-0.833212,-9.858178
36.926296,0.026188,-0.824533,-9.831542
36.959655,0.027834,-0.844136,-9.813136
36.992994,0.012121,-0.846231,-9.782908
37.026339,0.013917,-0.824233,-9.800865
37.059672,0.021998,-0.830818,-9.819271
37.093008,0.008530,-0.863739,-9.816577
37.126349,0.009128,-0.883642,-9.818672
37.159688,0.015264,-0.901299,-9.813136
37.192972,0.025140,-0.900252,-9.800865
37.226309,0.011822,-0.901599,-9.800117
37.259654,0.000150,-0.897858,-9.797722
37.292987,0.005238,-0.899953,-9.801164
37.326325,-0.019903,-0.925691,-9.810592
37.359714,-0.000299,-0.931677,-9.832888
37.393019,0.001197,-0.940057,-9.833936
37.426149,-0.001048,-0.920454,-9.819720
37.459641,-0.009428,-0.922399,-9.787846
37.492978,-0.035316,-0.972679,-9.825107
37.526353,-0.014216,-0.762880,-9.763604
37.559651,0.034568,-0.829022,-9.728138
37.593004,0.033969,-1.067403,-9.829746
37.626327,-0.022596,-1.025802,-9.887209
37.659653,0.012420,-0.932724,-9.830943
37.692980,0.025140,-0.895164,-9.790390
37.726308,0.009128,-0.829172,-9.807898
37.759640,0.016610,-0.904292,-9.837228
37.792969,-0.000748,-0.880649,-9.850397
37.826358,0.000449,-0.744025,-9.848002
37.859637,0.004938,-0.796100,-9.841717
37.893049,0.013468,-0.757193,-9.863416
37.926343,0.005238,-0.660674,-9.846356
37.959657,0.012271,-0.598273,-9.805953
37.993044,0.010625,-0.593035,-9.797722
38.025833,0.005836,-0.567446,-9.801463
38.059678,0.025439,-0.483047,-9.844411
38.092962,0.025888,-0.452371,-9.858328
38.126359,0.020501,-0.434413,-9.873292
38.159642,0.039057,-0.435012,-9.882719
38.192991,0.035615,-0.396404,-9.859375
38.226321,0.041900,-0.310060,-9.829447
38.259644,0.028881,-0.238681,-9.790689
38.292986,0.033370,-0.221322,-9.816428
38.326373,-0.003292,-0.260678,-9.871646
38.359715,0.029480,-0.240476,-9.917886
38.392424,0.014216,-0.182265,-9.856532
38.425684,0.029480,-0.087541,-9.845309
38.459738,0.058211,-0.015563,-9.871646
38.492980,0.060456,-0.054171,-9.811938
38.526321,0.091581,-0.203365,-9.844261
38.559673,0.050879,-0.042050,-9.882570
38.593136,0.082004,-0.001945,-9.876584
38.626509,0.068237,0.053722,-9.836330
38.659649,0.036812,0.104750,-9.788295
38.692991,0.033520,0.058211,-9.842017
38.726313,0.054769,0.132135,-9.836480
38.758675,0.084698,0.149493,-9.843663
38.792973,0.098315,0.107743,-9.818672
38.826308,0.082154,0.144256,-9.841867
38.859721,0.091731,0.172838,-9.871945
38.892975,0.090235,0.198127,-9.850097
38.926413,0.099064,0.226859,-9.799368
38.959647,0.100560,0.223716,-9.815231
38.993345,0.078862,0.243619,-9.849499
39.025550,0.115375,0.256189,-9.852941
39.059645,0.115225,0.233443,-9.827052
39.093001,0.110736,0.281029,-9.807299
39.126289,0.116871,0.283274,-9.826454
39.159645,0.148446,0.242571,-9.887957
39.192985,0.124353,0.262474,-9.820019
39.226315,0.136025,0.301231,-9.843513
39.259653,0.148446,0.382188,-9.884366
39.293026,0.163709,0.336547,-9.788893
39.326320,0.162213,0.197080,-9.831093
39.359637,0.168498,0.266963,-9.860423
39.393000,0.172089,0.326072,-9.829896
39.426304,0.154581,0.333554,-9.767943
39.459635,0.155180,0.355552,-9.803558
39.492971,0.143059,0.268160,-9.866708
39.526317,0.131686,0.290906,-9.852342
39.559655,0.181517,0.347022,-9.794580
39.593035,0.176878,0.222369,-9.788744
39.626316,0.152636,0.269657,-9.857131
39.659644,0.154132,0.249604,-9.885563
39.693046,0.141413,0.264269,-9.807000
39.726349,0.134978,0.271452,-9.777371
39.759644,0.139467,0.226260,-9.821366
39.792121,0.136923,0.229103,-9.883318
39.826309,0.150092,0.156826,-9.893643
39.858975,0.138120,0.141562,-9.833786
39.893024,0.160717,0.185707,-9.829297
39.926339,0.168498,0.113130,-9.892446
39.959648,0.134080,0.063299,-9.856981
39.992977,0.080508,0.157275,-9.753578
40.026502,0.153534,0.176130,-9.844710
40.059756,0.149493,0.188849,-9.815231
40.093011,0.145752,-0.057613,-9.844112
40.126314,0.112083,-0.127645,-9.846955
40.159641,0.133781,-0.049981,-9.900377
40.192979,0.145004,-0.010924,-9.880774
40.226307,0.114776,0.001796,-9.834385
40.259637,0.104600,-0.009577,-9.809394
40.292982,0.124802,-0.118667,-9.885263
40.326337,0.123007,-0.021100,-9.867755
40.359692,0.115375,-0.062251,-9.853090
40.392838,0.115375,-0.141562,-9.830344
40.426033,0.114926,-0.101308,-9.846207
40.459186,0.108641,-0.101907,-9.851743
40.492303,0.092330,-0.159968,-9.832439
40.526311,0.083501,-0.152037,-9.823910
40.559641,0.105498,-0.143508,-9.842466
40.592971,0.102954,-0.172089,-9.856382
40.626329,0.092180,-0.202916,-9.860722
40.659637,0.105049,-0.210248,-9.861321
40.692980,0.099064,-0.254992,-9.819121
40.726310,0.095173,-0.237783,-9.817475
40.759706,0.078712,-0.235239,-9.821964
40.793037,0.074522,-0.294198,-9.880026
40.826327,0.072278,-0.332507,-9.865810
40.859708,0.037560,-0.320984,-9.840071
40.893081,0.078563,-0.245265,-9.891698
40.926397,0.097118,-0.264718,-9.763604
40.959663,0.127346,-0.493672,-9.807748
40.993002,0.081106,-0.548591,-9.869252
41.026337,0.085446,-0.453418,-9.914743
41.059663,0.096370,-0.426632,-9.856233
41.093051,0.061653,-0.428128,-9.808197
41.126316,0.047138,-0.506392,-9.824359
41.159705,0.057313,-0.526893,-9.847404
41.193007,0.062401,-0.454166,-9.842466
41.226062,0.071529,-0.570140,-9.817026
41.259677,0.060605,-0.581961,-9.835133
41.292961,0.044743,-0.550237,-9.863116
41.326152,0.061803,-0.566997,-9.847553
41.359623,0.047437,-0.614584,-9.810741
41.392985,0.033520,-0.606802,-9.795927
41.426334,0.052375,-0.590192,-9.837976
41.459642,0.041002,-0.615033,-9.834385
41.492997,0.027235,-0.659925,-9.838575
41.526310,0.053423,-0.673094,-9.840520
41.559643,0.063299,-0.679080,-9.811938
41.592975,0.037261,-0.676985,-9.817475
41.626365,0.042050,-0.676685,-9.811639
41.659662,0.020202,-0.695840,-9.819720
41.692985,0.026038,-0.721728,-9.810292
41.726384,0.011672,-0.746269,-9.825107
41.759708,0.026337,-0.751058,-9.838575
41.792157,0.024392,-0.772756,-9.847404
41.825421,0.016910,-0.769913,-9.833936
41.858720,-0.002694,-0.802236,-9.789642
41.892099,-0.005836,-0.765124,-9.867755
41.925419,0.012720,-0.613087,-9.726941
41.958951,0.056415,-0.811813,-9.753578
41.992094,0.042349,-0.990337,-9.850696
42.025422,0.012720,-0.931976,-9.885862
42.058778,0.030527,-0.889029,-9.820169
42.092094,0.039655,-0.847578,-9.810741
42.125435,0.024541,-0.851019,-9.771535
42.158794,0.016461,-0.938261,-9.826154
42.192151,0.007482,-0.854761,-9.815081
42.225436,0.035316,-0.871371,-9.823461
42.258698,0.038159,-0.961157,-9.805653
42.292577,0.021399,-0.917311,-9.847703
42.326311,0.022297,-0.892770,-9.817924
42.359160,0.033670,-0.917910,-9.812836
42.393017,-0.005238,-0.914019,-9.786200
42.426291,0.002394,-0.856407,-9.789941
42.459706,0.022895,-0.856706,-9.827501
42.493018,0.008679,-0.850421,-9.842316
42.525847,0.012121,-0.857604,-9.827052
42.559700,0.024541,-0.829321,-9.828549
42.593064,0.027534,-0.812262,-9.807150
42.626508,0.010475,-0.780388,-9.814333
42.659703,0.022895,-0.750310,-9.825107
42.692994,-0.010026,-0.729659,-9.813734
42.726312,0.006734,-0.667856,-9.824658
42.759700,-0.001646,-0.677284,-9.833487
42.792967,0.018107,-0.655586,-9.856532
42.826316,-0.018256,-0.641220,-9.793532
42.859651,-0.003292,-0.588097,-9.862667
42.892989,0.033071,-0.456411,-9.830644
42.926355,0.052225,-0.597225,-9.805953
42.959690,0.024541,-0.719184,-9.847703
42.992976,-0.001197,-0.577921,-9.901425
43.026402,0.054470,-0.516268,-9.894541
43.059635,0.034119,-0.416756,-9.803708
43.092983,0.023045,-0.368870,-9.789193
43.126363,0.017209,-0.432468,-9.816278
43.159660,0.017808,-0.428128,-9.858926
43.193042,0.020202,-0.319188,-9.861171
43.226325,0.054171,-0.357647,-9.894990
43.259643,0.036513,-0.369020,-9.867755
43.293036,0.026487,-0.254393,-9.848302
43.326322,0.044444,-0.197080,-9.849948
43.359506,0.057613,-0.222968,-9.845458
43.392976,0.038309,-0.173885,-9.826154
43.426335,0.037710,-0.112531,-9.824059
43.459652,0.043097,-0.074821,-9.848601
43.492984,0.070332,-0.108192,-9.869102
43.526319,0.062551,-0.110736,-9.864164
43.559664,0.063000,-0.030826,-9.831392
43.592975,0.070631,-0.012570,-9.821366
43.625961,0.060007,-0.002245,-9.836779
43.659645,0.045491,0.052375,-9.805354
43.692976,0.067788,0.059708,-9.879876
43.726323,0.076318,0.130339,-9.873442
43.759667,0.100261,0.020651,-9.826454
43.793035,0.097717,-0.056415,-9.879577
43.826321,0.099961,-0.015413,-9.923422
43.859685,0.097268,0.070931,-9.901724
43.892987,0.097567,0.217132,-9.777670
43.926363,0.107893,0.204712,-9.778867
43.959666,0.084099,0.093078,-9.858627
43.992987,0.070332,0.225811,-9.853838
44.026367,0.130489,0.235089,-9.833786
44.059655,0.144705,0.155030,-9.799967
44.093196,0.108192,0.166702,-9.876285
44.126342,0.107294,0.197229,-9.900976
44.159644,0.122707,0.275942,-9.837228
44.192979,0.142011,0.269956,-9.856682
44.226318,0.111783,0.254842,-9.858777
44.259644,0.092330,0.322780,-9.828848
44.292977,0.122109,0.349566,-9.766447
44.326307,0.125550,0.284471,-9.769290
44.359657,0.140515,0.291804,-9.796675
44.392975,0.144705,0.306918,-9.789642
44.426320,0.099513,0.265766,-9.755972
44.459658,0.081256,0.280581,-9.744599
44.492959,0.129740,0.277288,-9.911900
44.526314,0.136025,0.260828,-9.854886
44.559707,0.149194,0.064197,-9.880774
44.593014,0.130189,0.073475,-9.826903
44.626335,0.175082,0.150092,-9.849199
44.659653,0.161764,0.109838,-9.850696
44.692949,0.131835,0.055218,-9.878380
44.726295,0.091881,0.052225,-9.880475
44.759643,0.070631,0.022446,-9.862817
44.793097,0.084548,0.144705,-9.832439
44.826377,0.117320,0.030378,-9.830195
44.859711,0.106695,-0.037411,-9.839922
44.893040,0.106396,-0.014366,-9.863266
44.926367,0.123156,0.000000,-9.838724
44.959706,0.112232,0.008081,-9.807898
44.993040,0.103104,-0.010475,-9.810143
45.026374,0.091432,-0.035914,-9.841418
45.059653,0.092479,-0.064646,-9.857879
45.092973,0.097717,-0.137971,-9.872095
45.126312,0.090384,-0.130040,-9.821216
45.159667,0.084548,-0.116572,-9.819421
45.193001,0.104600,-0.157125,-9.859375
45.226308,0.071380,-0.231498,-9.846805
45.259699,0.067489,-0.192890,-9.855784
45.292974,0.110287,-0.079610,-9.831093
45.326384,0.126897,-0.247360,-9.772582
45.359653,0.125251,-0.444290,-9.837078
45.392973,0.088888,-0.449976,-9.913995
45.426354,0.110287,-0.361986,-9.931204
45.459659,0.090085,-0.309611,-9.840670
45.492836,0.073624,-0.287763,-9.772732
45.526105,0.085147,-0.392962,-9.814931
45.559682,0.066591,-0.394459,-9.871047
45.593003,0.085745,-0.359742,-9.847703
45.626321,0.098166,-0.443093,-9.801912
45.659664,0.084698,-0.451922,-9.821216
45.693032,0.076617,-0.452820,-9.853988
45.726320,0.093527,-0.477062,-9.854886
45.759664,0.063299,-0.498012,-9.795029
45.792981,0.051328,-0.534076,-9.844710
45.826310,0.088289,-0.509235,-9.839772
45.859675,0.058211,-0.562657,-9.867157
45.892987,0.048035,-0.616828,-9.859226
45.926356,0.076019,-0.622515,-9.831392
45.959718,0.072726,-0.621617,-9.798321
45.992978,0.066292,-0.606802,-9.806252
46.026317,0.047736,-0.624011,-9.830195
46.059646,0.049831,-0.615033,-9.861769
46.093229,0.035166,-0.645560,-9.819121
46.126324,-0.001347,-0.670101,-9.856981
46.159671,0.025589,-0.503848,-9.722003
46.193038,0.035166,-0.638078,-9.750285
46.226326,0.055966,-0.851319,-9.816577
46.259661,0.014815,-0.962354,-9.917437
46.293037,0.051477,-0.810616,-9.965771
46.326324,0.109688,-0.587648,-9.892297
46.359672,0.085147,-0.657531,-9.768243
46.392815,0.017957,-0.760934,-9.758815
46.425552,-0.002993,-0.679978,-9.749088
46.458723,0.028432,-0.690153,-9.768692
46.492972,-0.082004,-0.892022,-9.792634
46.526319,-0.049083,-0.692398,-9.939733
46.559689,-0.070033,-0.893518,-9.876285
46.593030,-0.025140,-0.774702,-9.845159
46.626399,0.023494,-0.685963,-9.809394
46.659644,0.024841,-0.744623,-9.789791
46.693016,0.023344,-0.681923,-9.793981
46.726302,0.004489,-0.820941,-9.846506
46.759723,0.104900,-0.581213,-9.848900
46.792985,-0.020651,-0.419300,-10.011562
46.826471,0.096220,-0.643614,-9.817326
46.859636,0.084848,-0.501753,-9.956045
46.892966,0.056864,-0.471675,-9.919532
46.926384,0.015862,-0.517316,-9.767195
46.959789,-0.131536,-0.462696,-9.628626
46.993012,-0.163709,-0.276091,-9.657058
47.026417,-0.089038,-0.301082,-9.996298
47.059592,-0.018855,-0.173137,-9.902622
47.092421,0.023644,-0.325174,-9.934646
47.126322,0.036064,-0.423938,-9.863864
47.159719,0.110885,-0.341485,-9.796076
47.192981,0.087990,-0.254992,-9.778418
47.225834,0.088289,-0.261277,-9.803708
47.259641,0.019005,-0.229103,-9.863416
47.293064,0.001646,-0.230749,-9.897085
47.326327,-0.063898,-0.086494,-9.852941
47.359651,-0.153085,-0.191992,-9.807000
47.392976,-0.050729,-0.100710,-9.830045
47.425491,-0.093676,-0.117919,-9.770787
47.459673,-0.037111,-0.096071,-9.864762
47.493008,0.015862,-0.062551,-9.846805
47.526338,0.057762,-0.068836,-9.838724
47.559708,-0.005238,-0.095173,-9.826753
47.592988,-0.034418,-0.054021,-9.869102
47.626355,-0.062551,-0.046539,-9.879577
47.658857,-0.071380,0.024242,-9.837378
47.692984,-0.091133,-0.030378,-9.853689
47.726344,-0.051178,-0.012720,-9.886610
47.759653,-0.015862,0.011672,-9.880026
47.793053,-0.079610,0.007931,-9.820468
47.826354,0.003591,0.060755,-9.832290
47.859694,-0.027085,0.106396,-9.872693
47.892981,-0.033370,0.084548,-9.910403
47.926306,0.007183,-0.075121,-9.895888
47.959652,-0.024392,0.087391,-9.863715
47.993041,-0.021549,0.182714,-9.819720
48.026315,-0.037860,0.217730,-9.796076
48.059698,-0.038009,0.179123,-9.813884
48.092992,-0.045641,0.154282,-9.866109
48.126325,-0.053722,0.226260,-9.846955
48.159654,-0.028881,0.277438,-9.914593
48.193036,0.011074,0.183612,-9.890052
48.226567,-0.033520,0.276241,-9.839772
48.259656,0.018107,0.343131,-9.830045
48.292972,0.023045,0.295545,-9.844860
48.326345,-0.029330,0.300633,-9.784853
48.359644,-0.030078,0.381440,-9.781711
48.393064,-0.015114,0.369917,-9.835881
48.426339,-0.016910,0.347471,-9.856083
48.459647,-0.020202,0.376801,-9.858477
48.492991,0.015713,0.358096,-9.864313
48.526320,0.026786,0.359293,-9.810891
48.559643,0.009727,0.436508,-9.818074
48.593003,0.044893,0.380841,-9.849050
48.626396,-0.009428,0.381889,-9.798471
48.659643,0.014964,0.437556,-9.727839
48.692977,0.049532,0.487237,-9.794580
48.726320,0.016610,0.445487,-9.730682
48.759703,0.031126,0.204861,-9.865511
48.792988,0.023344,0.246462,-9.801912
48.826364,0.057164,0.335051,-9.807748
48.859651,0.043097,0.259182,-9.799967
48.893049,0.027385,0.232545,-9.865361
48.926331,0.026636,0.234640,-9.888705
48.959691,0.035765,0.076617,-9.933448
48.992988,-0.011223,0.249904,-9.821964
49.026370,0.031874,0.196930,-9.784254
49.059612,0.024990,0.085446,-9.811340
49.092966,0.010774,0.102206,-9.847553
49.126290,0.016161,0.127047,-9.828549
49.159641,0.016012,0.041152,-9.808197
49.192980,-0.007333,0.010774,-9.803259
49.226311,0.003741,0.069734,-9.838874
49.259659,0.019005,-0.035166,-9.864912
49.293271,-0.000748,-0.170443,-9.911451
49.326334,-0.003891,-0.102505,-9.880176
49.359652,0.038458,-0.090384,-9.802212
49.392994,0.028432,-0.165355,-9.815679
49.426333,-0.011523,-0.191693,-9.886012
49.459653,-0.021399,-0.220723,-9.897684
49.492971,-0.030527,-0.242422,-9.817625
49.526302,-0.022147,-0.241823,-9.844710
49.559706,0.004040,-0.146201,-9.853539
49.592959,0.016610,-0.203065,-9.763903
49.626335,0.007033,-0.531681,-9.802960
49.659700,-0.041152,-0.500855,-9.864762
49.692987,-0.002843,-0.401642,-9.901425
49.726304,-0.021848,-0.455663,-9.833637
49.759694,-0.065394,-0.441746,-9.836779
49.792995,-0.072278,-0.522104,-9.851294
49.826331,-0.066890,-0.562657,-9.842017
49.859695,-0.046090,-0.475565,-9.809095
49.892991,-0.057463,-0.591389,-9.806551
49.926311,-0.080209,-0.695540,-9.845608
49.959681,-0.076168,-0.663367,-9.879278
49.993039,-0.057164,-0.627902,-9.859974
50.025649,-0.093228,-0.747317,-9.790988
50.058755,-0.102056,-0.751208,-9.815380
50.092975,-0.098764,-0.741780,-9.846356
50.126586,-0.078413,-0.761234,-9.849199
50.159614,-0.087541,-0.806276,-9.830344
50.192959,-0.088888,-0.798195,-9.833038
50.226310,-0.093676,-0.837103,-9.804456
50.259661,-0.096520,-0.842939,-9.808048
50.292986,-0.100859,-0.855658,-9.813435
50.326315,-0.135726,-0.850720,-9.797273
50.359655,-0.126748,-0.898007,-9.811489
50.392984,-0.147997,-0.880349,-9.841268
50.426392,-0.106546,-0.892022,-9.798919
50.459726,-0.111185,-0.923447,-9.808197
50.492892,-0.088289,-0.768865,-9.839622
50.525346,-0.063449,-0.785476,-9.736518
50.559657,-0.048484,-1.056330,-9.805803
50.592986,-0.084099,-1.003356,-9.827501
50.626331,-0.122857,-0.978216,-9.810143
50.659653,-0.038907,-0.934371,-9.810891
50.692974,-0.064047,-0.976271,-9.813435
50.726308,-0.136175,-0.981957,-9.809694
50.759714,-0.055368,-0.969537,-9.860423
50.792988,-0.021399,-0.888281,-9.832739
50.826374,0.011373,-0.965496,-9.802661
50.859713,-0.057463,-1.047800,-9.767644
50.893043,-0.022596,-0.961157,-9.865959
50.926390,-0.069434,-0.887832,-9.997945
50.959707,-0.225811,-1.108405,-9.581937
50.993036,-0.270854,-0.751058,-9.447707
51.026391,-0.106546,-0.735944,-9.862368
51.059791,-0.153683,-1.053337,-10.003930
51.092589,-0.216384,-0.934221,-10.111972
51.126307,-0.218179,-0.685514,-9.856382
51.159707,-0.248407,-0.612638,-9.506068
51.193053,-0.135128,-0.804181,-9.913546
51.225863,-0.210548,-0.727265,-9.838126
51.258740,-0.333554,-0.621018,-9.558743
51.293051,-0.268908,-0.667557,-9.753129
51.326375,-0.266813,-0.661272,-9.984177
51.359707,-0.285668,-0.757193,-10.108980
51.393036,-0.300782,-0.595280,-9.751782
51.426440,-0.265167,-0.490230,-9.730982
51.459716,-0.255441,-0.618325,-9.910553
51.493030,-0.301082,-0.446684,-9.689680
51.526411,-0.237783,-0.490979,-9.690877
51.559702,-0.253645,-0.703771,-10.050469
51.593043,-0.333105,-0.560562,-9.869401
51.626386,-0.271602,-0.515520,-9.755224
51.659703,-0.282676,-0.504746,-9.909206
51.693083,-0.267562,-0.380692,-9.807898
51.726391,-0.224315,-0.376053,-9.686687
51.759706,-0.249006,-0.278635,-9.765549
51.793040,-0.289409,-0.331010,-9.891249
51.826338,-0.263671,-0.326072,-9.843064
51.859637,-0.218179,-0.295395,-9.803708
51.892977,-0.244068,-0.354504,-9.902023
51.926375,-0.224913,-0.303925,-9.884366
51.959641,-0.172688,-0.279683,-9.883318
51.992985,-0.211445,-0.232695,-9.818523
52.026319,-0.223417,-0.168348,-9.719758
52.059679,-0.168947,-0.194087,-9.899330
52.093044,-0.209949,-0.166852,-9.884964
52.126317,-0.201569,-0.239129,-9.847553
52.159664,-0.103703,-0.137672,-9.809095
52.192343,-0.098166,-0.079311,-9.810143
52.226369,-0.055667,-0.155928,-9.846207
52.259821,-0.058510,-0.076916,-9.856682
52.292969,-0.076916,-0.043097,-9.811938
52.326324,-0.070332,-0.121061,-9.762107
52.359259,-0.037560,-0.131237,-9.960085
52.392960,-0.043696,-0.052824,-10.021289
52.426296,-0.079311,-0.057014,-9.816278
52.459720,-0.057014,-0.060905,-9.741307
52.492989,0.015413,-0.043995,-9.888855
52.526338,-0.017658,-0.076767,-9.891399
52.559678,0.000748,0.034268,-9.837976
52.592994,0.048035,0.066441,-9.753129
52.626345,0.025589,0.031724,-9.815081
52.659661,0.030677,0.027684,-9.890202
52.692979,0.049681,-0.012720,-9.940033
52.726308,0.057762,0.050729,-9.789193
52.759636,0.086793,0.036663,-9.862817
52.792989,0.034268,0.061653,-9.783057
52.826392,0.040703,0.079610,-9.764651
52.859655,0.042199,0.033221,-9.824658
52.892974,0.037111,0.057014,-9.780813
52.926322,0.030677,0.094574,-9.780962
52.959636,0.044594,0.032473,-9.848152
52.992970,0.070631,0.023943,-9.818822
53.026317,0.070931,0.026636,-9.765998
53.059651,0.069883,0.018107,-9.794879
53.092990,0.047287,-0.029180,-9.835582
53.126312,0.019903,-0.020351,-9.820767
53.159652,0.018705,-0.066142,-9.859674
53.192998,0.039206,-0.042648,-9.946018
53.226343,0.027684,-0.005387,-9.837976
53.259761,0.063598,-0.161914,-9.847553
53.292989,0.014964,-0.195733,-9.823611
53.326324,0.014515,-0.130638,-9.865660
53.358925,0.032772,-0.102206,-9.798620
53.392971,-0.007931,-0.119265,-9.791737
53.426378,-0.020950,-0.168199,-9.833936
53.459691,-0.031724,-0.162213,-9.878380
53.493008,-0.025290,-0.136175,-9.861171
53.526310,-0.047138,-0.259481,-9.909955
53.559644,-0.029629,-0.207106,-9.848900
53.592737,-0.029629,-0.225512,-9.826903
53.626102,-0.046838,-0.239279,-9.843214
53.659383,-0.080059,-0.250203,-9.831392
53.692656,-0.061204,-0.230001,-9.831991
53.726008,-0.057463,-0.223567,-9.826454
53.759342,-0.080658,-0.255291,-9.818373
53.792636,-0.091432,-0.297191,-9.864313
53.826296,-0.077665,-0.312754,-9.844112
53.859064,-0.081106,-0.281628,-9.803558
53.892391,-0.097118,-0.331908,-9.837827
53.925718,-0.140664,-0.342383,-9.876584
53.959064,-0.123156,-0.287763,-9.854437
53.992465,-0.158622,-0.377699,-9.840520
54.025714,-0.130788,-0.256189,-9.829447
54.059074,-0.121959,-0.307516,-9.777670
54.092395,-0.156078,-0.531831,-9.884665
54.125733,-0.164308,-0.493373,-9.877033
54.159087,-0.145752,-0.369768,-9.871197
54.192396,-0.144555,-0.412865,-9.830943
54.225775,-0.153085,-0.418252,-9.837228
54.259199,-0.159819,-0.433815,-9.830943
54.292447,-0.164308,-0.395506,-9.830344
54.325819,-0.181966,-0.389221,-9.791587
54.359176,-0.185258,-0.490380,-9.869252
54.392559,-0.191693,-0.470777,-9.851294
54.425800,-0.187203,-0.444440,-9.865062
54.459186,-0.190346,-0.499059,-9.834684
54.492433,-0.189897,-0.480354,-9.832290
54.525854,-0.222519,-0.495318,-9.806102
54.559101,-0.193937,-0.467634,-9.831242
54.592407,-0.193788,-0.473321,-9.847104
54.625861,-0.215037,-0.512677,-9.854736
54.659141,-0.194985,-0.549788,-9.884366
54.692459,-0.228954,-0.474069,-9.857579
54.725849,-0.238980,-0.501454,-9.781561
54.759141,-0.256638,-0.509684,-9.817026
54.792475,-0.260528,-0.522553,-9.829447
54.825826,-0.261426,-0.483197,-9.834684
54.859168,-0.279683,-0.546346,-9.850397
54.892461,-0.273847,-0.471226,-9.863416
54.925815,-0.256189,-0.545149,-9.809095
54.959199,-0.280581,-0.531532,-9.841119
54.992465,-0.236585,-0.357048,-9.865660
55.025796,-0.226260,-0.570738,-9.804157
55.059135,-0.271752,-0.608598,-9.825855
55.092984,-0.274894,-0.494570,-9.861470
55.126322,-0.245714,-0.571935,-9.840371
55.159652,-0.224464,-0.524798,-9.874788
55.192995,-0.255141,-0.470627,-9.838276
55.226353,-0.257536,-0.525995,-9.813136
55.259677,-0.256039,-0.449677,-9.832290
55.293003,-0.245265,-0.446385,-9.801912
55.326293,-0.249904,-0.508337,-9.855634
55.359704,-0.252148,-0.448480,-9.880325
55.392984,-0.237932,-0.426183,-9.829896
55.425927,-0.229702,-0.443691,-9.842316
55.459699,-0.245564,-0.428877,-9.836779
55.492988,-0.229552,-0.414212,-9.804307
55.525595,-0.210997,-0.352110,-9.802361
55.559676,-0.219676,-0.337594,-9.826304
55.592987,-0.231797,-0.413763,-9.865062
55.626350,-0.225362,-0.371863,-9.884066
55.659199,-0.204113,-0.338043,-9.810891
55.692969,-0.200970,-0.354354,-9.856233
55.726336,-0.209500,-0.298987,-9.867157
55.759656,-0.216533,-0.313053,-9.775874
55.792320,-0.170144,-0.313352,-9.835582
55.826319,-0.229702,-0.296143,-9.912648
55.859730,-0.219227,-0.233144,-9.801463
55.892987,-0.218329,-0.311557,-9.778269
55.926344,-0.165655,-0.232695,-9.872993
55.959646,-0.160268,-0.159669,-9.826154
55.992992,-0.201719,-0.353906,-9.857131
56.026318,-0.192291,-0.296892,-9.820169
56.059662,-0.152785,-0.199324,-9.868653
56.092978,-0.158173,-0.267113,-9.867306
56.126354,-0.168947,-0.220574,-9.821216
56.159038,-0.164607,-0.147099,-9.816727
56.193038,-0.160118,-0.140664,-9.842914
56.226360,-0.177327,-0.150391,-9.786349
56.259788,-0.125850,-0.216982,-9.920430
56.292984,-0.138719,-0.164158,-9.853988
56.325868,-0.121660,-0.132883,-9.834534
56.359527,-0.095173,-0.147847,-9.836629
56.392976,-0.134679,-0.128843,-9.860273
56.426313,-0.117919,-0.131985,-9.813584
56.459651,-0.111933,-0.096220,-9.827950
56.492986,-0.101907,-0.080209,-9.813285
56.526331,-0.131087,-0.125550,-9.858328
56.559705,-0.112083,-0.124653,-9.895888
56.592987,-0.081406,-0.075869,-9.850696
56.626456,-0.093527,-0.090235,-9.794430
56.659714,-0.077365,-0.070931,-9.815679
56.693031,-0.101608,-0.060905,-9.875537
56.726426,-0.088738,-0.046689,-9.820618
56.759667,-0.088439,-0.038009,-9.748639
56.792421,-0.065394,-0.052225,-9.823311
56.826387,-0.055218,-0.014216,-9.848002
56.859654,-0.075420,-0.137522,-9.801463
56.892975,-0.095921,-0.114477,-9.804756
56.926310,-0.089187,-0.125850,-9.844710
56.959712,-0.087691,-0.181667,-9.841568
56.992976,-0.081855,-0.133332,-9.810891
57.026307,-0.098315,-0.137372,-9.808946
57.059640,-0.109090,-0.210248,-9.857729
57.092996,-0.120014,-0.136923,-9.821366
57.126310,-0.056864,-0.246612,-9.908757
57.159661,-0.111185,-0.267262,-9.859824
57.192984,-0.081555,-0.219676,-9.866708
57.226307,-0.111634,-0.285968,-9.846805
57.259250,-0.107743,-0.251699,-9.884814
57.292973,-0.128992,-0.246312,-9.840819
57.326312,-0.123156,-0.261576,-9.811639
57.359641,-0.127047,-0.222369,-9.844261
57.393044,-0.136774,-0.258583,-9.853240
57.426327,-0.130040,-0.301680,-9.861769
57.459660,-0.141712,-0.309013,-9.861769
57.493001,-0.123156,-0.294048,-9.825107
57.526127,-0.140066,-0.275343,-9.802960
57.559277,-0.143807,-0.335499,-9.872095
57.592974,-0.160268,-0.309911,-9.877632
57.626611,-0.162363,-0.278037,-9.795029
57.659640,-0.170294,-0.374257,-9.798919
57.693033,-0.137971,-0.227008,-9.847404
57.726307,-0.141413,-0.371713,-9.839473
57.759636,-0.149493,-0.479755,-9.869551
57.792986,-0.171940,-0.343131,-9.819421
57.825784,-0.146351,-0.388623,-9.855036
57.859649,-0.154432,-0.437406,-9.849050
57.892998,-0.181966,-0.348967,-9.836031
57.926147,-0.169994,-0.355552,-9.840221
57.959644,-0.173586,-0.362585,-9.823162
57.992506,-0.189149,-0.358096,-9.788594
58.025670,-0.162961,-0.459404,-9.900527
58.059644,-0.176279,-0.392663,-9.857879
58.092975,-0.166553,-0.399996,-9.822114
58.126313,-0.175082,-0.443242,-9.844411
58.159652,-0.186006,-0.427979,-9.847104
58.192988,-0.181667,-0.421544,-9.811938
58.226308,-0.187353,-0.399846,-9.820767
58.259656,-0.187353,-0.407627,-9.851444
58.292988,-0.203365,-0.456411,-9.835283
58.326205,-0.183013,-0.454615,-9.843812
58.359646,-0.198576,-0.457010,-9.835732
58.392969,-0.196332,-0.457010,-9.839922
58.426341,-0.211894,-0.453268,-9.816577
58.459962,-0.198427,-0.448929,-9.843064
58.492998,-0.209799,-0.476313,-9.844561
58.526318,-0.216533,-0.445637,-9.826903
58.559647,-0.206058,-0.488884,-9.883318
58.592975,-0.219526,-0.464941,-9.853838
58.626378,-0.217282,-0.429924,-9.812986
58.659644,-0.231797,-0.491427,-9.828100
58.692976,-0.197828,-0.341336,-9.840520
58.726310,-0.208303,-0.424387,-9.750285
58.759683,-0.227457,-0.606204,-9.897085
58.792987,-0.213540,-0.467185,-9.839622
58.826308,-0.211894,-0.505943,-9.789342
58.859642,-0.199175,-0.563705,-9.829596
58.892976,-0.209350,-0.483197,-9.879727
58.925955,-0.217282,-0.457907,-9.786050
58.959571,-0.240776,-0.477062,-9.821665
58.992953,-0.212643,-0.488884,-9.808347
59.026367,-0.217132,-0.584056,-9.880325
59.059641,-0.222818,-0.509385,-9.891698
59.092968,-0.217730,-0.468382,-9.839024
59.126391,-0.207106,-0.504596,-9.841867
59.159642,-0.221023,-0.497712,-9.848002
59.192969,-0.195883,-0.454017,-9.818373
59.226302,-0.213989,-0.419449,-9.827501
59.259706,-0.237184,-0.399547,-9.848002
59.292993,-0.230600,-0.431271,-9.849349
59.326313,-0.212493,-0.440100,-9.880325
59.359681,-0.209201,-0.419748,-9.847254
59.392976,-0.216084,-0.404335,-9.825107
59.426189,-0.194386,-0.373509,-9.836629
59.459642,-0.214738,-0.368421,-9.835732
59.492978,-0.202018,-0.360939,-9.837228
59.526308,-0.206507,-0.353606,-9.815829
59.559678,-0.208303,-0.349117,-9.848302
59.593099,-0.225063,-0.381290,-9.889453
59.626332,-0.218778,-0.278486,-9.833337
59.659671,-0.205011,-0.293599,-9.753278
59.692859,-0.198127,-0.363333,-9.823910
59.725983,-0.185557,-0.207106,-9.879128
59.759645,-0.177925,-0.340887,-9.836181
59.792991,-0.226260,-0.422741,-9.851145
59.826378,-0.176579,-0.254243,-9.850546
59.859638,-0.161614,-0.395506,-9.882869
59.892987,-0.182864,-0.337594,-9.828998
59.926300,-0.198576,-0.207405,-9.808347
59.959658,-0.174184,-0.297341,-9.810143
59.992977,-0.212493,-0.235688,-9.819121
60.026291,-0.171940,-0.262623,-9.901724
60.059722,-0.181816,-0.313801,-9.856682
60.092976,-0.180918,-0.236885,-9.845458
60.126311,-0.147847,-0.244217,-9.868204
60.159651,-0.168348,-0.266215,-9.862218
60.192987,-0.177177,-0.180918,-9.819271
60.226311,-0.156527,-0.197678,-9.802810
60.259704,-0.154880,-0.185408,-9.815231
60.292998,-0.173586,-0.166852,-9.844261
60.326308,-0.172239,-0.208752,-9.878679
60.359719,-0.156078,-0.195883,-9.841418
60.392970,-0.144854,-0.189448,-9.841418
60.426360,-0.140664,-0.166702,-9.820917
60.459649,-0.150990,-0.168348,-9.828100
60.492976,-0.146052,-0.130938,-9.810891
60.526366,-0.146201,-0.194386,-9.861470
60.559640,-0.148147,-0.147847,-9.850546
60.592974,-0.163111,-0.133033,-9.769290
60.626326,-0.152636,-0.228355,-9.809095
60.659641,-0.142610,-0.109389,-9.878679
60.692977,-0.135427,-0.170443,-9.807898
60.726307,-0.169246,-0.256937,-9.841568
60.759700,-0.141562,-0.195583,-9.862368
60.793010,-0.124204,-0.267113,-9.894242
60.826308,-0.133482,-0.252448,-9.843962
60.859641,-0.153833,-0.157275,-9.806701
60.892992,-0.160118,-0.223567,-9.823162
60.926311,-0.184061,-0.172089,-9.781262
60.959661,-0.138719,-0.261426,-9.864014
60.992974,-0.172089,-0.271752,-9.895589
61.026308,-0.139168,-0.229253,-9.846356
61.059175,-0.150690,-0.251251,-9.809394
61.092990,-0.143059,-0.264269,-9.833038
61.126314,-0.169695,-0.251251,-9.856532
61.159642,-0.158921,-0.253196,-9.818373
61.193023,-0.164907,-0.240626,-9.816428
61.226288,-0.181667,-0.262174,-9.840371
61.259665,-0.189448,-0.322929,-9.899779
61.292975,-0.156527,-0.330412,-9.864912
61.326303,-0.158771,-0.266963,-9.825257
61.359731,-0.164308,-0.302279,-9.820318
61.393050,-0.175232,-0.323678,-9.812387
61.426311,-0.164158,-0.294198,-9.829447
61.459642,-0.200671,-0.357347,-9.893344
61.492984,-0.205011,-0.284022,-9.831691
61.526304,-0.202168,-0.346423,-9.804157
61.559641,-0.207255,-0.368870,-9.846656
61.592975,-0.175382,-0.254692,-9.821516
61.626377,-0.186605,-0.427081,-9.850696
61.659723,-0.200671,-0.470178,-9.822713
61.692974,-0.201868,-0.333853,-9.854437
61.726377,-0.190645,-0.455962,-9.872843
61.759667,-0.185258,-0.429475,-9.858477
61.793161,-0.200522,-0.337445,-9.802212
61.826313,-0.218479,-0.434563,-9.816727
61.859644,-0.227906,-0.389521,-9.833337
61.893051,-0.196631,-0.456112,-9.860722
61.926308,-0.191393,-0.447283,-9.837228
61.959642,-0.229403,-0.403437,-9.832290
61.992969,-0.217730,-0.462995,-9.830195
62.026320,-0.197828,-0.468981,-9.827801
62.059641,-0.212942,-0.435311,-9.837976
62.093087,-0.224764,-0.410920,-9.802661
62.126352,-0.228654,-0.436209,-9.834534
62.159636,-0.241224,-0.477660,-9.859824
62.192969,-0.216982,-0.487387,-9.867306
62.226335,-0.239578,-0.465838,-9.831093
62.259660,-0.251999,-0.491727,-9.806102
62.293124,-0.239129,-0.496066,-9.857430
62.326337,-0.238232,-0.457159,-9.834534
62.359675,-0.257835,-0.443691,-9.821067
62.393035,-0.263970,-0.478558,-9.822413
62.426360,-0.246761,-0.501005,-9.845758
62.459655,-0.241075,-0.498910,-9.852941
62.492975,-0.329364,-0.473919,-9.824957
62.526471,-0.341036,-0.490230,-9.790988
62.559482,-0.248108,-0.556372,-9.827202
62.592533,-0.268759,-0.421993,-9.833786
