time_tick,gyr_X_value,gyr_Y_value,gyr_Z_value
0.009552,0.039686,0.077774,-0.067767
0.039544,-0.039736,0.051948,-0.083547
0.069535,-0.165318,-0.059711,-0.040236
0.109523,-0.016605,-0.259670,0.003557
0.139515,0.015042,-0.448972,-0.043011
0.169506,-0.091587,-0.577002,-0.016398
0.209494,0.131170,-0.424257,0.212673
0.239486,0.260448,-0.072545,-0.044973
0.269477,0.377151,0.288767,-0.246701
0.309466,-0.015750,0.125362,-0.045592
0.339457,-0.326706,-0.230617,0.190735
0.369448,-0.330235,-0.440497,0.275841
0.409437,-0.192254,-0.663790,0.100778
0.439428,-0.288346,-0.769248,0.069369
0.469420,-0.207491,-0.809977,0.055846
0.509408,-0.195691,-0.704737,-0.042180
0.539399,-0.272333,-0.609828,-0.203706
0.569391,-0.179934,-0.494121,-0.279599
0.609379,-0.343248,-0.193028,-0.323096
0.639370,0.024306,0.059808,-0.186813
0.669362,0.304599,0.402240,-0.231749
0.709350,0.436482,0.483528,-0.259586
0.739342,0.729021,0.469616,-0.161188
0.769333,0.749237,0.104218,0.006755
0.809321,0.312890,-0.169842,0.169729
0.839313,0.017735,-0.141782,0.158953
0.879301,0.008158,-0.072053,0.099277
0.909293,0.055718,-0.121266,0.054769
0.939284,0.003849,-0.178462,0.081686
0.969275,0.004936,-0.170948,0.090081
1.009264,-0.005752,-0.064317,0.034502
1.039255,0.068051,0.097004,-0.025499
1.069246,0.144369,0.291472,-0.022212
1.109235,0.041717,0.360546,0.121430
1.139226,-0.015643,0.247526,0.256610
1.169218,-0.125005,0.183886,0.165447
1.209206,0.025779,0.274767,-0.010969
1.239197,0.107469,0.255133,0.004904
1.279186,-0.005518,0.043831,0.053189
1.309177,-0.102044,-0.113654,0.089053
1.339169,-0.073133,-0.144589,0.044236
1.369160,0.010572,-0.067418,-0.036533
1.409148,0.003272,-0.088828,-0.076231
1.439140,-0.068185,-0.144665,-0.026541
1.469131,-0.085347,-0.177257,-0.015006
1.509119,-0.177942,-0.133630,-0.045379
1.539111,-0.293216,-0.012269,-0.022653
1.569102,-0.181150,0.043384,-0.021286
1.609091,0.016498,0.066492,-0.078374
1.639082,0.085975,0.035824,-0.092343
1.679070,-0.016194,-0.112613,0.014846
1.709062,-0.044459,-0.176441,-0.003296
1.739053,0.009351,-0.134478,-0.044549
1.779042,0.075990,-0.035405,-0.060267
1.809033,0.061149,-0.053895,-0.055283
1.839024,-0.004437,-0.085878,-0.013453
1.879013,0.002571,-0.045892,0.016198
1.909004,0.030222,0.015660,0.001337
1.938995,0.037366,0.040513,-0.018717
1.978984,0.072049,-0.024337,0.033086
2.008975,-0.011085,-0.090476,0.078723
2.038967,-0.038744,-0.040825,0.048658
2.078955,0.048353,0.021057,-0.024747
2.108946,0.033710,-0.009913,-0.025724
2.138938,-0.024007,-0.056236,0.034231
2.178926,-0.047998,-0.056633,0.041469
2.208918,0.014717,0.003047,-0.002997
2.238909,-0.023679,0.113720,0.013972
2.278897,0.023568,0.105905,0.050239
2.308889,0.092502,0.032411,0.070189
2.338880,0.078642,-0.035229,0.108267
2.378869,0.061182,-0.109570,0.090234
2.408860,0.115274,-0.039758,0.035181
2.438851,0.065479,0.055321,-0.017467
2.478840,0.102521,-0.010183,-0.054034
2.508831,0.210858,-0.042450,0.021395
2.538822,0.103464,-0.025957,0.133720
2.578811,-0.054801,-0.041443,0.162713
2.608802,-0.027288,-0.120872,0.076177
2.638794,0.048714,-0.174501,-0.025817
2.678782,0.059297,-0.030126,-0.082397
2.708773,0.019511,0.042311,-0.105295
2.738765,0.027673,0.046995,-0.056706
2.778753,0.000598,-0.032793,0.030778
2.808744,-0.109563,-0.102878,0.015483
2.838736,-0.045269,-0.081315,-0.012210
2.878724,-0.071445,-0.006527,-0.073749
2.908716,-0.063261,-0.041521,-0.078018
2.938707,-0.059764,-0.086644,-0.034355
2.978695,-0.067735,-0.088013,0.057627
3.008687,-0.041026,-0.075317,0.087828
3.038678,-0.008147,-0.061293,0.091445
3.078667,0.032883,-0.052783,0.017774
3.108658,0.049340,-0.010317,-0.007746
3.138649,0.059277,-0.007260,-0.024777
3.178638,-0.037561,-0.014289,0.041386
3.208629,-0.003769,-0.012404,0.038631
3.238620,0.030933,0.002430,0.028989
3.278609,0.023904,0.041778,-0.020421
3.308600,0.027804,0.047003,-0.040027
3.338592,0.050335,0.002602,-0.009349
3.378580,0.102904,-0.067149,0.008546
3.408571,0.053219,-0.129090,0.016910
3.438563,0.014018,-0.147681,0.018345
3.478551,0.021233,-0.082576,-0.005944
3.508543,0.019360,-0.060888,-0.012836
3.538534,0.015402,-0.047015,-0.030911
3.578522,0.056646,-0.012043,-0.039768
3.608514,0.109417,0.023844,0.009751
3.638505,0.063120,-0.026361,0.063354
3.678494,0.068769,-0.082579,0.117160
3.708485,0.081739,-0.081624,0.095587
3.738476,-0.004808,-0.093022,0.034156
3.778465,-0.032354,-0.009735,0.008270
3.808456,-0.045181,-0.016535,-0.008941
3.838447,-0.041056,-0.042440,-0.033613
3.878436,-0.001433,-0.016608,-0.041485
3.908427,0.011191,-0.033029,-0.042601
3.938419,-0.004717,-0.078065,-0.038307
3.978407,0.003620,-0.107824,-0.001356
4.008398,-0.002381,-0.077204,0.005779
4.044640,-0.016856,-0.018361,0.022274
4.084628,0.064799,0.000545,0.029114
4.114620,0.031326,-0.028820,0.048409
4.144611,-0.016676,-0.058848,0.049260
4.184599,0.027965,0.000715,0.031624
4.214591,0.048419,0.011456,0.001349
4.244582,0.069276,-0.040629,-0.021537
4.284570,0.013412,-0.010455,-0.004276
4.314562,0.060832,0.018737,0.025842
4.344553,0.025611,0.025660,0.071709
4.384542,-0.050204,-0.014652,0.129943
4.414533,-0.011506,-0.012099,0.147094
4.444524,-0.006289,0.007075,0.065887
4.484513,0.023771,0.034043,-0.031185
4.514504,0.044276,0.021168,-0.072160
4.544494,-0.024782,0.012553,-0.063086
4.574485,-0.037542,-0.020853,-0.028359
4.604476,0.007582,-0.033705,0.002228
4.644465,0.011196,0.005012,0.022716
4.674456,0.002611,0.029872,0.043454
4.704448,-0.004455,0.025982,0.063194
4.744436,-0.003017,-0.003482,0.078743
4.774427,0.058835,-0.011315,0.063878
4.804419,0.097776,0.010069,0.020265
4.844407,0.069748,0.022883,0.012976
4.874399,0.030393,-0.011180,0.051205
4.904390,0.008238,-0.021957,0.076951
4.944382,0.018652,0.018591,0.062245
4.974374,0.048762,0.030964,0.022436
5.004365,0.029072,0.038891,0.001801
5.044354,0.004414,-0.002066,0.005961
5.074345,-0.023315,-0.032896,-0.026167
5.104336,-0.012453,-0.016050,-0.042323
5.144325,0.046244,-0.018370,-0.025888
5.174316,-0.023490,-0.034990,0.003659
5.204307,-0.005845,-0.022890,0.017344
5.244296,0.034180,-0.003821,0.006648
5.274287,0.020807,-0.047730,0.001272
5.304279,0.013137,-0.070528,-0.008101
5.344267,-0.040356,-0.021195,-0.026062
5.374258,-0.014707,-0.029802,-0.033646
5.404250,0.057715,-0.063154,-0.046237
5.444238,0.045080,-0.064523,-0.045744
5.474230,-0.041003,-0.022272,-0.045144
5.504221,0.024943,-0.001850,-0.020413
5.544209,0.026383,0.003131,0.005455
5.574201,-0.001727,-0.007875,0.045427
5.604192,0.028791,-0.004567,0.052687
5.644181,-0.004753,-0.009884,0.023902
5.674172,0.007413,-0.027266,-0.002570
5.704163,0.041871,-0.031051,-0.021882
5.744152,-0.016197,-0.020095,-0.029468
5.774143,0.016925,-0.001850,-0.021098
5.804134,0.037580,0.010188,0.001909
5.844123,-0.008755,-0.009488,0.007910
5.874114,0.011665,0.017882,0.016895
5.904106,0.019663,0.025463,0.006796
5.944091,0.011565,-0.015345,0.037146
5.974082,-0.026858,-0.018157,0.036664
6.004074,0.017833,0.007081,0.011664
6.044062,0.050351,0.016154,0.016175
6.074054,0.016881,-0.021204,0.037268
6.104045,-0.016278,-0.018700,0.038244
6.144033,-0.021908,0.041439,0.010069
6.174025,-0.027862,0.044301,-0.006557
6.204016,-0.032903,0.041227,-0.004533
6.244005,0.017811,0.027810,-0.002218
6.273996,0.005998,0.009122,0.023720
6.303987,0.006789,-0.011161,0.047479
6.343976,0.025310,-0.012076,0.026326
6.373967,0.011638,0.007637,0.014288
6.403958,0.003955,0.025628,0.001518
6.443947,0.031174,0.008009,0.023142
6.473938,0.034365,-0.023996,0.053476
6.503930,0.008658,-0.035176,0.049786
6.543918,-0.003456,-0.004477,0.019078
6.573909,0.005047,0.025772,-0.004861
6.603901,-0.013062,0.010186,-0.001401
6.643889,-0.007879,-0.016023,-0.004102
6.673880,-0.003963,-0.007244,-0.003947
6.703872,-0.018812,0.000664,-0.022002
6.743860,0.016078,-0.013185,-0.026616
6.773852,0.021377,-0.037435,0.004137
6.803843,-0.000550,-0.037527,0.015497
6.843831,0.010495,-0.009146,0.018966
6.873823,0.041287,-0.005157,0.004518
6.903814,0.034591,-0.011670,-0.004780
6.943806,0.004520,-0.010163,-0.001231
6.973797,0.033053,-0.021311,-0.005579
7.003788,0.036436,-0.016895,0.016348
7.043777,-0.002136,-0.021713,0.015059
7.073768,0.006950,0.001448,-0.000727
7.103760,0.024945,-0.003519,-0.025377
7.143748,-0.014697,-0.003534,-0.019833
7.173739,0.001181,-0.028586,0.011614
7.203731,-0.002223,-0.044544,0.007821
7.243719,0.023155,-0.005674,-0.012193
7.273710,0.026355,0.008353,-0.009227
7.303702,-0.006701,-0.022909,0.012740
7.343690,-0.031176,-0.020543,0.010151
7.373682,0.021922,0.001407,-0.011209
7.403673,0.020465,-0.013293,-0.038323
7.443661,-0.001153,-0.041880,-0.018982
7.473653,0.008385,-0.048327,-0.000960
7.503644,0.016759,-0.038467,-0.013324
7.543633,0.047409,-0.032723,-0.010052
7.573624,0.009160,-0.037079,0.010113
7.603615,0.010232,-0.021731,0.018950
7.643604,0.019825,0.013087,0.010628
7.673595,-0.026677,0.017033,-0.003786
7.703587,-0.036064,0.029337,-0.003900
7.743575,0.039380,0.012345,-0.002212
7.773566,0.025776,-0.034919,0.014637
7.803558,0.017593,-0.058500,0.025848
7.843546,0.028611,-0.024672,0.013099
7.873538,-0.028127,-0.038526,-0.020214
7.903529,-0.044906,-0.054263,-0.059673
7.943513,-0.066926,0.060420,-0.061982
7.973505,-0.048845,0.113454,-0.050344
8.003496,0.001679,0.061689,-0.036042
8.043486,-0.010203,-0.019492,-0.007864
8.083475,0.035465,-0.007829,-0.005412
8.113466,0.039772,-0.020625,0.004633
8.143457,0.014997,-0.031624,0.025989
8.183446,0.023914,-0.021470,0.029412
8.213437,0.031869,-0.003227,0.017960
8.243429,0.036629,-0.007351,0.013371
8.283417,0.022441,-0.011097,0.013272
8.313408,0.019782,-0.020874,0.002989
8.343400,0.014287,-0.009808,-0.013120
8.383388,-0.023177,0.012749,-0.025692
8.413380,-0.013120,0.024628,-0.038346
8.443371,0.013579,-0.001923,-0.030575
8.483359,-0.003018,-0.009410,0.004617
8.513351,0.009299,0.003345,-0.000771
8.543341,0.021583,0.015536,0.005119
8.573332,0.007647,0.001133,0.017576
8.613321,0.010209,-0.004841,0.014258
8.643312,-0.007569,0.016147,-0.000201
8.673304,-0.010659,0.029003,-0.021690
8.713292,-0.007202,0.024523,-0.019978
8.743283,-0.014694,-0.004473,0.004392
8.773275,-0.026924,-0.015407,0.012532
8.813263,0.018718,-0.004601,0.005232
8.843255,0.017108,0.005750,0.009632
8.873246,0.002831,-0.004033,0.018954
8.913234,0.031766,0.011078,0.016350
8.943227,0.040501,0.001368,-0.002201
8.973218,0.039850,-0.034835,-0.016344
9.013207,0.053950,-0.026389,-0.005078
9.043198,0.073664,-0.047015,0.009493
9.073189,0.047860,-0.057413,0.034674
9.113178,0.007839,-0.029661,0.048382
9.143169,0.006464,0.010864,0.042853
9.173161,-0.000974,0.029048,0.047787
9.213149,-0.038070,0.016243,0.040411
9.243140,0.003556,-0.001803,0.010735
9.273132,0.028100,-0.037162,-0.079928
9.313120,0.063918,-0.069648,-0.093356
9.343112,0.046121,-0.097930,-0.075147
9.373103,-0.060752,-0.102606,-0.030625
9.413091,-0.131778,-0.001154,-0.016129
9.443083,-0.130504,0.083640,-0.016823
9.473074,-0.176245,0.102004,0.001075
9.513062,-0.133454,0.081288,0.068910
9.543054,-0.014234,0.067050,0.071520
9.573045,0.013910,0.072753,0.071975
9.613034,-0.003003,0.081211,0.092579
9.643025,-0.001286,0.108094,0.070275
9.673016,0.041197,0.127713,0.019842
9.713005,0.099058,0.085254,0.004016
9.742996,0.103803,0.026702,0.014865
9.772988,0.086723,-0.003842,0.053365
9.812976,0.067916,0.003348,0.082503
9.842967,0.041849,-0.008468,0.087208
9.872959,0.012070,-0.010017,0.069919
9.912947,0.018525,0.017335,-0.008454
9.942942,0.060718,0.017517,-0.048313
9.972933,0.066932,-0.033523,-0.057120
10.012921,0.036088,-0.044619,-0.021474
10.042913,0.008827,-0.004657,-0.023485
10.072904,0.006363,0.046776,-0.028002
10.112893,0.003471,0.075158,-0.015174
10.142884,0.041935,0.047489,-0.029294
10.172875,0.057494,0.057955,-0.033074
10.212864,0.053392,0.044461,-0.004074
10.242855,0.071865,0.028233,0.000251
10.272846,0.069944,0.025379,0.010997
10.312835,-0.001821,-0.028546,0.043382
10.342826,0.000337,-0.049254,0.041085
10.372818,-0.008300,-0.006463,-0.002085
10.412806,-0.027520,0.050788,-0.032450
10.442797,-0.024582,0.025475,-0.032174
10.472789,-0.021524,-0.000176,-0.046116
10.512777,-0.002008,-0.030568,-0.045891
10.542769,0.047304,-0.054621,-0.022911
10.572760,0.033048,-0.083791,0.004809
10.612748,-0.007378,-0.036261,0.028019
10.642740,0.024249,0.013876,0.055986
10.672731,0.082570,0.032684,0.067666
10.712720,-0.044769,-0.002166,0.075759
10.742711,-0.074518,-0.009073,0.049906
10.772702,-0.007649,0.025743,0.009639
10.812691,0.020145,0.002051,-0.011862
10.842682,0.017966,-0.038042,-0.031807
10.872673,0.039539,-0.014884,-0.013183
10.912662,-0.006966,-0.004234,-0.019077
10.942650,0.101061,-0.029168,-0.046088
10.972642,0.230171,-0.073479,-0.034845
11.012630,0.070584,-0.053513,0.046207
11.042621,-0.028977,-0.011635,0.072398
11.072613,0.068367,0.022448,0.035325
11.112601,0.080358,0.002531,0.034705
11.142593,-0.041709,-0.087060,0.035967
11.172584,-0.021585,-0.143144,0.025348
11.212572,-0.075829,-0.075554,-0.003919
11.242564,0.007415,0.054172,-0.013625
11.272555,0.048202,0.101944,-0.014612
11.312544,0.006126,0.036253,0.056923
11.342535,0.045850,-0.013438,0.070245
11.372526,0.098498,0.020255,0.023918
11.412515,0.136573,0.105881,-0.011543
11.442506,0.110775,0.013827,-0.003382
11.472498,0.031513,-0.064739,0.044002
11.512486,-0.049984,0.010411,0.059096
11.542477,-0.016269,0.085041,0.012541
11.572469,-0.034604,0.096757,0.004353
11.612457,-0.009674,0.021704,0.049426
11.642449,0.058206,0.043333,0.041122
11.672440,0.115301,0.116454,-0.009853
11.712428,0.061177,0.081666,-0.012528
11.742420,-0.033309,0.022903,-0.006854
11.772411,-0.057141,-0.015285,0.007232
11.812399,-0.013242,0.022466,0.010559
11.842391,-0.041468,0.023543,0.011917
11.872382,-0.037631,0.007312,0.033259
11.912371,-0.020084,0.002629,0.039306
11.942362,-0.027240,0.043955,0.037119
11.972353,-0.075431,0.077225,0.046869
12.012342,-0.021626,0.070496,0.057440
12.044834,0.027933,0.016103,0.089372
12.084822,0.012823,-0.018331,0.115978
12.114813,0.018979,-0.003216,0.103235
12.144805,0.001656,-0.003547,0.079055
12.184793,0.005601,0.004307,0.049554
12.214785,0.029993,-0.002349,0.029402
12.244776,-0.012144,-0.020056,0.016257
12.284764,-0.060769,-0.045854,-0.062724
12.314756,0.016546,-0.059236,-0.079221
12.344747,0.003191,-0.071658,-0.053761
12.384736,-0.097887,-0.014603,-0.014942
12.414727,-0.074713,0.023585,0.023291
12.444718,-0.000778,0.038112,0.035339
12.484707,0.000622,-0.002916,0.069960
12.514698,-0.086117,0.032891,0.069866
12.544689,-0.065009,0.094123,0.012545
12.574680,0.016237,0.091646,-0.000250
12.614669,0.041475,-0.034898,0.066902
12.644660,0.064745,-0.072282,0.139055
12.674652,0.111092,-0.098206,0.142074
12.714640,0.106934,-0.048156,0.094596
12.744631,0.075489,-0.031212,0.042469
12.774623,0.030250,-0.013010,0.008847
12.814611,-0.036582,0.041685,-0.033094
12.844603,-0.047260,0.095613,-0.052836
12.874594,-0.062545,0.098376,-0.022161
12.914582,-0.133737,0.070552,0.063666
12.944577,-0.106201,0.057551,0.095766
12.974568,-0.036402,0.027739,0.082969
13.014557,0.019426,-0.057883,0.051809
13.044548,0.071424,-0.077958,-0.000303
13.074539,0.100225,-0.068628,-0.056428
13.114528,0.135107,-0.000078,-0.146892
13.144519,0.123181,0.055299,-0.171002
13.184508,0.085268,0.060094,-0.073239
13.214499,0.050945,0.028800,0.027439
13.244490,0.043641,0.009670,0.081409
13.274482,0.022481,0.008993,0.100807
13.314470,-0.026031,0.001817,0.101543
13.344462,-0.032987,-0.005151,0.070177
13.374453,-0.022787,0.003392,0.027894
13.414441,0.008867,-0.013120,-0.003930
13.444433,0.049719,-0.038917,-0.005550
13.474424,0.026067,-0.068397,0.011951
13.514413,-0.022320,-0.070158,-0.004432
13.544404,-0.000096,-0.026189,-0.034686
13.574395,0.010241,-0.030728,-0.016080
13.614384,-0.095757,-0.040479,0.009284
13.644375,-0.088804,-0.019195,-0.015639
13.684363,0.019949,-0.006071,-0.069242
13.714355,0.014012,-0.057087,-0.075052
13.744346,0.068278,-0.087770,-0.072613
13.774338,0.007620,-0.028110,-0.028072
13.814326,-0.135344,0.136868,0.029982
13.844317,-0.037996,0.185527,0.031479
13.874309,0.157595,0.084950,0.117967
13.914297,0.053514,-0.119623,0.234157
13.944289,-0.029608,-0.120138,0.174912
13.984277,0.159003,0.005412,0.007186
14.014268,0.123643,0.033911,-0.044632
14.044260,0.036903,-0.013219,-0.025071
14.084248,0.050509,-0.017037,-0.013651
14.114240,0.051627,0.014669,-0.029582
14.144231,0.004239,0.043506,-0.040645
14.184219,0.025761,0.041370,-0.032331
14.214211,0.041275,0.018268,0.011041
14.244202,0.036283,-0.028791,0.042432
14.284191,0.061115,-0.029938,0.036860
14.314182,0.057634,-0.010019,0.031667
14.344173,0.011008,0.000198,0.042984
14.384162,0.020208,-0.009250,0.033430
14.414153,0.069582,-0.029569,-0.001224
14.444144,0.054120,-0.024078,-0.039644
14.484133,0.044473,0.027861,-0.028393
14.514124,-0.013526,0.045094,-0.022411
14.544116,-0.063362,0.051323,-0.011179
14.584104,-0.047695,0.064205,-0.029091
14.614095,-0.022557,0.033886,-0.025562
14.644087,-0.052543,-0.002906,-0.021229
14.674078,-0.038702,0.015440,-0.019861
14.714067,0.028720,0.004220,-0.006500
14.744058,-0.011893,-0.019570,0.015268
14.774049,-0.033120,-0.006828,0.017744
14.814038,-0.006776,0.025788,-0.017666
14.844029,0.006558,0.006339,-0.032729
14.884018,0.013338,-0.022197,-0.031745
14.914009,0.029072,-0.003268,-0.026997
14.943996,0.008105,0.021222,-0.023541
14.983985,-0.004834,-0.016713,-0.038717
15.013976,0.020387,-0.013758,-0.039746
15.043968,0.026607,-0.014052,-0.026646
15.083956,-0.008735,-0.010160,-0.009246
15.113947,-0.009131,0.011199,-0.004675
15.143939,-0.027426,0.026949,-0.021867
15.183927,-0.024747,0.016341,-0.012629
15.213919,-0.041527,0.010985,-0.005585
15.243910,-0.024956,0.024055,-0.008815
15.283899,-0.014715,0.034484,-0.014721
15.313890,-0.011776,-0.003243,-0.029905
15.343881,0.021281,-0.028637,-0.035501
15.383870,0.024026,-0.008212,-0.033135
15.413861,0.015640,-0.025251,-0.019905
15.443852,-0.001900,-0.013061,-0.004438
15.483841,0.010987,0.004036,-0.017392
15.513832,0.014037,0.003840,-0.005935
15.543824,-0.000426,-0.015038,-0.000924
15.583812,0.010382,-0.006611,0.008023
15.613803,0.034149,-0.001642,0.018529
15.643795,0.007469,-0.005813,0.005065
15.683783,0.026653,-0.002277,-0.007262
15.713775,0.033168,-0.013240,-0.015119
15.743766,0.015550,-0.028490,0.002241
15.783755,0.007278,-0.011848,0.018782
15.813746,0.018537,-0.009167,0.008799
15.843737,-0.009684,0.012886,0.030117
15.883726,-0.037572,0.000680,0.046777
15.913717,-0.011068,0.002735,0.031060
15.943709,0.022371,0.014768,0.026079
15.983698,-0.014712,-0.003690,0.014865
16.013689,-0.013094,0.006011,0.011716
16.053678,0.042148,0.006814,0.014758
16.083669,-0.001808,-0.005472,0.032149
16.113661,-0.012012,-0.013298,0.033986
16.153649,0.014684,0.021939,0.009270
16.183641,0.017597,0.013271,0.015000
16.213632,-0.006152,0.002478,0.016204
16.253620,0.042641,0.015741,0.010455
16.283612,0.014643,-0.016870,0.010897
16.313603,-0.011467,-0.014510,0.013795
16.353592,0.019615,0.000199,0.010228
16.383583,0.007479,-0.017593,0.017377
16.413574,0.009074,-0.024237,0.041133
16.443566,-0.004417,-0.009814,0.027700
16.483554,0.001420,0.015619,0.034426
16.513546,-0.019802,0.005723,0.027411
16.543535,-0.021717,0.010068,0.007501
16.573526,0.011816,0.025343,0.002263
16.603518,0.000528,0.009598,-0.004762
16.643506,-0.010422,0.004786,-0.001187
16.673497,0.001827,0.005828,0.006482
16.703489,-0.013632,0.001962,0.001286
16.743477,0.023091,0.009031,0.000905
16.773469,0.014893,-0.002232,0.005871
16.803460,0.009344,-0.011889,0.006588
16.843448,0.013395,0.000670,0.009977
16.873440,-0.013933,0.002819,-0.000726
16.903431,0.001297,-0.019318,-0.022185
16.943423,0.015812,0.012981,-0.015077
16.973414,0.015833,0.008382,0.012089
17.003405,0.007434,-0.021407,0.019163
17.043394,0.013822,0.015854,0.008430
17.073385,0.034679,0.010229,0.003039
17.103377,0.042154,-0.019594,0.028064
17.143365,-0.003340,-0.032015,0.028094
17.173356,0.003216,0.020877,0.007349
17.203348,-0.005973,0.036910,-0.005775
17.243336,0.004895,-0.010199,0.002805
17.273328,-0.001508,0.000011,0.008929
17.303319,0.000124,0.007103,0.002637
17.343307,0.013484,0.012409,0.002296
17.373299,0.006182,-0.003760,-0.002302
17.403290,0.022781,-0.006354,0.000361
17.443279,0.018415,-0.012357,0.001881
17.473270,0.031245,-0.006633,0.014913
17.503261,0.032647,-0.020814,0.018333
17.543250,0.012226,0.000131,0.018733
17.573241,-0.006690,0.019623,0.008865
17.603233,-0.000233,0.019298,-0.000991
17.643221,0.004222,0.010646,0.014095
17.673212,0.009812,-0.000734,0.008225
17.703204,-0.001275,0.000596,0.005035
17.743192,0.001602,0.011438,-0.003957
17.773184,0.000296,-0.006227,-0.003243
17.803175,0.004742,-0.000292,0.008599
17.843163,0.010237,-0.000806,0.008594
17.873155,0.003649,0.003630,0.017167
17.903146,-0.003255,-0.007721,0.019661
17.943132,0.000476,0.006148,0.014085
17.973123,0.012654,0.019359,-0.000569
18.003114,0.002893,0.011672,-0.006466
18.043103,-0.000285,0.000952,0.007639
18.073094,-0.007056,-0.006114,0.017037
18.103086,0.002450,0.008824,0.009084
18.143074,0.013728,0.003774,-0.004992
18.173065,0.007004,-0.021719,0.007248
18.203057,0.002841,-0.015342,0.006301
18.243045,0.027517,0.007222,-0.017648
18.273037,0.012347,-0.000225,-0.012810
18.303028,-0.003325,-0.010005,-0.000811
18.343016,0.016678,0.004642,0.002007
18.373008,0.034337,0.004562,0.019794
18.402999,-0.003739,-0.015197,0.012543
18.442988,0.014401,0.009932,0.022793
18.472979,0.002856,0.024020,-0.004717
18.502970,-0.005422,0.016242,-0.005016
18.542959,-0.006799,0.006662,-0.000969
18.572950,0.013311,-0.014037,0.006269
18.602942,0.003447,-0.016708,0.008564
18.642930,0.019916,0.003303,0.002970
18.672921,0.026999,-0.007983,0.006915
18.702913,0.000516,-0.020695,0.010926
18.742901,0.013149,0.002936,0.009242
18.772893,0.013573,0.017303,0.006780
18.802884,-0.024395,0.004035,-0.000304
18.842872,-0.001507,0.003317,-0.007466
18.872864,0.018125,0.002608,-0.006088
18.902855,-0.000632,-0.001590,-0.005247
18.942847,-0.017127,0.025460,0.001181
18.972838,0.014519,0.013748,0.012044
19.002829,0.017937,-0.002620,0.026363
19.042818,0.006180,-0.002047,0.015709
19.072809,0.020444,-0.000822,0.004397
19.102801,0.015556,-0.009398,0.001269
19.142789,-0.000937,-0.003706,-0.000310
19.172780,0.008861,0.006811,0.000078
19.202772,0.010989,-0.001111,0.004030
19.242760,0.021300,-0.010155,0.003942
19.272752,0.027012,-0.019056,0.014354
19.312740,0.005689,-0.004827,0.022838
19.342732,-0.007220,0.028463,0.017974
19.372723,-0.006311,0.022419,0.001064
19.402714,0.000824,0.009255,0.003768
19.442703,-0.010511,0.007530,-0.011366
19.472694,0.017122,0.006083,-0.004451
19.512683,-0.000032,-0.008564,0.001295
19.542674,0.011237,-0.009019,0.011220
19.572665,0.030895,-0.013761,0.004424
19.602657,0.017568,-0.019100,0.004984
19.642645,0.012798,0.000908,0.014600
19.672637,0.006644,0.010586,0.012625
19.702628,0.001210,0.008863,0.011105
19.742616,-0.004049,0.014117,-0.001326
19.772608,-0.018058,0.022688,-0.006290
19.802599,-0.000365,0.018668,-0.003888
19.842588,-0.003905,-0.003026,0.012261
19.872579,-0.000784,-0.013616,0.011690
19.902570,0.035882,-0.001963,0.007903
19.942556,0.013713,0.007356,0.006785
19.972547,0.006978,-0.004649,0.012276
20.002539,0.013053,-0.016104,0.014805
20.046278,0.001901,0.002748,0.003214
20.086267,0.017968,0.008315,-0.002190
20.116258,-0.012513,-0.005298,0.002072
20.146249,-0.033458,0.019902,0.008135
20.186238,0.003818,0.005473,0.010380
20.216229,-0.005433,-0.024036,0.014370
20.246221,0.014705,-0.015350,0.007021
20.286209,0.039623,0.003280,-0.002751
20.316200,0.019454,-0.005962,0.010477
20.346192,-0.003366,-0.000970,0.029658
20.386180,0.020430,0.012568,0.024430
20.416172,0.018771,0.003392,0.035235
20.446163,0.005903,-0.005619,0.026053
20.486152,0.035461,0.034274,-0.004332
20.516143,0.109466,0.055722,-0.025233
20.546134,0.070198,-0.003095,-0.008304
20.576123,0.022970,-0.020017,0.029505
20.606115,0.009562,-0.005519,0.010284
20.636106,0.029595,0.017585,0.013917
20.676095,0.001985,0.015812,0.015106
20.706086,0.004611,0.000121,0.010476
20.736077,-0.001522,-0.009151,0.005198
20.776066,-0.009168,0.006380,0.007430
20.806057,0.006805,-0.011538,-0.002592
20.836049,0.014340,-0.017510,0.000406
20.876037,0.015049,-0.008703,0.008892
20.906028,0.013433,-0.011673,0.016934
20.936019,0.011780,-0.011381,0.014649
20.976007,0.032240,-0.010008,-0.008004
21.005999,0.028080,-0.001494,-0.003380
21.045987,0.012109,-0.002105,0.005033
21.075978,0.010231,0.013181,0.001207
21.105970,-0.003507,0.031352,-0.004829
21.135961,-0.022184,0.036323,-0.006183
21.175950,-0.010443,0.026203,0.012114
21.205941,-0.003659,0.011763,0.000705
21.235932,0.008918,0.022262,-0.003808
21.275921,0.016100,0.007583,-0.009083
21.305912,0.006055,0.006860,-0.003915
21.335904,-0.019144,0.007442,0.006321
21.375892,-0.018342,-0.015290,0.014032
21.405884,-0.009780,0.026095,0.005878
21.435875,-0.038933,0.048112,-0.006467
21.475863,-0.021764,0.021377,-0.020626
21.505855,0.013557,0.007801,-0.009336
21.545843,0.014850,-0.005795,0.001553
21.575835,0.007029,0.007882,0.018711
21.605826,0.032288,0.004555,0.019741
21.645814,0.001001,-0.002440,0.010493
21.675806,-0.005865,0.007100,0.012009
21.705797,0.009876,0.008272,-0.000509
21.735789,-0.013218,0.001299,-0.011730
21.775777,-0.000488,0.022553,-0.027472
21.805768,0.002475,0.031235,-0.026870
21.845757,-0.015649,0.018715,-0.008598
21.875748,0.024329,-0.001621,0.016989
21.905740,0.016694,-0.005109,0.031533
21.945731,-0.007694,-0.006007,0.036850
21.975722,0.021906,-0.001336,0.015747
22.005714,0.022673,0.000594,0.000249
22.035705,-0.000760,-0.001964,-0.005847
22.075694,0.016817,-0.008399,-0.000043
22.105685,0.027127,-0.016594,-0.004906
22.145674,0.026007,-0.009596,-0.007032
22.175665,0.023483,-0.002958,0.013035
22.205656,0.021782,-0.016980,0.014986
22.245645,0.007955,-0.005749,0.026608
22.275636,0.006314,0.001987,0.021716
22.305627,0.024582,-0.001044,0.032616
22.345616,-0.010004,-0.008633,0.015190
22.375607,-0.010661,0.002947,-0.008108
22.405599,0.003195,0.010170,-0.025273
22.445587,0.004241,-0.008234,-0.017825
22.475579,0.006034,-0.028382,0.000634
22.505570,0.011606,-0.025398,0.008024
22.545558,0.003404,-0.012415,0.007200
22.575550,-0.033543,-0.025681,0.042068
22.605541,0.009390,-0.035430,0.041575
22.635532,0.025835,0.017443,0.036045
22.675521,0.002424,0.015420,0.027177
22.705512,-0.005246,0.000569,0.021379
22.745501,0.013162,-0.005381,0.006402
22.775492,0.023545,-0.007028,-0.015692
22.805484,0.018195,-0.016675,-0.005471
22.845472,0.003613,-0.021896,0.012208
22.875463,0.011001,-0.008825,0.009309
22.905455,0.011169,-0.003018,0.007490
22.945444,-0.006147,-0.009264,0.012004
22.975436,0.011632,-0.003450,-0.000715
23.005427,0.036009,-0.002349,0.014505
23.035418,0.014782,-0.028308,0.017977
23.075407,-0.003488,0.009000,0.021942
23.105398,0.012313,0.017841,0.006945
23.145387,0.014031,0.004283,0.010169
23.175378,0.012638,-0.006078,-0.002288
23.205369,0.020719,-0.002258,-0.004953
23.245358,-0.015652,0.003422,0.004845
23.275349,0.005469,-0.011621,0.014846
23.305341,0.017550,-0.015774,0.014480
23.345329,0.024823,0.002849,0.006245
23.375320,0.028860,0.003816,0.016875
23.405312,-0.004216,-0.007002,0.021625
23.445300,0.018972,0.004972,0.030725
23.475292,0.004918,0.010744,0.007439
23.505283,-0.023511,0.021216,0.003760
23.545272,0.005741,0.003837,-0.006606
23.575263,0.005109,0.001525,-0.002293
23.605254,0.001852,0.005932,0.011148
23.645243,0.014649,-0.005287,0.017909
23.675234,0.021607,-0.018521,0.025021
23.705225,0.022196,-0.018860,0.023830
23.745214,-0.005650,-0.000455,0.009580
23.775205,0.011110,-0.007329,-0.003181
23.805197,0.005262,-0.007074,-0.015443
23.845185,0.009016,-0.003094,-0.001354
23.875176,0.016693,-0.005344,0.016787
23.905168,-0.002531,-0.005185,0.022968
23.945156,0.012724,0.002067,0.021346
23.975148,0.028374,0.008154,0.015601
24.005139,0.008512,-0.004659,0.016706
24.046379,-0.015852,-0.004068,0.014289
24.086368,0.007384,0.013366,-0.019017
24.116359,0.038580,0.001626,-0.011720
24.146350,0.018402,-0.021906,-0.005724
24.186339,-0.014439,0.003950,0.010865
24.216330,0.011790,0.025499,0.004614
24.246322,0.011768,0.027544,0.016122
24.286310,0.007108,0.020998,0.034519
24.316301,0.000132,0.014018,0.030291
24.346293,0.000435,0.008879,0.007927
24.386281,0.007693,0.025747,-0.008391
24.416273,-0.007190,0.022737,-0.010895
24.446264,-0.000622,0.012895,-0.004313
24.486252,-0.001396,0.011386,0.006842
24.516244,0.005060,0.006086,0.001660
24.546233,0.022809,0.010822,0.008493
24.576225,0.004323,0.006774,0.010645
24.606216,-0.000904,0.005784,-0.000688
24.646205,0.023738,-0.003345,-0.009486
24.676196,0.004421,0.007599,-0.002488
24.706187,0.000785,0.015386,0.006222
24.746176,-0.002881,0.024895,0.002929
24.776167,-0.009374,0.024979,-0.011032
24.806158,-0.009236,0.031312,-0.005000
24.846147,0.011467,0.006584,-0.003692
24.876138,-0.011789,0.016578,0.006062
24.906130,0.001590,0.014509,0.006563
24.946115,0.007463,0.002434,-0.012064
24.976106,0.007168,0.020220,-0.004863
25.006098,0.010878,0.021455,-0.001553
25.046086,-0.009925,0.015978,0.013683
25.076078,-0.003449,0.013670,0.007926
25.106069,0.019593,0.020744,0.009644
25.146057,-0.001939,0.008693,0.003834
25.176049,0.014457,0.002111,0.017863
25.206040,0.007271,0.008859,0.017464
25.246028,-0.000184,-0.004992,0.019315
25.276020,0.006575,-0.003300,0.019104
25.306011,0.016988,-0.002296,0.004605
25.346000,0.001212,-0.002366,0.009947
25.375991,0.024057,-0.027912,0.010192
25.405982,0.009654,-0.034077,0.002586
25.445971,0.018091,0.002066,0.016127
25.475962,0.004245,0.017589,0.020669
25.505954,-0.000595,0.002706,0.026151
25.545942,0.006352,-0.001057,0.017624
25.575933,-0.010063,0.009081,0.013607
25.605925,0.002189,-0.000218,0.019241
25.645913,0.009301,-0.017699,0.006233
25.675905,-0.008576,-0.009810,0.002091
25.705896,0.004518,-0.008982,0.002483
25.745884,0.014847,-0.014833,0.011701
25.775876,0.008880,-0.012042,0.013685
25.805867,0.019838,-0.008621,0.017530
25.845855,0.014565,-0.018157,0.026086
25.875847,0.005483,-0.019869,0.018476
25.905838,0.016330,-0.009595,0.010461
25.945830,-0.003160,0.004080,0.005794
25.975821,-0.015859,-0.014423,0.011915
26.005812,-0.000810,-0.008728,0.012052
26.045801,0.013908,0.007101,0.024453
26.075792,0.025171,-0.014076,0.019533
26.105783,0.010031,-0.015838,0.011526
26.145772,0.035406,-0.014419,-0.001609
26.175763,0.023384,-0.018931,-0.002066
26.205755,-0.003595,-0.018704,0.013073
26.245743,-0.001145,-0.007715,0.008405
26.275734,0.004514,0.003942,0.011732
26.305726,0.002057,-0.012304,0.005890
26.345714,0.027685,0.005441,0.000186
26.375705,0.019152,0.001906,0.019353
26.405697,-0.014645,-0.018769,0.022464
26.445685,0.004651,0.013857,0.014411
26.475677,0.001255,0.018600,-0.007878
26.505668,0.000194,0.010365,-0.003784
26.545656,0.009362,-0.015940,0.002618
26.575648,0.013657,-0.022252,0.005340
26.605639,0.006339,-0.017536,0.003683
26.645628,-0.002345,-0.011653,0.011273
26.675619,-0.000169,-0.008705,0.016261
26.705610,-0.008670,-0.001229,0.008564
26.745599,0.001515,0.023315,0.000682
26.775590,0.002776,0.014862,0.007406
26.805581,-0.004364,-0.011682,0.020177
26.845570,0.021847,-0.009321,0.009540
26.875561,0.028681,-0.001803,0.002127
26.905553,0.023596,-0.000966,-0.000061
26.945538,0.028574,-0.014967,0.024865
26.975529,0.002820,-0.014243,0.026862
27.005521,0.003277,0.013644,0.016907
27.045509,0.007822,0.005230,-0.000359
27.075500,-0.006167,-0.002852,-0.014228
27.105492,0.002854,0.014142,-0.022618
27.145480,0.027702,0.001676,-0.007481
27.175472,-0.006239,-0.016035,0.005319
27.205463,-0.011152,0.015206,-0.005117
27.245451,0.024286,0.013210,-0.004941
27.275443,0.008483,0.002827,-0.005685
27.305434,0.009844,0.008767,-0.001149
27.345422,-0.012379,0.028393,-0.007995
27.375414,-0.003547,0.027356,-0.002035
27.405405,0.006281,0.008898,-0.004800
27.445394,0.004631,0.008465,-0.002520
27.475385,-0.007605,0.022596,-0.014766
27.505376,0.002270,0.038220,-0.009241
27.545365,-0.000250,0.006172,-0.001854
27.575356,0.022828,0.020144,0.002125
27.605347,0.005473,0.033240,0.012941
27.645336,0.015810,0.008389,0.029881
27.675327,0.017626,-0.010346,0.021402
27.705319,0.009794,0.001925,-0.009837
27.745307,0.009383,0.044373,-0.006252
27.775298,-0.015889,0.028281,-0.014372
27.805290,-0.017762,0.022668,-0.008410
27.845278,0.025883,0.018152,-0.006326
27.875269,0.000421,0.021942,0.017851
27.905261,-0.012673,0.012137,0.017490
27.945252,0.021060,0.017802,-0.001680
27.975244,0.029161,0.005132,-0.000624
28.005235,0.006664,-0.005627,-0.009087
28.048974,0.012683,0.015399,0.005667
28.078965,0.001798,0.027563,0.005114
28.118954,-0.012141,0.035574,0.023330
28.148945,-0.027132,0.025467,0.025983
28.178937,-0.009622,0.011916,0.023989
28.218925,0.010386,0.000107,0.007482
28.248916,0.007058,-0.009289,0.009033
28.278908,0.000926,-0.020525,-0.006386
28.318896,0.007281,-0.009220,-0.000569
28.348887,0.008984,-0.022607,-0.005049
28.378879,0.017078,-0.016463,0.016186
28.418867,-0.002174,-0.006428,0.012631
28.448859,-0.000553,0.016851,0.014945
28.478850,0.002755,-0.002417,0.015472
28.518838,0.023709,-0.031426,0.033809
28.538833,0.023134,-0.044434,0.022734
28.578820,0.038694,-0.039537,0.013484
28.608811,0.026289,-0.036160,0.010514
28.638802,-0.010830,-0.020241,-0.009095
28.678791,-0.007322,0.014972,0.005279
28.708782,0.012571,-0.008628,0.000012
28.738773,0.022340,-0.010750,0.030240
28.778762,-0.002551,-0.010461,0.032646
28.808753,0.034276,-0.006881,0.023430
28.838744,0.046450,-0.020984,0.033117
28.878733,0.013090,-0.026816,0.042969
28.908724,0.034974,-0.007515,0.036519
28.938712,0.007708,-0.000593,0.024212
28.978700,-0.030171,0.006701,-0.004779
29.008691,-0.003577,0.024846,-0.037641
29.038683,0.022008,0.018210,-0.027510
29.078671,0.008665,-0.040611,0.021878
29.108662,0.001212,-0.036466,0.033022
29.138654,0.035210,-0.014434,0.015785
29.178642,0.016816,-0.007664,0.023624
29.208634,0.013146,-0.014456,0.023406
29.238625,0.027188,-0.002829,0.002521
29.278613,-0.009399,0.011185,-0.003457
29.308605,-0.016758,0.007200,-0.000878
29.338596,0.023732,-0.011625,-0.005701
29.378584,0.037279,-0.023975,0.011565
29.408576,0.015601,-0.035873,0.004979
29.438567,0.023504,-0.019065,-0.000287
29.478556,0.018183,-0.000324,0.004586
29.508547,0.008909,0.001031,0.018199
29.538538,-0.001319,0.010800,0.023452
29.578527,0.010866,0.009517,0.018312
29.608518,0.035235,-0.006430,0.008093
29.638509,0.013844,-0.007105,0.005391
29.678498,-0.001376,0.005828,-0.003877
29.708489,0.035253,-0.005852,0.000591
29.738480,0.016863,-0.004859,0.019174
29.778469,-0.011674,0.005229,0.007103
29.808460,0.021599,0.013742,0.004124
29.838452,0.011531,-0.002033,0.008463
29.878440,-0.012479,-0.017787,0.027559
29.908431,0.018649,-0.010723,0.005951
29.938423,0.041482,0.019814,-0.003418
29.978411,-0.008995,0.011490,0.024676
30.008402,-0.010162,0.001691,0.024838
30.038394,0.011506,0.006188,0.012378
30.078382,0.002309,-0.007346,-0.003850
30.108373,0.006013,-0.020182,-0.006700
30.138365,0.002011,-0.015802,-0.022970
30.178353,0.015533,0.001821,-0.021413
30.208345,0.018982,-0.007961,-0.018161
30.238336,0.000522,0.004671,-0.000415
30.278324,0.003506,0.019991,0.006420
30.308316,0.008972,0.035540,0.006225
30.338307,-0.011776,0.030993,0.003884
30.378295,-0.002353,0.033324,-0.000177
30.408287,0.020490,0.029369,-0.017346
30.438278,0.025045,0.029669,-0.000351
30.478267,-0.000662,0.002297,0.012280
30.508258,-0.015946,0.018336,0.006853
30.538249,0.011898,0.028011,-0.008527
30.578238,0.007813,0.004708,-0.009648
30.608229,-0.018537,0.010137,0.002344
30.638220,-0.015509,0.040289,0.006898
30.678209,-0.013752,0.020390,-0.019602
30.708200,-0.003946,0.015056,-0.011566
30.738191,0.006600,0.004599,-0.008661
30.778180,0.010217,-0.001907,0.009510
30.808171,0.011656,0.012878,0.005453
30.838163,0.009246,0.010981,-0.005110
30.878151,0.001825,0.005309,-0.005038
30.908142,-0.001949,-0.005277,-0.005802
30.938134,0.008622,0.013879,-0.004230
30.978122,-0.003283,0.015192,-0.001027
31.008113,-0.018289,0.013806,0.002794
31.038105,-0.011522,0.020460,0.004559
31.078093,-0.004930,0.017949,-0.005232
31.108084,0.004652,-0.000116,-0.007539
31.138076,0.010167,-0.005547,-0.001286
31.178064,0.005487,-0.004152,-0.006375
31.208055,0.011667,-0.003861,-0.005354
31.238047,0.029913,-0.015473,-0.008487
31.278035,-0.000938,-0.011204,0.000585
31.308027,-0.010878,-0.011708,0.007228
31.338018,-0.005152,0.017289,0.015270
31.378006,0.013277,0.019816,0.012787
31.407998,0.002931,-0.004097,0.021160
31.437989,0.011803,-0.012950,0.012220
31.477977,0.040212,-0.011267,0.007775
31.507969,0.016404,-0.051479,0.014548
31.537960,0.020158,-0.059226,0.020776
31.577949,0.032054,-0.036966,0.003558
31.607940,0.009725,-0.011265,0.008394
31.637931,-0.001587,0.001657,0.018683
31.677920,-0.015681,0.010442,0.031148
31.707911,-0.000243,0.016769,0.030504
31.737902,0.040809,0.005521,0.030003
31.777891,0.019830,-0.022675,0.045750
31.807882,0.031670,-0.011723,0.034918
31.837873,0.025893,0.001305,0.017582
31.877862,-0.005088,-0.013366,0.009252
31.907853,0.006626,-0.006500,0.006744
31.937844,0.008683,0.004346,0.002430
31.977833,0.031810,-0.019752,0.007013
32.007824,0.032721,-0.023407,0.012800
32.049064,0.009074,0.000329,0.013367
32.079055,0.023007,-0.012680,0.022479
32.119044,0.028929,-0.015606,0.023016
32.149035,0.035271,-0.008083,0.015328
32.179026,0.027500,-0.018331,0.015298
32.219015,0.000529,0.010089,0.007878
32.249006,0.016592,0.020422,-0.002715
32.278997,0.002926,0.006209,0.011852
32.318986,0.002015,-0.004788,0.008232
32.348977,0.020764,0.004270,0.001837
32.378968,0.007085,0.006622,-0.000980
32.418957,0.013885,-0.011056,0.001099
32.448948,0.027247,-0.020671,0.006217
32.478939,-0.002866,-0.011097,0.000838
32.518928,-0.001279,0.012093,-0.011240
32.548919,0.015908,0.012000,-0.000433
32.578909,0.000353,-0.007233,0.013523
32.608900,-0.000229,-0.006356,0.019133
32.638891,0.016899,0.006922,0.011999
32.678880,-0.006434,-0.003532,-0.002832
32.708871,0.012312,0.008188,0.001656
32.738863,0.005554,-0.007721,-0.001168
32.778851,-0.002967,-0.008779,0.001907
32.808842,0.015892,0.000655,0.008366
32.838834,-0.000325,0.004312,0.000770
32.878822,0.013246,-0.004710,0.014205
32.908813,0.012014,-0.006873,0.015863
32.938805,0.018667,0.008371,0.026908
32.978794,-0.013393,0.012666,0.014501
33.008785,-0.017170,0.014177,-0.001078
33.038777,0.023787,0.015746,-0.015587
33.078765,0.011675,0.008919,-0.014373
33.108757,-0.015174,0.008372,-0.013980
33.138748,0.029318,0.018740,0.001388
33.178736,-0.005568,0.027775,0.008029
33.208728,-0.012596,0.040159,0.003642
33.238719,0.011716,0.045112,0.004212
33.278707,-0.002491,0.017644,-0.003137
33.308699,0.020023,0.010571,-0.003247
33.338690,0.008129,-0.002191,-0.003644
33.378679,-0.015610,0.017320,-0.003422
33.408670,-0.023381,0.041890,-0.007841
33.438661,0.000142,0.022433,-0.004350
33.478650,0.009565,-0.015017,-0.005345
33.508641,0.023728,0.004434,-0.003387
33.538632,0.025507,0.017204,0.009556
33.578621,-0.005267,0.012432,0.012703
33.608612,0.009018,0.032869,0.009032
33.638603,0.033334,0.036597,-0.004478
33.678592,-0.001504,0.026508,0.008221
33.708583,0.005343,0.001118,0.015534
33.738574,0.019680,-0.010603,-0.004737
33.778563,0.007061,0.004597,-0.000158
33.808554,-0.007506,-0.010729,0.002799
33.838546,0.000042,-0.009113,0.001755
33.878534,0.019225,0.022576,0.007060
33.908525,-0.000822,0.023944,0.003764
33.938517,-0.011956,0.018401,0.012555
33.978504,0.008549,0.032175,0.003099
34.008495,0.006699,0.034850,0.003956
34.038487,-0.000941,0.006616,0.018556
34.078475,0.006950,-0.004045,0.023579
34.108467,0.001934,-0.017624,0.000284
34.138458,0.015924,-0.028089,0.002373
34.178446,0.028472,-0.041449,-0.016585
34.208438,0.017134,-0.037805,-0.017482
34.238429,0.014236,-0.008789,0.006554
34.278417,0.001634,-0.003434,0.030063
34.308409,-0.007711,0.003036,0.030398
34.338400,-0.000825,0.016948,0.031803
34.378389,-0.000968,0.008782,0.027879
34.408380,0.029366,-0.009817,0.027854
34.438371,0.017900,-0.033560,0.020504
34.478360,0.017852,-0.017588,-0.001111
34.508351,0.031604,-0.008423,-0.002267
34.538342,0.005846,-0.026202,0.000775
34.578331,0.001297,-0.005721,0.018144
34.608322,0.019872,0.006009,0.026677
34.638313,0.008202,0.003314,0.030658
34.678302,0.016559,-0.006192,0.025718
34.708293,0.011116,0.005427,0.020718
34.738285,0.009104,-0.006412,0.012962
34.778273,0.019900,-0.018471,0.024942
34.808264,0.019664,-0.028275,0.028977
34.838256,0.025152,-0.029784,0.011806
34.878244,0.036204,-0.019993,0.011395
34.908235,0.018320,-0.019068,0.007056
34.938227,0.012482,-0.003143,0.011081
34.978216,0.011840,0.008165,0.025178
35.008208,0.000282,0.008897,0.020390
35.038199,0.021663,0.002107,0.024582
35.078187,0.034967,-0.015142,0.008878
35.108179,0.022780,-0.003127,0.022032
35.138170,-0.012390,-0.004526,0.012869
35.178158,0.012953,0.002518,0.001310
35.208150,0.002538,-0.009945,-0.006969
35.238141,0.004740,-0.016102,-0.001969
35.278130,0.028436,-0.013210,-0.003827
35.308121,0.021363,-0.015572,0.001583
35.338112,0.001475,-0.006175,0.016923
35.378101,0.009976,0.002002,0.018130
35.408092,0.009232,-0.006600,0.013846
35.438083,0.007249,0.000472,0.011819
35.478072,-0.010832,0.012470,0.000161
35.508063,0.009631,0.005940,0.004883
35.538054,0.012558,-0.008959,0.013714
35.578043,0.005219,-0.002483,0.010829
35.608034,0.022731,0.000487,0.005555
35.638026,0.010413,-0.004819,0.006351
35.678014,0.002690,-0.003059,0.019881
35.708005,0.003973,0.006422,0.022931
35.737997,0.002148,0.016578,0.014649
35.777985,-0.012652,0.017853,0.012705
35.807976,-0.012408,0.009020,-0.007584
35.837968,0.014945,0.021540,-0.011640
35.877956,0.017645,-0.005571,0.003638
35.907948,0.011893,-0.022992,0.028326
35.937939,0.007661,-0.010018,0.034810
35.977927,-0.006829,0.000077,0.006120
36.007919,0.038906,-0.019920,-0.015005
36.049158,0.053817,-0.043524,-0.017594
36.079150,0.038937,-0.022267,-0.007133
36.119138,-0.000987,0.050456,0.009442
36.149130,-0.040416,0.098659,0.016156
36.179121,-0.024059,0.085205,0.028228
36.209112,-0.009771,0.037777,0.030840
36.249101,0.001918,-0.008538,0.017255
36.279092,0.030858,-0.015538,0.007983
36.319080,-0.000934,0.011317,-0.013677
36.349072,0.014967,0.026746,-0.023095
36.379063,0.014729,0.031487,-0.034305
36.409055,-0.009380,0.034358,-0.035056
36.449043,0.016333,0.036617,-0.005519
36.479034,0.034715,0.032548,0.013575
36.519023,-0.008045,0.018533,0.048206
36.549014,-0.033945,0.030478,0.058188
36.579004,-0.009323,0.066859,0.042134
36.608995,0.019997,0.045425,0.042346
36.638986,0.009611,-0.031190,0.030837
36.678975,0.021807,-0.032093,-0.009187
36.708966,0.056320,-0.009215,-0.041433
36.738957,0.006277,-0.012706,-0.035691
36.778946,-0.029897,-0.000703,-0.017143
36.808937,0.024741,0.039236,-0.001367
36.838929,-0.025159,0.053408,0.012035
36.878917,-0.035994,0.037846,0.024088
36.908908,0.028180,0.023562,0.024825
36.938900,0.026424,0.001021,0.024452
36.978887,0.006816,-0.012908,0.020041
37.008878,0.011763,-0.009571,0.006430
37.038870,0.019179,0.006155,-0.018514
37.078858,-0.014357,-0.013068,0.007548
37.108850,0.017986,-0.033617,0.001387
37.138841,0.040369,-0.014887,0.003532
37.178829,0.008218,-0.025016,0.027512
37.208821,-0.013966,-0.013969,0.036247
37.238812,-0.008646,0.018349,0.009507
37.278800,0.007525,0.014791,0.007447
37.308792,-0.013366,-0.018457,0.018859
37.338783,0.011748,-0.033995,0.026584
37.378772,-0.000909,-0.008591,0.013108
37.408763,0.028736,-0.011883,0.008704
37.438754,0.039372,-0.036653,0.010591
37.478743,0.015604,-0.027543,0.007278
37.508734,0.016788,-0.001555,0.025220
37.538725,-0.006618,-0.003117,0.025326
37.578714,0.006181,0.010052,0.018055
37.608705,0.012133,-0.001454,0.008595
37.638696,0.027848,-0.029613,0.015897
37.678685,0.042289,-0.043698,0.010873
37.708676,0.024581,-0.019507,0.000214
37.738668,0.019396,-0.004621,0.006577
37.778656,0.000176,0.002227,-0.005726
37.808647,0.006877,0.008706,0.004327
37.838639,0.015307,-0.010542,0.012769
37.878627,0.036887,-0.022385,0.019228
37.908618,0.017859,-0.001713,0.023120
37.938610,-0.008327,0.005568,0.019519
37.978598,0.003687,0.014357,0.020258
38.008590,-0.000688,0.012181,0.006521
38.038581,0.000895,0.018329,0.010727
38.078569,-0.007050,-0.005806,0.001953
38.108561,0.000707,-0.013518,0.000210
38.138552,0.009489,-0.012355,-0.020863
38.178540,0.017901,-0.018120,-0.009637
38.208532,-0.008343,-0.013756,0.003898
38.238523,-0.010717,-0.007146,0.012792
38.278512,0.009783,-0.000235,0.013355
38.308503,0.014450,-0.010151,0.015097
38.338494,0.023409,-0.013530,0.017854
38.378483,-0.003922,-0.010039,0.013470
38.408474,-0.007351,0.012665,0.011592
38.438465,0.016782,0.017431,0.023344
38.478454,0.022501,-0.013353,0.028870
38.508445,0.025380,-0.007900,0.028077
38.538436,0.048413,0.001886,0.035320
38.578425,0.000149,0.004528,0.046141
38.608416,0.002806,-0.001205,0.018369
38.638408,0.044485,0.007658,0.020217
38.678396,-0.019416,0.011537,0.032486
38.708387,-0.006214,-0.004494,0.012976
38.738379,0.052391,-0.014237,0.001023
38.778367,-0.008864,0.003927,0.012011
38.808359,-0.063356,0.022614,0.007470
38.838350,-0.020460,0.015912,-0.001785
38.878338,-0.000119,0.005507,-0.023185
38.908330,0.034673,0.000286,-0.035230
38.938321,0.055024,-0.011029,-0.009900
38.978309,0.002084,-0.023434,0.027533
39.008301,0.008224,0.004786,0.033381
39.038292,0.004781,0.033235,0.025491
39.078280,0.005464,0.018174,0.009847
39.108272,0.028081,-0.010222,0.001430
39.138263,0.009230,-0.026786,-0.012501
39.178252,0.025328,-0.005557,-0.019629
39.208243,0.035163,0.017317,-0.024903
39.238234,0.004667,0.034703,-0.001712
39.278223,-0.007976,0.020527,0.016867
39.308214,0.034695,-0.006475,-0.005334
39.338205,0.049249,-0.021432,-0.003230
39.378194,-0.005184,-0.015940,0.004016
39.408185,-0.027828,0.006747,-0.007905
39.438177,-0.001884,0.023744,-0.009481
39.478165,-0.022848,-0.008506,-0.007461
39.508156,-0.035327,0.010785,-0.023532
39.538148,0.020059,0.030616,-0.022104
39.578136,0.008308,-0.015046,-0.015479
39.608127,-0.002973,-0.017122,0.004662
39.638119,0.021752,0.008374,-0.004238
39.678107,0.002773,0.039921,-0.010039
39.708099,-0.010117,0.026265,0.003266
39.738090,0.017776,-0.000165,0.014305
39.778078,-0.014460,0.033628,0.006220
39.808070,-0.010964,0.025345,-0.006913
39.838061,0.004984,0.006434,-0.003388
39.878049,0.002235,-0.001110,-0.006263
39.908041,0.013472,0.006206,-0.012603
39.938032,0.002871,0.011643,-0.007319
39.978025,-0.017283,0.010652,-0.007116
40.008016,0.002794,0.029488,-0.006275
40.050505,-0.032042,0.027152,0.005969
40.080497,-0.006344,-0.000848,0.000524
40.110488,0.025891,-0.008881,-0.010256
40.150477,0.018954,0.003438,-0.009023
40.180468,-0.005438,0.015568,0.007968
40.210459,-0.023591,0.015220,-0.003234
40.250448,0.003612,0.016412,0.002950
40.280439,0.004070,0.011821,0.000449
40.310430,0.007184,0.005222,0.009321
40.350419,-0.025027,-0.001135,0.008254
40.380410,-0.009348,0.004777,-0.008718
40.410401,0.016037,0.007899,-0.009000
40.450390,-0.012551,-0.001927,-0.011914
40.480381,-0.007459,0.009970,-0.000115
40.510373,0.012610,0.019696,0.027803
40.540364,-0.003911,-0.000940,0.028451
40.580352,-0.000964,0.004760,0.018549
40.610343,0.034326,0.007665,0.015605
40.640334,0.014674,-0.009813,0.007039
40.680323,0.013526,-0.022366,0.011853
40.710314,0.000892,-0.005935,0.020137
40.740306,0.003500,0.004150,0.011052
40.780294,0.005697,0.005434,0.021600
40.810285,-0.003882,-0.011666,0.012863
40.840277,0.012840,-0.011555,0.010506
40.880265,0.037596,0.012092,0.017167
40.910256,0.008459,0.002631,0.038588
40.940248,-0.009420,0.001764,0.038160
40.980232,0.029192,0.003980,0.016260
41.010224,0.025224,-0.003545,0.014307
41.040215,-0.000046,-0.022818,0.008788
41.080203,0.018106,-0.008411,0.006925
41.110195,-0.012697,-0.001731,0.002092
41.140186,-0.004057,0.004636,-0.001951
41.180174,0.013829,0.008072,0.013452
41.210166,-0.006496,-0.011262,0.019405
41.240157,0.012819,-0.004617,0.032875
41.280146,0.017417,0.000869,0.018549
41.310137,-0.000245,0.001437,0.022709
41.340128,0.002095,-0.008625,0.009710
41.380117,0.021896,0.007197,0.004799
41.410108,0.010334,-0.007731,-0.004500
41.440099,0.009292,-0.017384,0.021589
41.480088,0.001344,-0.019448,0.012291
41.510079,0.026713,-0.000600,0.004059
41.540070,0.019181,-0.015395,0.004445
41.580059,0.010090,-0.021454,0.028156
41.610050,0.033401,-0.010715,0.021485
41.640042,0.009536,0.002043,0.031108
41.680030,-0.002713,-0.001083,0.036945
41.710021,0.004354,0.003880,0.022466
41.740013,0.014203,0.004012,-0.000984
41.780001,0.007396,0.003546,0.000504
41.809993,-0.002013,-0.011501,0.007463
41.839984,-0.000050,-0.015987,0.010525
41.879972,0.025036,-0.004235,-0.000580
41.909964,0.018294,-0.005268,0.000978
41.939955,0.002310,-0.000336,0.014421
41.979945,0.027074,-0.019126,0.016985
42.009936,0.011385,0.004016,0.013735
42.039927,-0.015355,0.028465,0.007661
42.079916,-0.001892,0.018279,-0.001578
42.109907,-0.000718,0.014180,0.011111
42.139898,-0.001533,-0.009595,0.002553
42.179887,0.029300,-0.019188,0.007318
42.209878,0.017887,-0.014457,0.008319
42.239869,-0.010704,-0.000009,0.003512
42.279858,0.018571,-0.000072,-0.002101
42.309849,0.037716,-0.023956,0.008344
42.339841,0.024898,-0.036000,0.009035
42.379829,-0.010252,0.026382,0.007012
42.409820,-0.006377,0.042533,0.001280
42.439812,-0.016162,0.017233,-0.003045
42.479800,-0.000928,0.019537,0.006053
42.509792,0.059555,-0.008068,0.022308
42.539783,0.000429,-0.030528,0.029402
42.579771,0.013708,-0.004344,0.004482
42.609763,0.081836,0.001866,-0.015762
42.639754,0.022722,-0.013820,0.000123
42.679742,-0.038985,0.029656,-0.004946
42.709734,0.022951,0.067051,-0.012111
42.739725,-0.010888,0.044883,0.000686
42.779714,-0.034418,0.036145,0.020466
42.809705,0.010541,0.044698,0.010897
42.839696,0.006869,0.013716,0.007258
42.879685,0.030517,-0.006776,0.009257
42.909676,0.028518,-0.008942,-0.001846
42.939667,0.011984,0.005024,0.000377
42.979658,-0.002340,0.014551,0.006650
43.009649,-0.013542,0.009264,0.006006
43.039641,-0.012369,0.010851,-0.007840
43.079629,0.044524,0.015060,-0.004591
43.109620,0.008527,-0.001070,0.022353
43.139612,-0.026179,-0.024468,0.011523
43.179600,0.024552,0.019370,-0.018403
43.209592,0.005756,0.023324,-0.020082
43.249580,-0.031498,0.005373,0.002587
43.279571,0.006658,-0.001840,0.001738
43.309563,0.028274,0.007292,0.004226
43.339554,-0.014499,0.002121,0.003018
43.379543,0.017441,0.004463,0.006926
43.409534,0.019536,0.001323,0.021016
43.439525,-0.003717,-0.007161,0.025162
43.479514,-0.012029,0.016609,0.024887
43.509505,-0.013014,0.020202,0.017713
43.549493,-0.014825,0.011505,0.009783
43.579485,0.008979,0.002768,0.009872
43.609476,0.016997,-0.008695,0.005805
43.639467,0.002908,0.002303,0.010252
43.679456,0.003266,0.009986,0.019234
43.709447,0.018353,-0.012558,0.017939
43.749436,0.039929,-0.042659,0.029607
43.779427,0.066461,-0.064820,0.025114
43.809418,0.054787,-0.036875,0.012946
43.839410,0.012066,0.002165,0.001954
43.879398,-0.002258,0.027300,0.001565
43.909390,0.020342,0.025630,0.013136
43.949378,-0.033401,0.035065,0.029164
43.979366,-0.033615,0.041362,0.015478
44.009358,0.030257,0.022235,0.007997
44.051846,0.002280,-0.023854,0.012329
44.081838,-0.004716,-0.013262,0.014903
44.111829,0.033578,-0.004464,0.016051
44.151817,0.018221,-0.002860,0.031952
44.181809,0.012357,-0.005403,0.026348
44.211800,0.005318,0.005973,0.012537
44.251788,0.001707,0.020642,-0.001645
44.281780,0.003160,0.014411,-0.001552
44.311771,0.010028,0.006273,-0.008494
44.351760,0.011361,0.006043,0.004692
44.381751,0.020036,0.001894,0.008670
44.411742,0.019182,-0.017258,0.010925
44.451731,0.008359,-0.015697,0.006906
44.481722,0.027334,-0.005462,0.011947
44.511713,0.002331,-0.006093,0.007452
44.541705,-0.009764,0.005569,-0.002255
44.571694,0.020952,0.025867,-0.002105
44.611683,0.005092,-0.005236,0.021551
44.641674,-0.020478,-0.005633,0.020776
44.671665,0.004402,0.024200,0.000209
44.711654,0.027781,0.004323,-0.008742
44.741645,0.014808,-0.022839,0.013439
44.771637,0.000694,0.002008,0.025880
44.811625,-0.005726,0.008131,0.027416
44.841616,-0.023177,0.000542,0.019350
44.871608,-0.011222,-0.007509,-0.000594
44.911596,0.014116,-0.029446,-0.019148
44.941588,0.001137,-0.042363,-0.018203
44.971583,0.021164,-0.047106,-0.023147
45.011571,0.039346,-0.030791,-0.001089
45.041563,0.029980,-0.044112,0.023771
45.071554,0.019087,-0.035409,0.038291
45.111543,0.024985,0.014993,0.039371
45.141534,-0.004536,0.019502,0.033189
45.171525,-0.003552,0.020204,0.038277
45.211514,0.009608,-0.000164,0.016100
45.241505,0.005156,-0.002588,0.010230
45.271496,0.011644,0.006256,-0.004368
45.311485,-0.002459,-0.001344,-0.002552
45.341476,-0.003794,-0.004311,-0.000426
45.371467,0.021949,-0.000348,-0.006116
45.411456,0.013596,-0.009762,0.012225
45.441447,0.006747,-0.002531,0.023480
45.471439,0.031725,0.009552,0.025097
45.511427,0.007599,-0.005199,0.034230
45.541418,0.002481,-0.019657,0.026222
45.571410,0.019499,0.015038,0.005862
45.611398,-0.003166,0.011865,-0.004426
45.641390,0.004706,-0.014291,0.002102
45.671381,0.011422,-0.005602,-0.003757
45.711369,0.018612,0.013013,0.001460
45.741361,0.000577,0.008469,0.020192
45.771352,0.016238,-0.006916,0.032452
45.811341,0.015257,-0.007668,0.027384
45.841332,0.026163,-0.009504,0.014781
45.871323,0.020390,-0.002735,0.008694
45.911312,-0.003890,-0.002878,0.004770
45.941303,-0.009622,0.006826,0.007221
45.971290,-0.012180,0.017345,0.003982
46.011279,-0.004394,0.013465,0.002665
46.041270,0.021330,-0.003815,-0.006481
46.071261,0.035243,-0.015439,0.000845
46.111250,0.024597,-0.024563,0.020707
46.141241,0.003799,-0.008752,0.025884
46.171233,0.010861,-0.001002,0.014800
46.211221,-0.000227,0.010014,0.010672
46.241213,-0.017993,0.019363,-0.013541
46.271204,0.007427,0.022453,-0.007314
46.311192,-0.003214,0.004197,-0.012293
46.341184,0.015989,0.005980,-0.001256
46.371175,0.021677,0.001188,0.003076
46.411163,0.027251,-0.009818,0.011970
46.441155,0.010321,0.004911,0.006276
46.471146,0.025479,0.003902,-0.003343
46.511135,-0.004491,0.017293,0.004295
46.541126,-0.026815,0.021107,-0.002009
46.571117,0.015539,0.037211,-0.013138
46.611106,0.008968,0.025616,-0.008557
46.641097,-0.016791,0.009845,0.004382
46.671088,-0.000361,0.013741,0.007075
46.711077,0.006041,0.021809,-0.001027
46.741068,0.010602,0.010113,-0.004514
46.771060,0.005702,-0.001397,-0.005813
46.811048,-0.001193,0.014676,-0.007756
46.841039,0.017655,0.013137,-0.007061
46.871031,0.012857,0.013286,0.009531
46.911019,-0.012990,0.005995,0.002503
46.941011,0.006386,0.031003,0.005467
46.971002,0.012111,0.023706,-0.005593
47.010990,0.010064,0.006259,-0.000185
47.040982,0.015161,0.010831,0.006747
47.070973,0.007713,0.005229,0.004170
47.110961,0.003438,0.007304,0.003341
47.140953,-0.008507,0.020115,0.001875
47.170944,0.014988,0.008427,-0.003677
47.210933,0.008843,-0.015480,0.006364
47.240924,0.018708,0.000089,0.026522
47.270915,0.004957,0.000205,0.032572
47.310904,0.007891,-0.003405,0.010049
47.340895,0.021041,-0.000843,0.005131
47.370887,-0.006131,-0.015743,-0.001653
47.410875,-0.004528,-0.023138,-0.013317
47.440866,0.022183,-0.024447,-0.023563
47.470858,0.044898,-0.041568,0.003965
47.510846,0.014934,-0.047949,0.016239
47.540837,0.019280,-0.002628,0.022777
47.570829,0.001384,0.028378,0.038508
47.610817,-0.024243,0.022575,0.039441
47.640809,-0.002845,0.024507,0.028602
47.670800,0.014526,0.004871,0.028706
47.710788,0.005788,-0.035836,0.015981
47.740780,-0.011780,0.002782,0.009782
47.770771,-0.007712,0.019995,0.002863
47.810760,0.011560,-0.021229,0.021053
47.840751,-0.001324,-0.027561,0.013657
47.870742,0.015669,-0.000834,0.017662
47.910731,0.029406,-0.011006,0.010712
47.940722,0.012577,-0.022167,0.021167
47.970713,0.017414,-0.012905,0.023053
48.010702,0.001685,0.004878,0.031503
48.044444,-0.001227,-0.003096,0.012567
48.084432,0.031482,0.005465,0.004995
48.114424,0.005036,-0.004027,0.001814
48.144415,0.008010,-0.012001,0.015897
48.184404,-0.001824,-0.005527,0.007358
48.214395,0.012277,0.002002,0.000842
48.244386,0.013429,-0.002586,0.000104
48.284375,0.014753,-0.010031,0.007262
48.314366,0.004563,-0.007822,0.015050
48.344357,0.004394,0.001894,0.012574
48.384346,0.022475,0.004006,0.020748
48.414337,-0.004925,-0.000033,0.015327
48.444329,0.009779,-0.001308,0.005790
48.484317,0.020363,-0.001659,-0.000991
48.514308,0.003500,-0.007042,0.002988
48.544300,0.023027,-0.009648,0.000500
48.584288,0.000312,0.000440,0.008495
48.614279,-0.008266,-0.000749,-0.007074
48.644271,0.026036,0.006340,-0.002214
48.674262,0.009313,0.001031,0.003175
48.714250,0.013587,-0.008852,0.017245
48.744242,0.010251,0.007759,0.021003
48.774233,-0.001238,0.015059,0.020582
48.814222,0.016991,-0.004153,0.006252
48.844213,0.015410,-0.015865,0.001898
48.874204,0.006663,-0.008148,0.000860
48.914193,0.014552,0.007131,0.006018
48.944184,-0.007310,-0.004011,0.007242
48.974176,0.002769,-0.004460,0.015610
49.014165,0.016254,-0.008549,-0.002904
49.044156,0.017209,-0.006960,0.003714
49.074148,0.003715,0.010182,0.014202
49.114136,0.000464,0.004736,0.006677
49.144127,0.017075,0.003150,0.014508
49.174119,-0.000381,0.004398,0.015167
49.214107,0.009727,0.011053,-0.000462
49.244099,0.010710,0.001748,-0.002229
49.284087,-0.004674,-0.010629,-0.002612
49.314078,0.013003,0.005197,-0.003916
49.344070,0.021828,-0.001037,0.004786
49.384058,0.008208,-0.005922,0.002433
49.414050,0.015490,0.015098,0.001884
49.444041,0.006012,0.010293,-0.001399
49.474032,-0.011285,0.018156,0.001589
49.514021,0.015640,0.005338,-0.004726
49.544012,0.025371,0.012047,-0.003926
49.584001,-0.012245,0.010359,-0.001174
49.613992,-0.003210,0.015245,-0.005392
49.643983,0.013111,0.021383,-0.012625
49.673975,0.011796,0.018508,-0.007508
49.713963,-0.006529,0.016801,0.011257
49.743954,-0.011223,0.009332,0.008239
49.783943,0.016821,0.010146,-0.003367
49.813934,0.008608,0.007621,-0.011777
49.843926,0.016169,0.008666,-0.005954
49.873917,0.017790,0.009183,0.005277
49.913905,-0.019480,0.023115,0.009717
49.943897,0.002547,0.034765,0.005463
49.983888,0.001912,0.011654,0.005487
50.013880,-0.015860,0.009837,-0.005803
50.043871,0.024095,0.019470,-0.016222
50.083859,0.016109,-0.000565,-0.008284
50.113851,-0.021453,-0.002623,-0.004008
50.143842,0.002493,0.016218,-0.002793
50.183831,0.007661,0.028795,-0.000403
50.213822,-0.005743,-0.001313,0.009681
50.243813,0.014384,-0.007472,-0.001618
50.283802,0.032071,0.014261,-0.002107
50.313793,0.004883,0.016364,0.012962
50.343784,-0.001912,0.016680,0.029751
50.383773,-0.007726,0.029666,0.018622
50.413764,0.002323,0.020839,0.016901
50.443756,-0.001632,0.003862,0.012950
50.483744,0.011655,-0.011903,0.015945
50.513735,0.014215,-0.021461,0.005433
50.543727,0.012673,-0.026960,-0.006332
50.583715,0.021313,-0.015678,0.003810
50.613707,0.007856,-0.014434,0.015291
50.643698,0.001342,-0.010733,0.035983
50.683686,0.005387,-0.001386,0.028310
50.713678,0.018324,0.004308,0.024045
50.743669,0.022514,-0.002808,0.020742
50.783657,-0.000605,-0.021642,0.009956
50.813649,0.014409,-0.019368,0.006049
50.843640,0.024345,-0.020743,0.003752
50.883629,0.012115,-0.027878,0.012804
50.913620,0.024525,-0.030597,0.007126
50.943611,0.005725,-0.011545,0.010813
50.983600,0.010394,-0.011732,0.015600
51.013591,0.025949,-0.018806,0.023223
51.043582,0.009612,-0.007247,0.024201
51.083571,0.015880,-0.007346,0.011083
51.113562,0.017885,-0.007893,0.011214
51.143554,0.021624,-0.011956,0.012820
51.183542,0.023830,-0.022242,0.005919
51.213533,0.018438,-0.017953,0.012367
51.243525,0.019020,-0.014922,0.010523
51.283513,0.043460,-0.031969,0.003732
51.313505,-0.002876,-0.018670,0.004872
51.343496,-0.015306,0.007857,-0.006071
51.383484,0.045344,0.004076,0.006350
51.413476,0.002905,-0.022263,0.026082
51.443467,-0.010960,-0.008791,0.025105
51.483456,0.034918,0.018975,0.004380
51.513447,0.019931,-0.006518,0.003571
51.543438,-0.006255,-0.022461,0.009186
51.583427,0.021527,0.000637,-0.008630
51.613418,0.027824,0.000924,0.001103
51.643409,-0.001996,-0.021446,0.010855
51.683398,0.015115,-0.010349,0.017083
51.713389,0.014704,-0.004178,0.007474
51.743381,-0.004735,-0.002388,0.011563
51.783369,0.019453,-0.014627,0.028669
51.813360,0.006948,-0.022085,0.009653
51.843352,0.018483,-0.006579,0.009754
51.883340,0.000658,-0.004816,0.001221
51.913332,0.001625,-0.002022,-0.000894
51.943323,0.016013,0.012793,0.010430
51.983307,0.007143,-0.008298,0.022903
52.013299,-0.007870,-0.003501,0.016170
52.044540,0.022906,0.011471,0.017064
52.084528,0.022971,-0.011096,0.009500
52.114520,0.004279,-0.005128,0.013093
52.144511,0.015265,0.005465,0.011148
52.184500,-0.015466,0.028311,0.011680
52.214491,0.003742,0.008628,0.013173
52.244482,0.018347,-0.000424,0.019745
52.284471,0.005229,0.006100,0.009987
52.314462,0.019929,0.001401,0.004408
52.344453,0.013940,-0.013353,-0.006302
52.384442,0.019555,0.001196,-0.002184
52.414433,0.022804,0.005583,-0.010362
52.444425,0.002910,0.005008,-0.010887
52.484413,0.014490,0.016472,-0.010819
52.514404,0.003487,0.022598,-0.012049
52.544396,-0.010251,0.034625,-0.000823
52.574386,-0.003010,0.031841,-0.002310
52.604377,0.014335,0.024473,-0.001861
52.644365,-0.034046,0.023170,0.000241
52.674357,-0.006299,0.024170,-0.018492
52.704348,0.039544,0.012362,-0.010108
52.744337,-0.023426,0.003967,0.005043
52.774328,-0.010639,0.027316,0.000636
52.804319,0.034733,0.016932,-0.000058
52.844308,-0.007879,0.008987,0.005742
52.874299,0.009240,0.033884,-0.003453
52.904290,0.029149,0.036956,-0.000449
52.944279,-0.027179,0.024770,0.019294
52.974270,-0.027396,0.032993,0.008901
53.004262,0.023862,0.034252,-0.004151
53.044250,-0.001241,0.014654,-0.008471
53.074241,-0.024953,0.014962,0.001089
53.104233,-0.006407,0.020172,0.003816
53.144221,-0.008100,0.026636,0.006822
53.174213,-0.022825,0.031414,0.003663
53.204204,-0.004654,0.030247,0.003828
53.244192,0.019282,0.002274,-0.007038
53.274184,0.024468,-0.000883,0.000752
53.304175,0.014267,0.016737,0.002483
53.344164,0.000656,0.040501,0.035325
53.374155,-0.003702,0.014574,0.033224
53.404146,0.006257,0.014668,0.018330
53.444135,0.004311,0.024617,-0.004500
53.474126,0.000163,0.006689,-0.007400
53.504117,0.003857,-0.011146,-0.007122
53.544106,0.013732,-0.009836,-0.013811
53.574097,0.011111,0.015675,-0.006827
53.604089,-0.005389,0.028868,0.000598
53.644077,-0.002224,0.026848,0.021069
53.674068,0.007683,0.024609,0.034412
53.704060,-0.013302,0.027783,0.029897
53.744048,0.003240,0.029290,0.009623
53.774039,0.014512,0.021283,-0.006761
53.804031,0.005209,0.030977,-0.013288
53.844019,0.005303,0.031994,-0.001185
53.874011,-0.022025,0.019403,0.006474
53.904002,-0.010990,0.032167,-0.003399
53.943990,0.054603,0.025130,-0.007535
53.973987,0.000823,0.011410,0.003882
54.003978,-0.013575,0.031219,0.027863
54.043967,0.013668,0.043938,0.041490
54.073958,-0.023497,0.025286,0.032965
54.103949,-0.003103,-0.001217,0.037248
54.143938,0.027957,-0.053291,0.001500
54.173929,0.016933,-0.073528,-0.036546
54.203920,0.022223,-0.047830,-0.041262
54.243909,-0.046776,0.029733,0.006189
54.273900,-0.085823,0.043036,0.038237
54.303892,-0.048104,0.047466,0.027497
54.343880,0.010488,0.033228,0.019782
54.373871,0.020137,-0.025301,0.022141
54.403863,0.045495,-0.047702,0.023395
54.443851,0.044846,-0.009366,0.034798
54.473843,0.002237,-0.000819,0.030119
54.503834,0.017188,0.008663,0.029237
54.543822,0.002561,0.026248,0.025213
54.573814,0.014358,-0.006615,0.036485
54.603805,0.020516,-0.023511,0.029828
54.643794,0.015913,-0.009143,-0.001445
54.673785,0.039127,-0.020183,-0.001512
54.703776,0.007225,-0.019471,0.021410
54.743765,0.011808,-0.002102,0.039243
54.773756,0.046786,-0.002812,0.047789
54.803747,0.013285,-0.021829,0.042964
54.843736,0.016832,-0.010870,0.020905
54.873727,0.037041,0.006513,0.013028
54.903718,0.023808,-0.008575,0.012758
54.943707,-0.012910,0.005007,0.029330
54.973694,0.001792,0.006513,0.009594
55.003686,0.041063,-0.019152,-0.005449
55.043674,0.001573,-0.023279,0.004116
55.073665,0.000387,-0.016115,0.000366
55.103657,0.016385,-0.011426,0.002335
55.143645,0.018259,-0.011689,0.002184
55.173637,0.041249,-0.025466,0.021192
55.213625,0.007685,-0.042681,0.019403
55.243616,0.019532,-0.019534,-0.003074
55.273608,0.068471,-0.011965,-0.001120
55.313596,0.024134,-0.047258,0.013742
55.343588,0.027489,-0.023425,0.024569
55.373579,0.004242,0.014109,0.014628
55.403570,-0.020980,0.015107,0.010787
55.443559,0.016835,-0.026253,0.010776
55.473550,0.023342,-0.039792,0.004971
55.503541,0.014515,-0.021446,0.012637
55.543530,0.008089,-0.015923,0.007409
55.573521,0.009196,-0.012227,0.012932
55.603512,0.001324,0.002291,0.020005
55.643501,-0.008959,0.007877,0.014112
55.673492,0.015815,0.004803,0.014451
55.713481,0.005104,-0.005891,0.011361
55.743472,0.010888,-0.016523,0.002766
55.773463,0.030748,-0.010917,0.006995
55.803455,0.004703,-0.015170,0.007710
55.843443,0.016425,-0.016326,0.017277
55.873435,0.031104,-0.008022,0.019846
55.913423,-0.011037,-0.003966,0.003949
55.943414,0.025007,-0.006161,0.013904
55.973406,0.018090,-0.023124,0.012018
56.013394,0.008131,-0.019425,0.015532
56.047136,0.025651,-0.000741,0.024635
56.077127,-0.004828,-0.013544,0.013192
56.117116,0.005804,-0.000180,0.018066
56.147107,0.006792,0.007389,-0.004987
56.177098,0.019617,-0.009375,0.005318
56.217087,0.005540,-0.036108,0.006509
56.247078,0.021737,-0.019282,0.015486
56.277070,0.016879,-0.006733,0.019568
56.317058,-0.009372,-0.011877,0.019092
56.347049,0.004552,-0.005362,0.012149
56.377041,0.011251,-0.003418,-0.001318
56.417029,0.016758,-0.023485,0.003572
56.447020,0.001192,-0.009310,0.005263
56.477012,-0.011299,0.022243,0.012719
56.517000,0.002018,-0.001715,0.006532
56.546992,-0.001148,-0.004265,-0.000496
56.576983,0.007440,0.010936,0.002786
56.606972,0.021843,-0.001811,0.017293
56.636963,0.015015,-0.028251,0.012643
56.666955,0.034822,-0.028436,0.014406
56.706943,0.020335,-0.011927,0.013325
56.736934,-0.003166,-0.014980,0.002231
56.766926,0.000487,-0.014268,-0.001499
56.806914,0.011105,-0.005522,-0.018098
56.836905,0.023652,-0.006581,-0.005583
56.866897,-0.017096,-0.013831,0.009479
56.906885,0.025721,-0.008821,0.003252
56.936877,0.038828,-0.008017,0.006958
56.966867,0.006543,-0.017405,-0.001336
57.006855,0.021438,-0.009183,0.000515
57.036847,0.039090,-0.018201,-0.002252
57.066838,0.010131,-0.018841,0.011494
57.106827,-0.008874,0.014081,0.011142
57.136818,0.023983,0.011622,0.004984
57.166809,0.022484,-0.013861,0.009305
57.206798,-0.019392,-0.001717,0.022470
57.236789,-0.013269,0.030063,0.005749
57.266780,0.001737,0.031332,-0.001090
57.306769,0.004093,-0.013964,0.002906
57.336760,0.036036,-0.020816,0.006884
57.376749,0.030872,-0.018528,0.017827
57.406740,0.003041,-0.010570,0.021703
57.436731,0.000364,0.011615,0.022429
57.476720,-0.006359,0.032700,0.006406
57.506711,0.004992,0.009620,0.012716
57.536703,-0.009244,-0.012640,0.012753
57.566694,0.003557,-0.005267,0.011543
57.606682,0.024128,-0.001599,0.004755
57.636674,0.007353,-0.005836,0.014396
57.676662,-0.007354,0.007298,0.014063
57.706654,0.026637,-0.001950,-0.003802
57.736645,0.036793,-0.024208,0.007258
57.776633,0.006155,-0.014035,0.007321
57.806625,0.037453,-0.001877,0.009990
57.836616,0.037672,-0.002288,0.023013
57.866607,-0.016098,-0.004788,0.029317
57.906596,-0.003374,0.004943,0.007739
57.936587,0.025961,0.014545,-0.020963
57.966580,0.018296,-0.004413,-0.023898
58.006568,0.000064,-0.017636,-0.018839
58.036559,0.006407,0.007762,-0.034547
58.066551,0.080567,0.002270,-0.045944
58.106539,0.039625,0.001272,-0.007082
58.136531,-0.049699,0.060010,0.023366
58.166522,-0.060405,0.095278,0.033403
58.206510,0.014833,0.029972,0.042877
58.236502,-0.007909,-0.022868,0.040662
58.266493,0.006450,-0.031415,0.007175
58.306482,0.052992,-0.019213,-0.032358
58.336473,-0.011748,0.002283,-0.032454
58.366464,-0.044342,0.032745,-0.018109
58.406453,-0.003242,0.036037,0.006049
58.436444,0.003771,0.010175,0.023038
58.466435,0.022792,-0.000049,0.025936
58.506424,0.037385,-0.006298,0.025313
58.536415,0.008518,-0.010162,0.018607
58.576404,0.031774,-0.005634,0.016470
58.606395,0.037726,-0.006379,0.030793
58.636386,-0.015138,-0.004686,0.036422
58.666378,-0.033231,0.017596,0.009243
58.706366,0.008782,0.047212,-0.014684
58.736358,-0.019478,0.023043,-0.001758
58.766349,-0.018041,-0.013049,0.007983
58.806337,0.035084,-0.011185,0.007954
58.836329,0.027312,-0.025289,0.013658
58.866320,0.010721,-0.041096,0.004058
58.906308,0.034654,-0.007768,0.002037
58.936300,0.021783,-0.011066,0.007154
58.976290,0.010436,-0.003760,0.026733
59.006282,0.004471,0.011835,0.023734
59.036273,-0.000677,0.010119,0.009099
59.076261,0.015841,-0.001647,0.010453
59.106253,0.004832,-0.017153,0.002140
59.136244,0.016422,-0.024423,-0.006376
59.176233,0.024387,-0.010645,-0.000247
59.206224,0.006529,-0.008228,-0.002638
59.236215,-0.001201,-0.003994,0.006525
59.276204,0.015005,0.009025,0.011358
59.306195,0.018543,-0.003903,0.021552
59.336186,0.023747,-0.007878,0.036494
59.376175,0.024803,-0.006885,0.038226
59.406166,0.008459,-0.000726,0.040747
59.436158,0.024502,-0.000491,0.022148
59.476146,0.028102,-0.014124,0.009559
59.506137,-0.005794,-0.009534,-0.001618
59.536129,0.006679,0.006037,-0.005980
59.576117,0.017520,-0.018807,-0.007524
59.606109,0.002850,-0.021873,0.000458
59.636100,0.016693,-0.006047,0.009467
59.676088,0.011316,-0.020056,0.010104
59.706080,0.012223,-0.017361,0.018687
59.736071,0.000546,-0.000709,0.020480
59.776060,-0.005547,0.005463,0.014542
59.806051,0.012047,-0.005062,0.008502
59.836042,0.008732,-0.003201,-0.001837
59.876031,0.013261,-0.001308,0.003446
59.906022,0.022539,-0.010701,0.010931
59.936013,0.008307,-0.026349,0.008655
59.976000,0.026731,-0.010772,0.003051
60.005991,0.029197,-0.007043,0.010854
60.045982,0.010607,-0.020772,0.011266
60.075974,0.026909,-0.005816,0.011829
60.115962,-0.003521,0.013329,0.004790
60.145953,-0.016278,0.016051,0.006711
60.175945,-0.004324,0.008559,0.002966
60.215933,-0.002198,0.003492,0.000977
60.245925,0.005088,0.003841,0.000049
60.275916,0.019023,0.005202,0.012127
60.315904,0.011301,-0.018877,0.013007
60.345896,0.008203,-0.012218,0.008176
60.375887,0.021080,-0.008042,0.013441
60.415875,0.007042,-0.004143,0.006821
60.445867,0.000580,0.003483,0.004824
60.475858,0.009492,0.005261,0.002818
60.515847,-0.012307,0.002884,-0.000415
60.545838,-0.009980,-0.001569,0.000394
60.575829,0.010808,-0.012725,-0.006207
60.605819,0.004102,0.000049,-0.012579
60.635810,0.018354,-0.004680,0.001144
60.675799,0.012677,-0.024423,0.031149
60.705790,-0.001733,-0.002572,0.025413
60.735781,-0.006078,0.023931,0.006796
60.775770,-0.028907,0.016682,-0.053077
60.805761,0.038074,0.009387,-0.054140
60.835753,0.051386,-0.027334,-0.021332
60.875741,0.014334,-0.058183,0.014725
60.905732,0.037236,-0.018733,0.052846
60.935724,-0.017446,0.032610,0.030420
60.975715,0.004731,0.046171,0.029795
61.005706,0.041422,-0.013568,0.020786
61.035698,0.024859,-0.039725,0.006722
61.075686,-0.003380,0.030511,-0.060785
61.105678,0.050855,0.041339,-0.090958
61.135669,0.069201,0.003465,-0.068494
61.175658,-0.031954,0.018276,-0.011775
61.205649,-0.037166,0.068684,0.025669
61.235640,-0.043449,0.102234,0.037111
61.275629,-0.046485,0.086934,0.034040
61.305620,-0.030515,0.067637,0.023851
61.335611,0.063412,0.040360,0.000711
61.375600,0.081716,-0.041494,0.023572
61.405591,0.057706,-0.080498,0.031486
61.445580,0.061079,-0.045705,0.031741
61.475571,0.034816,-0.005111,0.036421
61.505562,0.001719,0.018491,0.026317
61.535554,0.007897,0.030349,0.034189
61.575542,-0.027813,0.023352,0.024458
61.605533,0.007936,0.028446,0.035997
61.645522,0.009384,-0.011603,0.029302
61.675513,-0.009849,-0.016993,0.020854
61.705505,0.019007,0.015134,0.010010
61.745493,0.002246,0.016967,-0.011734
61.775484,0.006850,0.009932,0.017965
61.805476,0.027124,-0.014211,0.042208
61.845464,-0.028849,0.008854,0.028495
61.875456,0.011383,0.027113,0.005912
61.905447,0.043601,0.013675,-0.005395
61.945435,-0.027422,-0.000933,-0.003919
61.975423,-0.021737,0.021749,-0.014516
62.005414,0.020931,0.034165,-0.010540
62.045403,-0.032332,0.011715,0.016362
62.075394,-0.007420,0.004058,0.016300
62.105385,0.034580,0.008113,0.020456
62.145374,-0.026561,-0.000887,0.020496
62.175365,-0.052258,-0.025493,0.013857
62.205356,0.026805,0.031134,0.008053
62.245345,0.007535,0.016748,0.006241
62.275336,-0.015641,-0.021997,0.017750
62.305328,-0.008925,0.008000,0.009765
62.345316,-0.003767,0.035103,-0.013744
62.375307,0.000966,0.002744,-0.003515
62.405299,0.012245,-0.014784,0.001409
62.445287,0.016234,0.005688,0.006146
62.475279,0.000949,0.002822,0.020787
62.505270,0.018052,-0.006492,0.018667
62.545258,-0.000387,0.011791,0.015410
62.575250,-0.024275,0.031810,0.003968
62.605241,0.004253,0.014554,0.004057
62.645230,-0.010485,0.007381,-0.000811
62.675221,0.015070,0.004860,-0.000182
62.705212,0.018524,-0.014313,0.000332
62.745201,0.019692,-0.019149,0.022762
62.775192,0.029100,-0.014954,0.020900
62.805183,0.018941,-0.010833,0.020279
62.845172,0.006035,0.002177,0.017156
62.875163,0.018708,-0.000292,0.015050
62.905155,0.002240,-0.002633,0.012162
62.945143,-0.005563,0.012327,0.010602
62.975134,0.014391,0.003475,0.006378
63.005126,0.003726,-0.004677,0.009531
63.045114,0.014335,-0.011388,0.010655
63.075106,0.005050,-0.005018,-0.007278
63.105097,0.018903,-0.004380,0.001031
63.145085,0.017641,-0.028908,0.020502
63.175077,0.001029,-0.019596,0.018633
63.205068,0.021442,0.022315,0.025310
63.245057,0.012035,-0.001380,0.027988
63.275048,-0.005665,-0.018655,0.028252
63.305039,0.000315,0.014280,0.002575
63.345028,0.025867,0.019197,-0.009967
63.375019,-0.007399,-0.007513,0.005548
63.405010,-0.016858,-0.000039,-0.004412
63.444999,0.045451,0.014371,0.010093
63.474990,0.001763,-0.025410,0.016141
63.504982,-0.002492,-0.009616,0.017199
63.544970,0.014549,0.018856,0.003010
63.574961,-0.034275,0.004219,-0.013579
63.604953,-0.004945,0.013418,-0.009124
63.644941,0.015050,-0.010448,0.007202
63.674933,-0.019239,-0.016083,0.016926
63.704924,0.012324,0.006742,0.018810
63.744912,0.023249,-0.002091,0.006126
63.774904,0.004867,-0.017424,0.012233
63.804895,0.017170,-0.008343,0.021139
63.844884,0.000279,-0.001551,0.003820
63.874875,-0.009857,0.007262,0.001428
63.904866,0.006487,0.008278,-0.008480
63.944855,0.045837,-0.028864,0.011176
63.974850,0.009157,-0.022469,0.014319
64.004841,0.013147,0.002992,0.010959
64.049830,0.015746,0.013016,0.010172
64.079822,-0.026044,0.014476,-0.000725
64.109813,-0.005597,0.025517,0.003036
64.149801,0.028362,0.002422,0.003775
64.179793,0.000230,-0.012573,0.012578
64.209784,-0.003389,-0.002578,0.016182
64.249773,0.035826,-0.014063,0.007364
64.279764,0.011218,-0.012406,0.004483
64.309755,-0.003474,0.002275,0.002967
64.349744,0.007867,-0.000489,0.003226
64.379735,-0.011973,0.007795,-0.004017
64.409727,-0.000412,0.011449,-0.006726
64.449715,0.014386,-0.008718,0.005284
64.479706,-0.003762,-0.016750,0.007139
64.509698,0.013787,-0.002347,0.000953
64.549686,0.010328,-0.003038,-0.010762
64.579676,0.002798,0.000263,-0.000772
64.609667,-0.001040,-0.002803,-0.002373
64.639659,-0.000862,0.001140,-0.009584
64.679647,0.021603,-0.007546,0.006632
64.709639,0.014970,-0.019607,0.012392
64.739630,0.003875,0.001241,0.020116
64.779619,0.000250,0.020628,0.013309
64.809610,0.019983,0.007805,0.008346
64.839601,0.015534,-0.004185,0.010049
64.879590,-0.006952,0.000295,0.016929
64.909581,0.005657,0.006364,0.003417
64.939572,0.008809,0.007305,0.004378
64.979561,0.015247,-0.015736,-0.008033
65.009552,0.015132,-0.017113,-0.004318
65.039544,0.010217,-0.007349,0.000291
65.079532,0.001639,-0.004517,0.011493
65.109523,-0.002645,-0.001089,0.012403
65.139515,-0.005260,0.002795,0.008122
65.179503,-0.000763,0.012620,-0.002966
65.209495,0.005720,-0.004646,0.003455
65.239486,-0.002877,-0.015995,0.006252
65.279474,0.009668,0.000456,0.004454
65.309466,0.012817,0.004538,0.003221
65.339457,-0.001786,-0.002517,0.005207
65.379446,0.011071,-0.008164,0.007024
65.409437,0.025917,-0.005090,0.015164
65.439428,0.019653,-0.018874,0.021644
65.479417,0.000919,-0.001808,0.019732
65.509408,0.000268,0.008540,0.008754
65.539400,0.009126,0.000087,-0.002228
65.579388,0.002587,-0.010804,-0.001494
65.609379,-0.007107,0.010039,0.000007
65.639371,-0.001948,0.009440,0.006094
65.679359,-0.001279,-0.011398,0.013849
65.709351,0.020580,-0.012150,0.015810
65.739342,0.016953,-0.005734,0.002325
65.779330,0.010848,-0.002402,0.008569
65.809322,0.017210,-0.010358,0.017370
65.839313,0.010219,-0.003307,0.012700
65.879302,-0.000121,0.012361,0.009948
65.909293,-0.000087,-0.001478,-0.000948
65.939284,-0.003858,-0.004398,-0.002247
65.979269,0.001984,0.003971,0.005806
66.009260,0.005103,-0.019705,0.008097
66.039251,-0.001164,-0.019957,0.016385
66.079240,-0.006496,-0.000583,0.007258
66.109231,0.002562,0.003435,-0.011149
66.139223,-0.004502,-0.001060,-0.000221
66.179211,-0.011703,-0.004722,-0.009050
66.209203,0.020533,-0.011865,-0.003900
66.239194,0.003974,-0.022648,0.003465
66.279182,-0.015760,-0.016248,0.024285
66.309174,0.002143,-0.019609,0.020224
66.339165,0.014277,-0.025224,0.004608
66.379154,0.009257,-0.004980,0.001116
66.409145,-0.007759,0.005323,0.012947
66.439136,-0.008555,-0.008734,0.014786
66.479125,-0.006413,0.002201,0.005548
66.509116,0.006796,0.012885,-0.007583
66.539107,0.007227,-0.010148,-0.000729
66.579096,-0.004853,-0.007262,0.001550
66.609087,0.017606,0.005004,0.003661
66.639079,0.008792,0.000829,0.005060
66.679067,-0.019820,0.011762,0.003151
66.709058,0.006152,0.023631,0.006309
66.739050,0.008213,0.016956,0.018331
66.779038,0.002474,0.003384,0.028740
66.809030,0.017910,0.005485,0.014065
66.839021,0.017894,0.013801,-0.008485
66.879010,-0.004164,0.024057,-0.001785
66.909001,-0.016196,0.013475,-0.000417
66.938992,0.004715,0.011341,0.002551
66.978982,0.006478,0.027891,-0.005840
67.008973,0.002204,0.017219,-0.015526
67.038964,0.003222,0.003409,-0.013444
67.078953,0.007597,0.018866,0.002635
67.108944,0.003848,0.033296,0.009351
67.138936,0.000513,0.022776,0.021171
67.178924,0.012136,-0.001248,0.015674
67.208915,0.025755,0.016447,0.002906
67.238907,0.013550,0.027895,0.001362
67.278895,-0.007045,0.004299,0.018445
67.308887,0.004992,0.004056,0.010944
67.338878,0.020735,0.009232,-0.002736
67.378867,0.027081,-0.015892,0.013356
67.408858,0.010144,-0.023328,0.017174
67.438849,-0.005967,0.010951,0.018917
67.478838,0.024921,0.024569,0.023698
67.508829,-0.001872,-0.009954,0.020140
67.538820,-0.017847,-0.008711,0.017055
67.578809,0.007030,0.021345,0.000825
67.608800,0.001147,0.010787,-0.006599
67.638792,-0.005726,-0.004337,0.016685
67.678780,0.006875,-0.014735,0.015460
67.708771,0.026751,-0.005809,0.027919
67.738763,0.013971,-0.027077,0.031082
67.778751,-0.007601,-0.003491,0.015971
67.808743,0.000162,0.015593,0.008676
67.838734,-0.010361,0.012647,-0.009638
67.878723,0.015455,0.000628,0.009966
67.908714,0.020617,-0.006154,0.017682
67.938705,0.003781,-0.004938,0.021744
67.978694,0.013399,-0.004781,0.014253
68.008685,0.020463,-0.003360,0.012784
68.049925,-0.005495,-0.010125,0.009660
68.079916,0.005885,0.006581,0.007480
68.109907,0.004639,0.004788,0.010079
68.149896,-0.001845,-0.001407,0.001706
68.179887,0.018614,-0.005890,-0.001351
68.209879,0.017958,-0.002503,0.005633
68.249867,0.006329,-0.017147,0.024215
68.279858,0.015815,-0.003898,0.017024
68.309850,0.012514,0.018072,0.018486
68.349838,-0.021513,0.000891,0.003485
68.379830,0.003484,0.012071,-0.000424
68.409821,0.008420,0.008374,-0.002668
68.449809,-0.007056,-0.006073,0.009741
68.479801,0.015405,-0.009832,0.003254
68.509792,0.011552,-0.014175,0.015209
68.549781,-0.004487,0.006542,0.011586
68.579771,0.019225,0.007464,0.019878
68.609762,-0.002858,-0.002585,0.011249
68.639753,-0.001923,-0.002416,0.006872
68.679742,0.024527,0.010278,-0.017325
68.709733,0.019904,-0.007907,-0.002847
68.739725,0.015585,-0.020626,0.022071
68.779713,0.004091,0.000719,0.020720
68.809704,0.017577,0.006726,0.013795
68.839696,0.009370,-0.002892,0.001092
68.879684,-0.005957,-0.000079,0.001250
68.909676,0.003601,0.009001,0.001202
68.939667,0.002675,0.003823,0.008257
68.979658,-0.015876,-0.001311,0.000551
69.009650,0.023261,-0.002248,-0.003668
69.039641,0.022884,-0.006789,-0.003790
69.079630,0.015840,-0.008972,0.006984
69.109621,0.013381,0.001946,0.011366
69.139612,-0.007540,0.013154,0.014605
69.179601,0.007911,0.011195,0.014509
69.209592,0.002896,0.000400,0.009125
69.239584,-0.008747,0.009925,-0.000899
69.279572,0.014402,0.007837,-0.009656
69.309563,0.016898,-0.000612,0.000982
69.339555,0.000509,-0.009923,0.013299
69.379543,0.037608,-0.014167,0.021099
69.409535,0.014376,-0.010286,0.017564
69.439526,0.017989,-0.004193,0.006820
69.479514,0.012694,0.006851,0.001183
69.509506,-0.011815,0.007375,0.001057
69.539497,0.002270,0.007796,0.004576
69.579486,0.014705,0.001852,0.008714
69.609477,-0.010046,0.005348,0.010783
69.639468,0.014694,0.000552,0.009211
69.679457,0.019103,-0.016623,-0.003433
69.709448,0.012611,0.002678,-0.007379
69.739440,0.017945,0.012772,-0.005673
69.779428,0.000265,0.002492,0.012694
69.809419,-0.009848,0.000852,0.003953
69.839411,0.019045,0.014779,0.007058
69.879399,0.004513,0.020718,0.004537
69.909391,-0.005808,0.024351,0.006145
69.939382,0.011206,0.018122,0.017700
69.979366,0.007037,0.002874,0.013321
70.009358,-0.001627,0.016681,0.010872
70.039349,-0.004516,0.029691,-0.021764
70.079338,0.010786,0.017964,-0.017493
70.109329,-0.013056,-0.005230,-0.003623
70.139320,0.003191,0.008154,0.003875
70.179309,0.010349,0.025884,0.007077
70.209300,0.004857,0.004996,0.015050
70.239291,0.007234,0.013042,0.020328
70.279280,0.003994,0.022724,-0.001448
70.309271,-0.006529,0.009271,0.003233
70.339263,-0.003677,0.009925,-0.006365
70.379251,0.022086,-0.001737,-0.024648
70.409242,0.023891,0.005783,-0.014125
70.439234,0.003348,0.007925,0.007848
70.479222,0.008892,0.010584,0.003454
70.509214,0.026203,0.015658,0.002564
70.539205,-0.018864,0.018182,-0.013154
70.579193,0.031128,0.011801,-0.001899
70.609185,0.014530,0.012566,0.046358
70.639176,-0.069997,0.005845,0.061449
70.679165,-0.038248,0.030520,-0.041018
70.709156,0.007812,0.074452,-0.074301
70.739147,0.008510,0.024627,-0.037044
70.779136,0.018700,-0.049330,0.026382
70.809127,0.042794,-0.045696,0.012076
70.839118,0.027142,0.011707,-0.045405
70.879107,-0.054014,0.089706,-0.003829
70.909098,-0.073571,0.070635,0.018082
70.939090,-0.076877,0.044778,0.026741
70.979078,0.005448,0.030358,0.007220
71.009070,-0.004531,0.053947,0.002823
71.039061,0.040190,0.057786,0.023187
71.079049,0.028246,0.047884,0.064392
71.109041,-0.004789,0.047736,0.086787
71.139032,-0.011268,0.038756,0.082951
71.179020,0.050223,0.029390,0.016648
71.209012,0.060945,0.017312,0.017207
71.239003,0.015193,-0.004120,0.013610
71.278992,0.009553,0.035020,0.008066
71.308983,0.019675,0.048617,0.021102
71.338974,0.039899,0.021806,0.029933
71.378963,0.009669,-0.005878,0.041635
71.408954,-0.097910,-0.021854,0.057270
71.438945,0.049920,0.021022,0.050204
71.478934,0.047635,0.015669,0.035566
71.508925,-0.011145,-0.032091,0.040280
71.538917,0.022311,-0.032918,0.022824
71.578905,0.015042,0.002990,-0.015845
71.608896,0.003457,-0.002535,0.001810
71.638888,0.007917,-0.026284,0.008434
71.678876,0.018933,-0.006404,0.035984
71.708867,0.024360,-0.014441,0.037200
71.738859,0.017089,-0.011296,0.033677
71.778847,0.029693,0.009912,0.037989
71.808839,0.019975,-0.010110,0.043031
71.838830,0.014187,-0.019197,0.052486
71.878818,0.019709,-0.005675,0.027865
71.908810,0.013450,-0.021609,0.003527
71.938801,0.027226,-0.032624,-0.023856
71.978790,0.048964,-0.047921,-0.013208
72.008785,-0.005382,-0.032775,-0.013347
72.051274,-0.011298,0.024277,-0.023320
72.081265,-0.022602,0.042445,-0.016591
72.111257,-0.029037,0.029753,-0.003114
72.151245,0.005536,0.021915,0.037612
72.181237,-0.009539,0.010051,0.040982
72.211228,-0.025099,0.012480,0.029100
72.251216,0.007136,0.010038,-0.011308
72.281208,0.015810,-0.007817,-0.022372
72.311199,0.007087,-0.015665,-0.014376
72.351187,0.021981,-0.011491,-0.005968
72.381179,0.002469,-0.004509,0.008021
72.411170,0.027526,-0.003587,0.008066
72.451159,0.002610,0.020142,0.014769
72.481150,0.001883,0.021529,0.015617
72.511141,0.022070,0.019482,0.019136
72.551130,0.004434,0.019022,0.020577
72.571122,0.010907,0.019405,0.019381
72.611111,0.023196,0.002033,0.006155
72.641102,0.009709,0.003021,0.002863
72.671094,0.022890,0.008800,0.016231
72.711082,0.012081,0.001038,-0.003622
72.741073,-0.007651,0.021859,0.004224
72.771065,0.019477,0.007271,0.006531
72.811053,0.017838,-0.013525,0.006581
72.841045,-0.000222,0.009622,0.017441
72.871036,0.024828,0.039854,0.014909
72.911024,-0.029436,0.068020,0.043442
72.941016,0.012626,0.025608,0.051719
72.971007,0.101566,-0.039219,0.039704
73.010997,0.034909,-0.031132,0.016544
73.040988,0.020832,-0.016076,-0.041994
73.070979,0.041525,0.000942,-0.069735
73.110968,0.038371,0.000096,-0.050039
73.140959,-0.067322,0.016983,-0.007089
73.170950,-0.022664,0.030246,-0.022189
73.210939,0.039009,0.035563,-0.048285
73.240930,-0.081703,0.056276,-0.042036
73.270921,0.008161,0.046096,-0.075035
73.310910,0.068088,0.026578,-0.101580
73.340901,0.021040,-0.013559,-0.044191
73.370893,0.063075,-0.059735,-0.011294
73.410881,0.103301,-0.047069,0.070408
73.440872,0.011228,-0.037338,0.128797
73.470864,-0.033927,-0.009418,0.121059
73.510852,0.038457,0.037045,0.028153
73.540843,0.114564,-0.017026,-0.015047
73.570835,0.051204,-0.050542,-0.024457
73.610823,0.009070,0.004719,-0.024367
73.640815,0.001021,0.071433,-0.017961
73.670806,-0.005334,0.059364,-0.001583
73.710794,0.008766,-0.003784,0.002790
73.740786,0.020303,-0.052517,-0.004090
73.770777,-0.126846,-0.112075,0.002260
73.810766,-0.123347,-0.061803,0.028076
73.840757,0.085562,0.083074,0.004242
73.870748,0.124415,0.102266,0.018602
73.910737,0.027249,-0.080779,0.110905
73.940728,-0.009866,-0.019993,0.087366
73.970719,0.033807,0.102558,0.018792
74.010703,-0.020601,0.091318,-0.034542
74.040694,-0.052566,0.024433,-0.046089
74.070685,0.012877,0.020104,-0.028738
74.110674,0.016722,0.012801,0.002547
74.140665,-0.013533,-0.018271,0.026747
74.170657,0.022169,-0.017630,0.040595
74.210645,-0.003924,0.014411,0.027142
74.240636,-0.026632,0.020761,-0.004014
74.270628,0.009547,0.013879,-0.026096
74.310616,0.016998,-0.005828,-0.002575
74.340607,-0.023335,-0.009261,0.013716
74.370599,0.009657,-0.002977,0.001337
74.410587,0.025613,0.007154,-0.004491
74.440579,-0.004240,-0.017454,0.004393
74.470570,0.009578,-0.028568,-0.003261
74.510558,0.003513,0.024941,-0.008138
74.540550,-0.005315,0.025548,0.015110
74.570541,0.000101,-0.011135,0.015405
74.610529,0.013411,0.042699,0.004618
74.640521,-0.006742,0.005661,0.005032
74.670512,0.027943,-0.033665,0.011438
74.710501,-0.005554,0.016733,0.024455
74.740492,-0.024827,0.025506,0.034015
74.770483,-0.021634,0.007780,0.037055
74.810472,0.011026,-0.001510,0.054369
74.840463,0.024976,-0.021228,0.045046
74.870454,0.017065,-0.029191,0.023790
74.910443,0.012512,-0.005979,0.000584
74.940434,0.015778,-0.000153,-0.012108
74.970426,0.001104,0.004863,-0.013536
75.010415,-0.003927,0.008787,0.004112
75.040406,-0.006312,0.017344,0.007089
75.070398,-0.008152,0.014953,0.005197
75.110386,0.010956,0.012733,-0.007006
75.140377,0.011833,0.006178,-0.009229
75.170369,-0.022488,0.008283,-0.012386
75.210357,-0.033483,0.025047,-0.024562
75.240349,0.065031,0.037572,-0.047292
75.270340,0.089783,0.027235,-0.022775
75.310328,0.062112,0.017802,0.006667
75.340320,-0.028609,0.031123,-0.008603
75.370311,-0.059244,0.008244,-0.044311
75.410299,0.018582,0.028083,-0.045601
75.440291,-0.006816,0.025685,-0.015504
75.480279,-0.058988,-0.003116,0.026103
75.510271,-0.032578,0.005929,0.002546
75.540262,-0.012909,0.023328,-0.038093
75.570253,-0.027484,0.009406,-0.036041
75.610242,-0.009151,-0.023187,-0.012481
75.640233,0.007032,-0.015589,-0.020838
75.670224,-0.015036,0.001311,-0.029967
75.710213,-0.001414,-0.002120,-0.006385
75.740204,0.011131,-0.012843,-0.000655
75.780193,-0.027207,0.024082,-0.004523
75.810184,-0.031498,0.041623,-0.008278
75.840175,-0.010953,0.037196,0.008072
75.880164,0.005845,0.002646,0.016569
75.910155,0.013473,-0.011635,0.019710
75.940146,0.026008,-0.009812,0.013251
75.980135,0.036228,-0.005351,0.019601
76.010125,0.006946,-0.007724,0.025102
76.042617,-0.008609,-0.007476,0.031553
76.082606,-0.000267,0.003065,0.012659
76.112597,-0.006067,0.014952,0.014827
76.142588,0.005508,-0.004077,0.001092
76.182577,0.009895,0.000030,-0.001000
76.212568,-0.009443,0.016367,0.003621
76.242560,0.001422,0.015667,-0.000641
76.282548,0.043515,0.015686,0.002942
76.312539,0.027860,0.036383,0.015102
76.342531,-0.038654,0.017868,0.032189
76.382519,0.022456,-0.019362,0.032581
76.412510,0.039228,-0.024121,0.031216
76.442502,-0.004931,-0.025915,0.019809
76.482490,0.000943,-0.007442,-0.001769
76.512482,0.000139,0.008877,-0.025043
76.542473,0.000655,-0.006081,-0.020676
76.582461,0.005601,-0.023508,-0.001460
76.612452,0.014530,-0.008163,0.019625
76.642444,0.005204,-0.006174,0.022577
76.682432,0.022987,-0.003019,0.013612
76.712424,0.021572,-0.001811,0.018207
76.742415,0.009083,-0.027752,0.017229
76.782403,-0.003600,-0.022228,-0.009932
76.812395,-0.002506,0.017339,-0.020902
76.842386,-0.016111,0.012527,-0.013169
76.882374,-0.008585,-0.023236,0.010662
76.912366,0.022807,-0.011527,0.009778
76.942357,0.031016,-0.011530,0.014901
76.982346,-0.000801,-0.017296,0.011754
77.012342,-0.032372,0.006125,-0.000831
77.042333,-0.001494,0.021936,-0.021352
77.082322,0.038029,-0.009920,-0.007408
77.112313,-0.009363,-0.025673,0.013990
77.142304,-0.000194,-0.009019,0.007714
77.182293,0.040151,0.015444,0.013953
77.212284,-0.015449,-0.012125,0.015773
77.242276,0.007364,-0.016040,0.011422
77.282264,0.018414,0.002953,0.006701
77.312255,-0.021714,-0.013930,0.000399
77.342247,-0.004006,-0.015370,0.003089
77.382235,0.051963,-0.016222,0.003330
77.412226,0.020870,-0.028761,0.013137
77.442218,-0.031753,-0.010656,0.008159
77.482206,-0.008649,0.028400,-0.012955
77.512198,-0.009615,0.025245,-0.012794
77.542189,-0.006739,0.002699,-0.011807
77.582177,0.020651,0.002560,0.008483
77.612169,-0.012652,0.008939,0.009418
77.642160,-0.027978,0.029094,-0.001974
77.682149,-0.015997,0.030507,-0.007019
77.712140,-0.023252,-0.001197,-0.010037
77.742131,-0.033872,-0.010044,-0.027805
77.782120,0.006746,-0.001321,-0.070560
77.812111,0.015694,-0.033086,-0.040841
77.842102,0.008089,-0.069184,-0.003996
77.882091,0.033983,-0.054033,0.025096
77.912082,0.025410,-0.006779,0.025044
77.942073,-0.003815,0.029609,0.031766
77.982062,0.038725,0.041547,0.040484
78.012049,0.006489,0.020794,0.046895
78.042041,-0.035964,0.010714,0.042303
78.082029,0.006380,0.033630,0.002444
78.112020,-0.002500,0.032015,-0.016356
78.142012,-0.022870,0.002319,-0.003148
78.182000,0.007458,-0.011828,-0.002555
78.211992,0.032491,-0.007766,0.000399
78.241983,0.029758,-0.010733,0.015540
78.281971,0.001513,0.013831,0.029435
78.311963,-0.000145,0.028805,0.035785
78.341954,0.017341,0.027533,0.020081
78.381942,0.011185,0.019948,0.016760
78.411934,0.005785,-0.002071,0.014583
78.441925,0.006836,-0.020920,0.002362
78.481914,0.024817,-0.055319,0.016654
78.511905,0.004192,-0.035227,0.007376
78.541896,0.046754,-0.005786,0.000307
78.581885,0.052484,-0.019765,0.003109
78.611876,0.036356,-0.039045,0.028261
78.641867,0.027103,-0.009827,0.036237
78.681856,0.048114,0.027804,0.042311
78.711847,-0.005135,0.018304,0.039310
78.741839,-0.051195,0.026362,0.022654
78.781827,-0.013503,0.044659,-0.021756
78.811818,0.013879,0.016897,-0.032371
78.841810,0.008391,-0.007773,-0.014585
78.881798,-0.002600,-0.025766,0.040623
78.911789,-0.012782,0.003327,0.050650
78.941781,0.016503,0.021850,0.052639
78.981769,0.015602,-0.003045,0.040818
79.011764,-0.002165,-0.009361,0.035152
79.041755,0.008612,0.009078,0.021281
79.081743,0.026169,0.002245,0.014218
79.111735,0.014938,-0.015755,0.024702
79.141726,0.022323,0.004722,0.019210
79.181715,0.105653,0.040032,0.010485
79.211706,0.071908,-0.001430,0.012920
79.241697,0.010301,-0.028665,-0.011651
79.281686,0.065055,0.013118,-0.022897
79.311677,0.053377,-0.022974,-0.025387
79.341668,0.033567,-0.045073,0.003928
79.381657,0.058867,-0.048486,0.035491
79.411648,0.042251,-0.031993,0.036143
79.441639,-0.019488,-0.018728,0.042202
79.481628,-0.018109,0.015695,0.042418
79.511619,-0.009343,0.044985,0.027805
79.541611,-0.044622,0.039539,0.021675
79.581599,-0.043796,0.035880,0.008296
79.611590,0.011519,0.020789,0.007094
79.641582,0.038119,-0.014818,0.007101
79.681570,0.009917,-0.014688,-0.005925
79.711562,-0.012985,0.016320,-0.029677
79.741553,0.007408,0.028462,-0.051255
79.781541,0.009143,-0.019256,-0.035849
79.811533,-0.027224,-0.006597,-0.018417
79.841524,0.034377,0.031382,0.002628
79.881512,0.045569,0.010172,0.064985
79.911504,-0.043418,-0.011537,0.075266
79.941495,0.005533,0.026294,0.058414
79.981484,0.000463,0.031892,0.010521
80.011471,-0.036668,0.007585,-0.003856
80.042712,0.005686,-0.004453,-0.015160
80.082701,0.025606,-0.019081,-0.021589
80.112692,-0.008195,0.001772,-0.002805
80.142683,-0.005112,0.013105,-0.018342
80.182672,0.003123,0.025717,0.005715
80.212663,0.002846,-0.005469,0.000842
80.242655,0.018783,-0.017315,0.001749
80.282643,0.002869,0.019972,0.008623
80.312634,-0.002019,0.010835,-0.000728
80.342626,0.020028,0.010791,0.011746
80.382614,-0.030970,0.023477,0.013013
80.412606,-0.008044,0.030345,0.017244
80.442597,0.023832,0.014740,0.022264
80.482585,-0.013110,-0.002062,-0.001143
80.512577,0.011452,0.012429,0.003706
80.542568,0.030566,0.004034,0.006442
80.572558,-0.013924,-0.008669,0.016285
80.612547,-0.012519,0.021498,0.016826
80.642538,0.017916,0.045353,0.013811
80.672529,-0.001746,0.034917,0.021154
80.712518,-0.009555,0.011778,0.026758
80.742509,-0.008290,0.018561,0.018464
80.772501,-0.005252,0.015704,0.002625
80.812489,0.007645,0.004369,0.009413
80.842480,-0.008656,-0.006192,0.019178
80.872472,0.006478,-0.019833,0.020595
80.912460,0.049255,-0.025416,0.013267
80.942452,0.021732,-0.024393,0.027404
80.972443,0.012946,-0.023334,0.024515
81.012431,0.020343,-0.020053,0.015156
81.042423,-0.001249,-0.011438,0.021499
81.072414,0.006226,-0.020287,0.007137
81.112402,0.028204,-0.034902,0.006068
81.142394,-0.008208,-0.015892,0.012013
81.172385,-0.011809,0.001321,0.004212
81.212374,0.012689,0.002528,0.015465
81.242365,-0.004591,-0.025592,0.019063
81.272356,-0.019183,-0.008164,0.005196
81.312345,0.034289,0.004279,-0.004336
81.342336,0.028256,-0.025408,-0.000680
81.372327,-0.003821,-0.029659,0.015402
81.412316,0.014842,-0.005708,0.007814
81.442307,0.010594,0.010491,0.008982
81.472299,-0.013966,-0.003192,0.013643
81.512287,0.001243,0.007916,0.006612
81.542278,0.013525,0.008272,-0.018382
81.572270,0.004519,0.003876,-0.007140
81.612258,0.003421,-0.004211,0.006238
81.642250,0.037534,-0.013507,0.016374
81.672241,0.015458,-0.006796,0.027533
81.712229,0.000514,-0.009282,0.019968
81.742221,0.013822,-0.013064,0.011808
81.772212,-0.023233,0.005167,0.000906
81.812200,-0.003150,-0.001684,-0.020913
81.842192,-0.003611,-0.000736,-0.015681
81.872183,-0.023383,0.005529,0.005987
81.912172,0.011091,0.004392,0.013472
81.942163,0.020014,-0.010256,0.016118
81.972154,0.010265,0.000968,0.021976
82.012143,0.002334,0.019002,0.023978
82.042134,-0.011753,0.010585,0.005332
82.072125,0.016049,0.007786,0.001715
82.112114,-0.002117,0.003696,0.012379
82.142105,-0.005511,-0.015094,0.009502
82.172097,0.030140,-0.013960,0.011182
82.212085,0.023827,-0.010011,0.016496
82.242076,0.017806,-0.014493,0.014868
82.272068,0.000639,0.003345,0.007795
82.312056,0.013906,0.003572,-0.002276
82.342047,0.022723,-0.013685,-0.009499
82.372039,-0.005115,-0.004124,-0.005494
82.412027,-0.003922,0.023360,-0.003363
82.442019,0.006693,0.029705,0.000351
82.472010,0.008217,0.011474,0.013889
82.511998,0.013822,0.002889,0.012873
82.541990,0.018808,0.018623,0.006458
82.571981,0.009506,0.019927,0.008755
82.611970,0.003422,-0.003434,0.004621
82.641961,0.024449,-0.015075,0.000994
82.671952,0.026662,-0.001108,-0.007531
82.711941,-0.008889,0.025013,0.009828
82.741932,0.005795,0.004563,-0.002536
82.771923,0.017120,0.007384,0.011145
82.811912,-0.005659,0.011966,0.011668
82.841903,-0.005543,0.013852,0.000413
82.871895,-0.012058,0.025694,-0.006625
82.911883,0.008939,0.024522,-0.007278
82.941874,0.019932,0.006570,0.005743
82.971866,0.000758,0.004387,0.022207
83.011854,-0.000707,0.024175,0.009882
83.041845,0.019019,0.010407,0.010671
83.071837,-0.005239,-0.002394,-0.001429
83.111825,0.001805,0.021066,-0.009329
83.141817,0.025496,0.023696,-0.011227
83.171808,-0.008988,0.008695,-0.007808
83.211796,-0.007122,0.012753,-0.000385
83.241788,0.011396,0.014055,-0.008287
83.271779,0.003727,0.011684,0.002797
83.311768,0.010065,-0.000672,0.010584
83.341759,0.027795,0.003815,0.014793
83.371750,-0.000707,0.009282,0.025710
83.411739,-0.009223,0.008353,0.010009
83.441730,0.004000,0.001482,-0.023471
83.471721,0.014521,0.002788,-0.023148
83.511710,-0.011033,-0.002511,0.006652
83.541701,0.007970,-0.012337,0.013314
83.571693,0.021207,-0.016711,0.019970
83.611681,-0.013659,0.006535,0.013165
83.641672,0.023935,0.008639,0.013243
83.671664,0.020909,-0.020461,0.018698
83.711652,-0.008225,-0.017340,0.007542
83.741643,0.016898,0.009048,-0.007683
83.771635,0.012981,0.003156,-0.002857
83.811623,-0.014427,-0.010728,0.013971
83.841615,0.030792,-0.000931,0.023602
83.871606,0.036651,-0.014901,0.032194
83.911594,0.009216,-0.026477,0.027302
83.941586,0.028889,-0.007081,0.013797
83.971577,0.003374,0.000354,0.002186
84.011566,-0.007340,-0.008393,0.003682
84.044057,0.003981,-0.002947,0.010995
84.084046,-0.002235,0.001027,0.017887
84.114037,0.019682,-0.015520,0.026049
84.144028,0.031740,-0.030337,0.016009
84.184017,-0.002331,-0.009824,0.012180
84.214008,0.023571,-0.004379,0.005187
84.244000,0.025973,-0.010645,0.004350
84.283988,-0.003478,-0.006765,0.009395
84.313979,0.015346,-0.003541,0.009381
84.343971,0.038837,-0.007391,0.015162
84.383959,-0.001756,-0.009783,0.011675
84.413950,-0.000009,0.002750,0.001731
84.443942,0.022385,0.017076,-0.000023
84.483930,-0.013789,-0.000415,0.010404
84.513922,-0.014639,-0.011702,0.017393
84.543913,0.014446,-0.011135,0.002183
84.573903,0.020351,-0.015147,-0.010406
84.613892,0.025398,-0.028520,0.001395
84.643883,0.033435,-0.028820,0.005369
84.673874,0.017508,-0.005128,0.025571
84.713863,-0.010676,0.009713,0.023646
84.743854,-0.012614,0.026185,0.015702
84.773846,-0.018460,0.028732,0.008383
84.813834,-0.003299,0.005662,0.005892
84.843825,0.011920,-0.005746,0.012695
84.873817,0.013892,-0.012062,0.009325
84.913805,0.027398,-0.022887,0.009091
84.943797,0.031929,-0.019966,0.003023
84.973788,0.018555,-0.006690,-0.008179
85.013776,0.005812,0.010634,0.001030
85.043768,0.026898,-0.008137,0.005712
85.073759,0.017390,0.001912,0.017301
85.113748,-0.003108,0.015785,0.008951
85.143739,0.037809,0.010859,0.003282
85.173730,0.027551,0.000234,0.006919
85.213719,-0.010137,0.023364,0.020223
85.243710,-0.010586,0.020765,0.018410
85.273701,-0.015159,0.005072,0.011333
85.313690,0.024264,-0.029752,-0.007879
85.343681,0.016793,-0.040094,-0.028552
85.373672,-0.008870,-0.011356,-0.036157
85.413661,0.038774,-0.003400,-0.015675
85.443652,0.019010,-0.019344,0.001150
85.473644,-0.015075,0.000489,0.014194
85.513632,-0.020699,0.038592,-0.002814
85.543623,-0.022366,0.036867,0.001585
85.573615,-0.017613,0.006419,-0.005415
85.613603,0.009332,0.024342,0.013394
85.643595,-0.010242,0.034020,0.020030
85.673586,-0.004625,0.020368,0.018373
85.713574,0.010131,0.023396,0.023693
85.743566,-0.009658,0.020539,0.021126
85.773557,-0.002054,0.019253,0.011514
85.813546,0.012721,0.014744,-0.002478
85.843537,0.006543,0.049362,0.008341
85.873528,0.026108,0.040457,0.012381
85.913517,-0.000795,0.012450,0.036211
85.943508,-0.000349,0.045240,0.041285
85.973499,0.039708,0.061829,0.036962
86.013488,-0.014431,-0.013329,0.043914
